[2026-09-06T12:51:32.883+0000] {processor.py:161} INFO - Started process (PID=234) to work on /opt/airflow/dags/financial_pipeline_dag.py
[2026-09-06T12:51:32.893+0000] {processor.py:830} INFO - Processing file /opt/airflow/dags/financial_pipeline_dag.py for tasks to queue
[2026-09-06T12:51:32.897+0000] {logging_mixin.py:188} INFO - [2026-09-06T12:51:32.896+0000] {dagbag.py:545} INFO - Filling up the DagBag from /opt/airflow/dags/financial_pipeline_dag.py
[2026-09-06T12:51:59.741+0000] {processor.py:161} INFO - Started process (PID=180) to work on /opt/airflow/dags/financial_pipeline_dag.py
[2026-09-06T12:51:59.742+0000] {processor.py:830} INFO - Processing file /opt/airflow/dags/financial_pipeline_dag.py for tasks to queue
[2026-09-06T12:51:59.745+0000] {logging_mixin.py:188} INFO - [2026-09-06T12:51:59.744+0000] {dagbag.py:545} INFO - Filling up the DagBag from /opt/airflow/dags/financial_pipeline_dag.py
[2026-09-06T12:51:59.957+0000] {logging_mixin.py:188} INFO - [2026-09-06T12:51:59.957+0000] {graph.py:719} INFO - Trying to parse the dbt project `transformations` using a dbt manifest...
[2026-09-06T12:51:59.999+0000] {logging_mixin.py:188} INFO - [2026-09-06T12:51:59.991+0000] {dagbag.py:355} ERROR - Failed to import: /opt/airflow/dags/financial_pipeline_dag.py
Traceback (most recent call last):
  File "/home/airflow/.local/lib/python3.11/site-packages/airflow/models/dagbag.py", line 351, in parse
    loader.exec_module(new_module)
  File "<frozen importlib._bootstrap_external>", line 940, in exec_module
  File "<frozen importlib._bootstrap>", line 241, in _call_with_frames_removed
  File "/opt/airflow/dags/financial_pipeline_dag.py", line 115, in <module>
    dbt_stg_overview = make_dbt_group("dbt_stg_overview", "stg_overview")
                       ^^^^^^^^^^^^^^^^^^^^^^^^^^^^^^^^^^^^^^^^^^^^^^^^^^
  File "/opt/airflow/dags/financial_pipeline_dag.py", line 102, in make_dbt_group
    return DbtTaskGroup(
           ^^^^^^^^^^^^^
  File "/home/airflow/.local/lib/python3.11/site-packages/cosmos/airflow/task_group.py", line 28, in __init__
    DbtToAirflowConverter.__init__(self, *args, **specific_kwargs(**kwargs))
  File "/home/airflow/.local/lib/python3.11/site-packages/cosmos/converter.py", line 261, in __init__
    self.dbt_graph.load(method=render_config.load_method, execution_mode=execution_config.execution_mode)
  File "/home/airflow/.local/lib/python3.11/site-packages/cosmos/dbt/graph.py", line 440, in load
    load_method[method]()
  File "/home/airflow/.local/lib/python3.11/site-packages/cosmos/dbt/graph.py", line 748, in load_from_dbt_manifest
    config=node_dict["config"],
           ~~~~~~~~~^^^^^^^^^^
KeyError: 'config'
[2026-09-06T12:52:00.001+0000] {processor.py:842} WARNING - No viable dags retrieved from /opt/airflow/dags/financial_pipeline_dag.py
[2026-09-06T12:52:00.046+0000] {processor.py:183} INFO - Processing /opt/airflow/dags/financial_pipeline_dag.py took 0.323 seconds
[2026-09-06T12:52:20.293+0000] {processor.py:161} INFO - Started process (PID=180) to work on /opt/airflow/dags/financial_pipeline_dag.py
[2026-09-06T12:52:20.296+0000] {processor.py:830} INFO - Processing file /opt/airflow/dags/financial_pipeline_dag.py for tasks to queue
[2026-09-06T12:52:20.317+0000] {logging_mixin.py:188} INFO - [2026-09-06T12:52:20.317+0000] {dagbag.py:545} INFO - Filling up the DagBag from /opt/airflow/dags/financial_pipeline_dag.py
[2026-09-06T12:52:20.718+0000] {logging_mixin.py:188} INFO - [2026-09-06T12:52:20.718+0000] {graph.py:719} INFO - Trying to parse the dbt project `transformations` using a dbt manifest...
[2026-09-06T12:52:20.757+0000] {logging_mixin.py:188} INFO - [2026-09-06T12:52:20.749+0000] {dagbag.py:355} ERROR - Failed to import: /opt/airflow/dags/financial_pipeline_dag.py
Traceback (most recent call last):
  File "/home/airflow/.local/lib/python3.11/site-packages/airflow/models/dagbag.py", line 351, in parse
    loader.exec_module(new_module)
  File "<frozen importlib._bootstrap_external>", line 940, in exec_module
  File "<frozen importlib._bootstrap>", line 241, in _call_with_frames_removed
  File "/opt/airflow/dags/financial_pipeline_dag.py", line 115, in <module>
    dbt_stg_overview = make_dbt_group("dbt_stg_overview", "stg_overview")
                       ^^^^^^^^^^^^^^^^^^^^^^^^^^^^^^^^^^^^^^^^^^^^^^^^^^
  File "/opt/airflow/dags/financial_pipeline_dag.py", line 102, in make_dbt_group
    return DbtTaskGroup(
           ^^^^^^^^^^^^^
  File "/home/airflow/.local/lib/python3.11/site-packages/cosmos/airflow/task_group.py", line 28, in __init__
    DbtToAirflowConverter.__init__(self, *args, **specific_kwargs(**kwargs))
  File "/home/airflow/.local/lib/python3.11/site-packages/cosmos/converter.py", line 261, in __init__
    self.dbt_graph.load(method=render_config.load_method, execution_mode=execution_config.execution_mode)
  File "/home/airflow/.local/lib/python3.11/site-packages/cosmos/dbt/graph.py", line 440, in load
    load_method[method]()
  File "/home/airflow/.local/lib/python3.11/site-packages/cosmos/dbt/graph.py", line 748, in load_from_dbt_manifest
    config=node_dict["config"],
           ~~~~~~~~~^^^^^^^^^^
KeyError: 'config'
[2026-09-06T12:52:20.760+0000] {processor.py:842} WARNING - No viable dags retrieved from /opt/airflow/dags/financial_pipeline_dag.py
[2026-09-06T12:52:20.802+0000] {processor.py:183} INFO - Processing /opt/airflow/dags/financial_pipeline_dag.py took 0.536 seconds
[2026-09-06T12:52:41.369+0000] {processor.py:161} INFO - Started process (PID=180) to work on /opt/airflow/dags/financial_pipeline_dag.py
[2026-09-06T12:52:41.376+0000] {processor.py:830} INFO - Processing file /opt/airflow/dags/financial_pipeline_dag.py for tasks to queue
[2026-09-06T12:52:41.378+0000] {logging_mixin.py:188} INFO - [2026-09-06T12:52:41.378+0000] {dagbag.py:545} INFO - Filling up the DagBag from /opt/airflow/dags/financial_pipeline_dag.py
[2026-09-06T12:52:41.725+0000] {logging_mixin.py:188} INFO - [2026-09-06T12:52:41.725+0000] {graph.py:719} INFO - Trying to parse the dbt project `transformations` using a dbt manifest...
[2026-09-06T12:52:41.758+0000] {logging_mixin.py:188} INFO - [2026-09-06T12:52:41.751+0000] {dagbag.py:355} ERROR - Failed to import: /opt/airflow/dags/financial_pipeline_dag.py
Traceback (most recent call last):
  File "/home/airflow/.local/lib/python3.11/site-packages/airflow/models/dagbag.py", line 351, in parse
    loader.exec_module(new_module)
  File "<frozen importlib._bootstrap_external>", line 940, in exec_module
  File "<frozen importlib._bootstrap>", line 241, in _call_with_frames_removed
  File "/opt/airflow/dags/financial_pipeline_dag.py", line 115, in <module>
    dbt_stg_overview = make_dbt_group("dbt_stg_overview", "stg_overview")
                       ^^^^^^^^^^^^^^^^^^^^^^^^^^^^^^^^^^^^^^^^^^^^^^^^^^
  File "/opt/airflow/dags/financial_pipeline_dag.py", line 102, in make_dbt_group
    return DbtTaskGroup(
           ^^^^^^^^^^^^^
  File "/home/airflow/.local/lib/python3.11/site-packages/cosmos/airflow/task_group.py", line 28, in __init__
    DbtToAirflowConverter.__init__(self, *args, **specific_kwargs(**kwargs))
  File "/home/airflow/.local/lib/python3.11/site-packages/cosmos/converter.py", line 261, in __init__
    self.dbt_graph.load(method=render_config.load_method, execution_mode=execution_config.execution_mode)
  File "/home/airflow/.local/lib/python3.11/site-packages/cosmos/dbt/graph.py", line 440, in load
    load_method[method]()
  File "/home/airflow/.local/lib/python3.11/site-packages/cosmos/dbt/graph.py", line 748, in load_from_dbt_manifest
    config=node_dict["config"],
           ~~~~~~~~~^^^^^^^^^^
KeyError: 'config'
[2026-09-06T12:52:41.759+0000] {processor.py:842} WARNING - No viable dags retrieved from /opt/airflow/dags/financial_pipeline_dag.py
[2026-09-06T12:52:41.790+0000] {processor.py:183} INFO - Processing /opt/airflow/dags/financial_pipeline_dag.py took 0.468 seconds
[2026-09-06T12:53:08.508+0000] {processor.py:161} INFO - Started process (PID=180) to work on /opt/airflow/dags/financial_pipeline_dag.py
[2026-09-06T12:53:08.511+0000] {processor.py:830} INFO - Processing file /opt/airflow/dags/financial_pipeline_dag.py for tasks to queue
[2026-09-06T12:53:08.515+0000] {logging_mixin.py:188} INFO - [2026-09-06T12:53:08.514+0000] {dagbag.py:545} INFO - Filling up the DagBag from /opt/airflow/dags/financial_pipeline_dag.py
[2026-09-06T12:53:08.753+0000] {logging_mixin.py:188} INFO - [2026-09-06T12:53:08.753+0000] {graph.py:719} INFO - Trying to parse the dbt project `transformations` using a dbt manifest...
[2026-09-06T12:53:08.778+0000] {logging_mixin.py:188} INFO - [2026-09-06T12:53:08.774+0000] {dagbag.py:355} ERROR - Failed to import: /opt/airflow/dags/financial_pipeline_dag.py
Traceback (most recent call last):
  File "/home/airflow/.local/lib/python3.11/site-packages/airflow/models/dagbag.py", line 351, in parse
    loader.exec_module(new_module)
  File "<frozen importlib._bootstrap_external>", line 940, in exec_module
  File "<frozen importlib._bootstrap>", line 241, in _call_with_frames_removed
  File "/opt/airflow/dags/financial_pipeline_dag.py", line 115, in <module>
    dbt_stg_overview = make_dbt_group("dbt_stg_overview", "stg_overview")
                       ^^^^^^^^^^^^^^^^^^^^^^^^^^^^^^^^^^^^^^^^^^^^^^^^^^
  File "/opt/airflow/dags/financial_pipeline_dag.py", line 102, in make_dbt_group
    return DbtTaskGroup(
           ^^^^^^^^^^^^^
  File "/home/airflow/.local/lib/python3.11/site-packages/cosmos/airflow/task_group.py", line 28, in __init__
    DbtToAirflowConverter.__init__(self, *args, **specific_kwargs(**kwargs))
  File "/home/airflow/.local/lib/python3.11/site-packages/cosmos/converter.py", line 261, in __init__
    self.dbt_graph.load(method=render_config.load_method, execution_mode=execution_config.execution_mode)
  File "/home/airflow/.local/lib/python3.11/site-packages/cosmos/dbt/graph.py", line 440, in load
    load_method[method]()
  File "/home/airflow/.local/lib/python3.11/site-packages/cosmos/dbt/graph.py", line 748, in load_from_dbt_manifest
    config=node_dict["config"],
           ~~~~~~~~~^^^^^^^^^^
KeyError: 'config'
[2026-09-06T12:53:08.780+0000] {processor.py:842} WARNING - No viable dags retrieved from /opt/airflow/dags/financial_pipeline_dag.py
[2026-09-06T12:53:08.856+0000] {processor.py:183} INFO - Processing /opt/airflow/dags/financial_pipeline_dag.py took 0.362 seconds
[2026-09-06T12:53:29.196+0000] {processor.py:161} INFO - Started process (PID=180) to work on /opt/airflow/dags/financial_pipeline_dag.py
[2026-09-06T12:53:29.198+0000] {processor.py:830} INFO - Processing file /opt/airflow/dags/financial_pipeline_dag.py for tasks to queue
[2026-09-06T12:53:29.200+0000] {logging_mixin.py:188} INFO - [2026-09-06T12:53:29.199+0000] {dagbag.py:545} INFO - Filling up the DagBag from /opt/airflow/dags/financial_pipeline_dag.py
[2026-09-06T12:53:29.378+0000] {logging_mixin.py:188} INFO - [2026-09-06T12:53:29.378+0000] {graph.py:719} INFO - Trying to parse the dbt project `transformations` using a dbt manifest...
[2026-09-06T12:53:29.399+0000] {logging_mixin.py:188} INFO - [2026-09-06T12:53:29.396+0000] {dagbag.py:355} ERROR - Failed to import: /opt/airflow/dags/financial_pipeline_dag.py
Traceback (most recent call last):
  File "/home/airflow/.local/lib/python3.11/site-packages/airflow/models/dagbag.py", line 351, in parse
    loader.exec_module(new_module)
  File "<frozen importlib._bootstrap_external>", line 940, in exec_module
  File "<frozen importlib._bootstrap>", line 241, in _call_with_frames_removed
  File "/opt/airflow/dags/financial_pipeline_dag.py", line 115, in <module>
    dbt_stg_overview = make_dbt_group("dbt_stg_overview", "stg_overview")
                       ^^^^^^^^^^^^^^^^^^^^^^^^^^^^^^^^^^^^^^^^^^^^^^^^^^
  File "/opt/airflow/dags/financial_pipeline_dag.py", line 102, in make_dbt_group
    return DbtTaskGroup(
           ^^^^^^^^^^^^^
  File "/home/airflow/.local/lib/python3.11/site-packages/cosmos/airflow/task_group.py", line 28, in __init__
    DbtToAirflowConverter.__init__(self, *args, **specific_kwargs(**kwargs))
  File "/home/airflow/.local/lib/python3.11/site-packages/cosmos/converter.py", line 261, in __init__
    self.dbt_graph.load(method=render_config.load_method, execution_mode=execution_config.execution_mode)
  File "/home/airflow/.local/lib/python3.11/site-packages/cosmos/dbt/graph.py", line 440, in load
    load_method[method]()
  File "/home/airflow/.local/lib/python3.11/site-packages/cosmos/dbt/graph.py", line 748, in load_from_dbt_manifest
    config=node_dict["config"],
           ~~~~~~~~~^^^^^^^^^^
KeyError: 'config'
[2026-09-06T12:53:29.401+0000] {processor.py:842} WARNING - No viable dags retrieved from /opt/airflow/dags/financial_pipeline_dag.py
[2026-09-06T12:53:29.424+0000] {processor.py:183} INFO - Processing /opt/airflow/dags/financial_pipeline_dag.py took 0.236 seconds
[2026-09-06T12:53:46.297+0000] {processor.py:161} INFO - Started process (PID=180) to work on /opt/airflow/dags/financial_pipeline_dag.py
[2026-09-06T12:53:46.299+0000] {processor.py:830} INFO - Processing file /opt/airflow/dags/financial_pipeline_dag.py for tasks to queue
[2026-09-06T12:53:46.302+0000] {logging_mixin.py:188} INFO - [2026-09-06T12:53:46.301+0000] {dagbag.py:545} INFO - Filling up the DagBag from /opt/airflow/dags/financial_pipeline_dag.py
[2026-09-06T12:53:46.485+0000] {logging_mixin.py:188} INFO - [2026-09-06T12:53:46.485+0000] {graph.py:719} INFO - Trying to parse the dbt project `transformations` using a dbt manifest...
[2026-09-06T12:53:46.529+0000] {logging_mixin.py:188} INFO - [2026-09-06T12:53:46.517+0000] {dagbag.py:355} ERROR - Failed to import: /opt/airflow/dags/financial_pipeline_dag.py
Traceback (most recent call last):
  File "/home/airflow/.local/lib/python3.11/site-packages/airflow/models/dagbag.py", line 351, in parse
    loader.exec_module(new_module)
  File "<frozen importlib._bootstrap_external>", line 940, in exec_module
  File "<frozen importlib._bootstrap>", line 241, in _call_with_frames_removed
  File "/opt/airflow/dags/financial_pipeline_dag.py", line 115, in <module>
    dbt_stg_overview = make_dbt_group("dbt_stg_overview", "stg_overview")
                       ^^^^^^^^^^^^^^^^^^^^^^^^^^^^^^^^^^^^^^^^^^^^^^^^^^
  File "/opt/airflow/dags/financial_pipeline_dag.py", line 102, in make_dbt_group
    return DbtTaskGroup(
           ^^^^^^^^^^^^^
  File "/home/airflow/.local/lib/python3.11/site-packages/cosmos/airflow/task_group.py", line 28, in __init__
    DbtToAirflowConverter.__init__(self, *args, **specific_kwargs(**kwargs))
  File "/home/airflow/.local/lib/python3.11/site-packages/cosmos/converter.py", line 261, in __init__
    self.dbt_graph.load(method=render_config.load_method, execution_mode=execution_config.execution_mode)
  File "/home/airflow/.local/lib/python3.11/site-packages/cosmos/dbt/graph.py", line 440, in load
    load_method[method]()
  File "/home/airflow/.local/lib/python3.11/site-packages/cosmos/dbt/graph.py", line 748, in load_from_dbt_manifest
    config=node_dict["config"],
           ~~~~~~~~~^^^^^^^^^^
KeyError: 'config'
[2026-09-06T12:53:46.531+0000] {processor.py:842} WARNING - No viable dags retrieved from /opt/airflow/dags/financial_pipeline_dag.py
[2026-09-06T12:53:46.564+0000] {processor.py:183} INFO - Processing /opt/airflow/dags/financial_pipeline_dag.py took 0.281 seconds
[2026-09-06T12:54:05.366+0000] {processor.py:161} INFO - Started process (PID=180) to work on /opt/airflow/dags/financial_pipeline_dag.py
[2026-09-06T12:54:05.368+0000] {processor.py:830} INFO - Processing file /opt/airflow/dags/financial_pipeline_dag.py for tasks to queue
[2026-09-06T12:54:05.371+0000] {logging_mixin.py:188} INFO - [2026-09-06T12:54:05.370+0000] {dagbag.py:545} INFO - Filling up the DagBag from /opt/airflow/dags/financial_pipeline_dag.py
[2026-09-06T12:54:05.602+0000] {logging_mixin.py:188} INFO - [2026-09-06T12:54:05.601+0000] {graph.py:719} INFO - Trying to parse the dbt project `transformations` using a dbt manifest...
[2026-09-06T12:54:05.633+0000] {logging_mixin.py:188} INFO - [2026-09-06T12:54:05.626+0000] {dagbag.py:355} ERROR - Failed to import: /opt/airflow/dags/financial_pipeline_dag.py
Traceback (most recent call last):
  File "/home/airflow/.local/lib/python3.11/site-packages/airflow/models/dagbag.py", line 351, in parse
    loader.exec_module(new_module)
  File "<frozen importlib._bootstrap_external>", line 940, in exec_module
  File "<frozen importlib._bootstrap>", line 241, in _call_with_frames_removed
  File "/opt/airflow/dags/financial_pipeline_dag.py", line 115, in <module>
    dbt_stg_overview = make_dbt_group("dbt_stg_overview", "stg_overview")
                       ^^^^^^^^^^^^^^^^^^^^^^^^^^^^^^^^^^^^^^^^^^^^^^^^^^
  File "/opt/airflow/dags/financial_pipeline_dag.py", line 102, in make_dbt_group
    return DbtTaskGroup(
           ^^^^^^^^^^^^^
  File "/home/airflow/.local/lib/python3.11/site-packages/cosmos/airflow/task_group.py", line 28, in __init__
    DbtToAirflowConverter.__init__(self, *args, **specific_kwargs(**kwargs))
  File "/home/airflow/.local/lib/python3.11/site-packages/cosmos/converter.py", line 261, in __init__
    self.dbt_graph.load(method=render_config.load_method, execution_mode=execution_config.execution_mode)
  File "/home/airflow/.local/lib/python3.11/site-packages/cosmos/dbt/graph.py", line 440, in load
    load_method[method]()
  File "/home/airflow/.local/lib/python3.11/site-packages/cosmos/dbt/graph.py", line 748, in load_from_dbt_manifest
    config=node_dict["config"],
           ~~~~~~~~~^^^^^^^^^^
KeyError: 'config'
[2026-09-06T12:54:05.636+0000] {processor.py:842} WARNING - No viable dags retrieved from /opt/airflow/dags/financial_pipeline_dag.py
[2026-09-06T12:54:05.668+0000] {processor.py:183} INFO - Processing /opt/airflow/dags/financial_pipeline_dag.py took 0.323 seconds
[2026-09-06T12:54:23.217+0000] {processor.py:161} INFO - Started process (PID=180) to work on /opt/airflow/dags/financial_pipeline_dag.py
[2026-09-06T12:54:23.325+0000] {processor.py:830} INFO - Processing file /opt/airflow/dags/financial_pipeline_dag.py for tasks to queue
[2026-09-06T12:54:23.327+0000] {logging_mixin.py:188} INFO - [2026-09-06T12:54:23.326+0000] {dagbag.py:545} INFO - Filling up the DagBag from /opt/airflow/dags/financial_pipeline_dag.py
[2026-09-06T12:54:23.521+0000] {logging_mixin.py:188} INFO - [2026-09-06T12:54:23.519+0000] {graph.py:719} INFO - Trying to parse the dbt project `transformations` using a dbt manifest...
[2026-09-06T12:54:23.550+0000] {logging_mixin.py:188} INFO - [2026-09-06T12:54:23.546+0000] {dagbag.py:355} ERROR - Failed to import: /opt/airflow/dags/financial_pipeline_dag.py
Traceback (most recent call last):
  File "/home/airflow/.local/lib/python3.11/site-packages/airflow/models/dagbag.py", line 351, in parse
    loader.exec_module(new_module)
  File "<frozen importlib._bootstrap_external>", line 940, in exec_module
  File "<frozen importlib._bootstrap>", line 241, in _call_with_frames_removed
  File "/opt/airflow/dags/financial_pipeline_dag.py", line 115, in <module>
    dbt_stg_overview = make_dbt_group("dbt_stg_overview", "stg_overview")
                       ^^^^^^^^^^^^^^^^^^^^^^^^^^^^^^^^^^^^^^^^^^^^^^^^^^
  File "/opt/airflow/dags/financial_pipeline_dag.py", line 102, in make_dbt_group
    return DbtTaskGroup(
           ^^^^^^^^^^^^^
  File "/home/airflow/.local/lib/python3.11/site-packages/cosmos/airflow/task_group.py", line 28, in __init__
    DbtToAirflowConverter.__init__(self, *args, **specific_kwargs(**kwargs))
  File "/home/airflow/.local/lib/python3.11/site-packages/cosmos/converter.py", line 261, in __init__
    self.dbt_graph.load(method=render_config.load_method, execution_mode=execution_config.execution_mode)
  File "/home/airflow/.local/lib/python3.11/site-packages/cosmos/dbt/graph.py", line 440, in load
    load_method[method]()
  File "/home/airflow/.local/lib/python3.11/site-packages/cosmos/dbt/graph.py", line 748, in load_from_dbt_manifest
    config=node_dict["config"],
           ~~~~~~~~~^^^^^^^^^^
KeyError: 'config'
[2026-09-06T12:54:23.552+0000] {processor.py:842} WARNING - No viable dags retrieved from /opt/airflow/dags/financial_pipeline_dag.py
[2026-09-06T12:54:23.582+0000] {processor.py:183} INFO - Processing /opt/airflow/dags/financial_pipeline_dag.py took 0.373 seconds
[2026-09-06T12:54:39.740+0000] {processor.py:161} INFO - Started process (PID=180) to work on /opt/airflow/dags/financial_pipeline_dag.py
[2026-09-06T12:54:39.741+0000] {processor.py:830} INFO - Processing file /opt/airflow/dags/financial_pipeline_dag.py for tasks to queue
[2026-09-06T12:54:39.744+0000] {logging_mixin.py:188} INFO - [2026-09-06T12:54:39.743+0000] {dagbag.py:545} INFO - Filling up the DagBag from /opt/airflow/dags/financial_pipeline_dag.py
[2026-09-06T12:54:39.906+0000] {logging_mixin.py:188} INFO - [2026-09-06T12:54:39.906+0000] {graph.py:719} INFO - Trying to parse the dbt project `transformations` using a dbt manifest...
[2026-09-06T12:54:39.930+0000] {logging_mixin.py:188} INFO - [2026-09-06T12:54:39.925+0000] {dagbag.py:355} ERROR - Failed to import: /opt/airflow/dags/financial_pipeline_dag.py
Traceback (most recent call last):
  File "/home/airflow/.local/lib/python3.11/site-packages/airflow/models/dagbag.py", line 351, in parse
    loader.exec_module(new_module)
  File "<frozen importlib._bootstrap_external>", line 940, in exec_module
  File "<frozen importlib._bootstrap>", line 241, in _call_with_frames_removed
  File "/opt/airflow/dags/financial_pipeline_dag.py", line 115, in <module>
    dbt_stg_overview = make_dbt_group("dbt_stg_overview", "stg_overview")
                       ^^^^^^^^^^^^^^^^^^^^^^^^^^^^^^^^^^^^^^^^^^^^^^^^^^
  File "/opt/airflow/dags/financial_pipeline_dag.py", line 102, in make_dbt_group
    return DbtTaskGroup(
           ^^^^^^^^^^^^^
  File "/home/airflow/.local/lib/python3.11/site-packages/cosmos/airflow/task_group.py", line 28, in __init__
    DbtToAirflowConverter.__init__(self, *args, **specific_kwargs(**kwargs))
  File "/home/airflow/.local/lib/python3.11/site-packages/cosmos/converter.py", line 261, in __init__
    self.dbt_graph.load(method=render_config.load_method, execution_mode=execution_config.execution_mode)
  File "/home/airflow/.local/lib/python3.11/site-packages/cosmos/dbt/graph.py", line 440, in load
    load_method[method]()
  File "/home/airflow/.local/lib/python3.11/site-packages/cosmos/dbt/graph.py", line 748, in load_from_dbt_manifest
    config=node_dict["config"],
           ~~~~~~~~~^^^^^^^^^^
KeyError: 'config'
[2026-09-06T12:54:39.932+0000] {processor.py:842} WARNING - No viable dags retrieved from /opt/airflow/dags/financial_pipeline_dag.py
[2026-09-06T12:54:39.954+0000] {processor.py:183} INFO - Processing /opt/airflow/dags/financial_pipeline_dag.py took 0.224 seconds
[2026-09-06T12:54:53.882+0000] {processor.py:161} INFO - Started process (PID=180) to work on /opt/airflow/dags/financial_pipeline_dag.py
[2026-09-06T12:54:53.883+0000] {processor.py:830} INFO - Processing file /opt/airflow/dags/financial_pipeline_dag.py for tasks to queue
[2026-09-06T12:54:53.884+0000] {logging_mixin.py:188} INFO - [2026-09-06T12:54:53.884+0000] {dagbag.py:545} INFO - Filling up the DagBag from /opt/airflow/dags/financial_pipeline_dag.py
[2026-09-06T12:54:54.033+0000] {logging_mixin.py:188} INFO - [2026-09-06T12:54:54.032+0000] {graph.py:719} INFO - Trying to parse the dbt project `transformations` using a dbt manifest...
[2026-09-06T12:54:54.052+0000] {logging_mixin.py:188} INFO - [2026-09-06T12:54:54.048+0000] {dagbag.py:355} ERROR - Failed to import: /opt/airflow/dags/financial_pipeline_dag.py
Traceback (most recent call last):
  File "/home/airflow/.local/lib/python3.11/site-packages/airflow/models/dagbag.py", line 351, in parse
    loader.exec_module(new_module)
  File "<frozen importlib._bootstrap_external>", line 940, in exec_module
  File "<frozen importlib._bootstrap>", line 241, in _call_with_frames_removed
  File "/opt/airflow/dags/financial_pipeline_dag.py", line 115, in <module>
    dbt_stg_overview = make_dbt_group("dbt_stg_overview", "stg_overview")
                       ^^^^^^^^^^^^^^^^^^^^^^^^^^^^^^^^^^^^^^^^^^^^^^^^^^
  File "/opt/airflow/dags/financial_pipeline_dag.py", line 102, in make_dbt_group
    return DbtTaskGroup(
           ^^^^^^^^^^^^^
  File "/home/airflow/.local/lib/python3.11/site-packages/cosmos/airflow/task_group.py", line 28, in __init__
    DbtToAirflowConverter.__init__(self, *args, **specific_kwargs(**kwargs))
  File "/home/airflow/.local/lib/python3.11/site-packages/cosmos/converter.py", line 261, in __init__
    self.dbt_graph.load(method=render_config.load_method, execution_mode=execution_config.execution_mode)
  File "/home/airflow/.local/lib/python3.11/site-packages/cosmos/dbt/graph.py", line 440, in load
    load_method[method]()
  File "/home/airflow/.local/lib/python3.11/site-packages/cosmos/dbt/graph.py", line 748, in load_from_dbt_manifest
    config=node_dict["config"],
           ~~~~~~~~~^^^^^^^^^^
KeyError: 'config'
[2026-09-06T12:54:54.053+0000] {processor.py:842} WARNING - No viable dags retrieved from /opt/airflow/dags/financial_pipeline_dag.py
[2026-09-06T12:54:54.070+0000] {processor.py:183} INFO - Processing /opt/airflow/dags/financial_pipeline_dag.py took 0.199 seconds
[2026-09-06T12:55:11.345+0000] {processor.py:161} INFO - Started process (PID=180) to work on /opt/airflow/dags/financial_pipeline_dag.py
[2026-09-06T12:55:11.347+0000] {processor.py:830} INFO - Processing file /opt/airflow/dags/financial_pipeline_dag.py for tasks to queue
[2026-09-06T12:55:11.353+0000] {logging_mixin.py:188} INFO - [2026-09-06T12:55:11.352+0000] {dagbag.py:545} INFO - Filling up the DagBag from /opt/airflow/dags/financial_pipeline_dag.py
[2026-09-06T12:55:11.564+0000] {logging_mixin.py:188} INFO - [2026-09-06T12:55:11.563+0000] {graph.py:719} INFO - Trying to parse the dbt project `transformations` using a dbt manifest...
[2026-09-06T12:55:11.591+0000] {logging_mixin.py:188} INFO - [2026-09-06T12:55:11.585+0000] {dagbag.py:355} ERROR - Failed to import: /opt/airflow/dags/financial_pipeline_dag.py
Traceback (most recent call last):
  File "/home/airflow/.local/lib/python3.11/site-packages/airflow/models/dagbag.py", line 351, in parse
    loader.exec_module(new_module)
  File "<frozen importlib._bootstrap_external>", line 940, in exec_module
  File "<frozen importlib._bootstrap>", line 241, in _call_with_frames_removed
  File "/opt/airflow/dags/financial_pipeline_dag.py", line 115, in <module>
    dbt_stg_overview = make_dbt_group("dbt_stg_overview", "stg_overview")
                       ^^^^^^^^^^^^^^^^^^^^^^^^^^^^^^^^^^^^^^^^^^^^^^^^^^
  File "/opt/airflow/dags/financial_pipeline_dag.py", line 102, in make_dbt_group
    return DbtTaskGroup(
           ^^^^^^^^^^^^^
  File "/home/airflow/.local/lib/python3.11/site-packages/cosmos/airflow/task_group.py", line 28, in __init__
    DbtToAirflowConverter.__init__(self, *args, **specific_kwargs(**kwargs))
  File "/home/airflow/.local/lib/python3.11/site-packages/cosmos/converter.py", line 261, in __init__
    self.dbt_graph.load(method=render_config.load_method, execution_mode=execution_config.execution_mode)
  File "/home/airflow/.local/lib/python3.11/site-packages/cosmos/dbt/graph.py", line 440, in load
    load_method[method]()
  File "/home/airflow/.local/lib/python3.11/site-packages/cosmos/dbt/graph.py", line 748, in load_from_dbt_manifest
    config=node_dict["config"],
           ~~~~~~~~~^^^^^^^^^^
KeyError: 'config'
[2026-09-06T12:55:11.593+0000] {processor.py:842} WARNING - No viable dags retrieved from /opt/airflow/dags/financial_pipeline_dag.py
[2026-09-06T12:55:11.619+0000] {processor.py:183} INFO - Processing /opt/airflow/dags/financial_pipeline_dag.py took 0.283 seconds
[2026-09-06T12:55:29.893+0000] {processor.py:161} INFO - Started process (PID=180) to work on /opt/airflow/dags/financial_pipeline_dag.py
[2026-09-06T12:55:29.895+0000] {processor.py:830} INFO - Processing file /opt/airflow/dags/financial_pipeline_dag.py for tasks to queue
[2026-09-06T12:55:29.898+0000] {logging_mixin.py:188} INFO - [2026-09-06T12:55:29.897+0000] {dagbag.py:545} INFO - Filling up the DagBag from /opt/airflow/dags/financial_pipeline_dag.py
[2026-09-06T12:55:30.116+0000] {logging_mixin.py:188} INFO - [2026-09-06T12:55:30.116+0000] {graph.py:719} INFO - Trying to parse the dbt project `transformations` using a dbt manifest...
[2026-09-06T12:55:30.139+0000] {logging_mixin.py:188} INFO - [2026-09-06T12:55:30.134+0000] {dagbag.py:355} ERROR - Failed to import: /opt/airflow/dags/financial_pipeline_dag.py
Traceback (most recent call last):
  File "/home/airflow/.local/lib/python3.11/site-packages/airflow/models/dagbag.py", line 351, in parse
    loader.exec_module(new_module)
  File "<frozen importlib._bootstrap_external>", line 940, in exec_module
  File "<frozen importlib._bootstrap>", line 241, in _call_with_frames_removed
  File "/opt/airflow/dags/financial_pipeline_dag.py", line 115, in <module>
    dbt_stg_overview = make_dbt_group("dbt_stg_overview", "stg_overview")
                       ^^^^^^^^^^^^^^^^^^^^^^^^^^^^^^^^^^^^^^^^^^^^^^^^^^
  File "/opt/airflow/dags/financial_pipeline_dag.py", line 102, in make_dbt_group
    return DbtTaskGroup(
           ^^^^^^^^^^^^^
  File "/home/airflow/.local/lib/python3.11/site-packages/cosmos/airflow/task_group.py", line 28, in __init__
    DbtToAirflowConverter.__init__(self, *args, **specific_kwargs(**kwargs))
  File "/home/airflow/.local/lib/python3.11/site-packages/cosmos/converter.py", line 261, in __init__
    self.dbt_graph.load(method=render_config.load_method, execution_mode=execution_config.execution_mode)
  File "/home/airflow/.local/lib/python3.11/site-packages/cosmos/dbt/graph.py", line 440, in load
    load_method[method]()
  File "/home/airflow/.local/lib/python3.11/site-packages/cosmos/dbt/graph.py", line 748, in load_from_dbt_manifest
    config=node_dict["config"],
           ~~~~~~~~~^^^^^^^^^^
KeyError: 'config'
[2026-09-06T12:55:30.140+0000] {processor.py:842} WARNING - No viable dags retrieved from /opt/airflow/dags/financial_pipeline_dag.py
[2026-09-06T12:55:30.164+0000] {processor.py:183} INFO - Processing /opt/airflow/dags/financial_pipeline_dag.py took 0.282 seconds
[2026-09-06T12:55:46.365+0000] {processor.py:161} INFO - Started process (PID=180) to work on /opt/airflow/dags/financial_pipeline_dag.py
[2026-09-06T12:55:46.366+0000] {processor.py:830} INFO - Processing file /opt/airflow/dags/financial_pipeline_dag.py for tasks to queue
[2026-09-06T12:55:46.372+0000] {logging_mixin.py:188} INFO - [2026-09-06T12:55:46.371+0000] {dagbag.py:545} INFO - Filling up the DagBag from /opt/airflow/dags/financial_pipeline_dag.py
[2026-09-06T12:55:46.546+0000] {logging_mixin.py:188} INFO - [2026-09-06T12:55:46.546+0000] {graph.py:719} INFO - Trying to parse the dbt project `transformations` using a dbt manifest...
[2026-09-06T12:55:46.571+0000] {logging_mixin.py:188} INFO - [2026-09-06T12:55:46.566+0000] {dagbag.py:355} ERROR - Failed to import: /opt/airflow/dags/financial_pipeline_dag.py
Traceback (most recent call last):
  File "/home/airflow/.local/lib/python3.11/site-packages/airflow/models/dagbag.py", line 351, in parse
    loader.exec_module(new_module)
  File "<frozen importlib._bootstrap_external>", line 940, in exec_module
  File "<frozen importlib._bootstrap>", line 241, in _call_with_frames_removed
  File "/opt/airflow/dags/financial_pipeline_dag.py", line 115, in <module>
    dbt_stg_overview = make_dbt_group("dbt_stg_overview", "stg_overview")
                       ^^^^^^^^^^^^^^^^^^^^^^^^^^^^^^^^^^^^^^^^^^^^^^^^^^
  File "/opt/airflow/dags/financial_pipeline_dag.py", line 102, in make_dbt_group
    return DbtTaskGroup(
           ^^^^^^^^^^^^^
  File "/home/airflow/.local/lib/python3.11/site-packages/cosmos/airflow/task_group.py", line 28, in __init__
    DbtToAirflowConverter.__init__(self, *args, **specific_kwargs(**kwargs))
  File "/home/airflow/.local/lib/python3.11/site-packages/cosmos/converter.py", line 261, in __init__
    self.dbt_graph.load(method=render_config.load_method, execution_mode=execution_config.execution_mode)
  File "/home/airflow/.local/lib/python3.11/site-packages/cosmos/dbt/graph.py", line 440, in load
    load_method[method]()
  File "/home/airflow/.local/lib/python3.11/site-packages/cosmos/dbt/graph.py", line 748, in load_from_dbt_manifest
    config=node_dict["config"],
           ~~~~~~~~~^^^^^^^^^^
KeyError: 'config'
[2026-09-06T12:55:46.572+0000] {processor.py:842} WARNING - No viable dags retrieved from /opt/airflow/dags/financial_pipeline_dag.py
[2026-09-06T12:55:46.595+0000] {processor.py:183} INFO - Processing /opt/airflow/dags/financial_pipeline_dag.py took 0.240 seconds
[2026-09-06T12:56:01.070+0000] {processor.py:161} INFO - Started process (PID=180) to work on /opt/airflow/dags/financial_pipeline_dag.py
[2026-09-06T12:56:01.071+0000] {processor.py:830} INFO - Processing file /opt/airflow/dags/financial_pipeline_dag.py for tasks to queue
[2026-09-06T12:56:01.074+0000] {logging_mixin.py:188} INFO - [2026-09-06T12:56:01.073+0000] {dagbag.py:545} INFO - Filling up the DagBag from /opt/airflow/dags/financial_pipeline_dag.py
[2026-09-06T12:56:01.216+0000] {logging_mixin.py:188} INFO - [2026-09-06T12:56:01.216+0000] {graph.py:719} INFO - Trying to parse the dbt project `transformations` using a dbt manifest...
[2026-09-06T12:56:01.236+0000] {logging_mixin.py:188} INFO - [2026-09-06T12:56:01.232+0000] {dagbag.py:355} ERROR - Failed to import: /opt/airflow/dags/financial_pipeline_dag.py
Traceback (most recent call last):
  File "/home/airflow/.local/lib/python3.11/site-packages/airflow/models/dagbag.py", line 351, in parse
    loader.exec_module(new_module)
  File "<frozen importlib._bootstrap_external>", line 940, in exec_module
  File "<frozen importlib._bootstrap>", line 241, in _call_with_frames_removed
  File "/opt/airflow/dags/financial_pipeline_dag.py", line 115, in <module>
    dbt_stg_overview = make_dbt_group("dbt_stg_overview", "stg_overview")
                       ^^^^^^^^^^^^^^^^^^^^^^^^^^^^^^^^^^^^^^^^^^^^^^^^^^
  File "/opt/airflow/dags/financial_pipeline_dag.py", line 102, in make_dbt_group
    return DbtTaskGroup(
           ^^^^^^^^^^^^^
  File "/home/airflow/.local/lib/python3.11/site-packages/cosmos/airflow/task_group.py", line 28, in __init__
    DbtToAirflowConverter.__init__(self, *args, **specific_kwargs(**kwargs))
  File "/home/airflow/.local/lib/python3.11/site-packages/cosmos/converter.py", line 261, in __init__
    self.dbt_graph.load(method=render_config.load_method, execution_mode=execution_config.execution_mode)
  File "/home/airflow/.local/lib/python3.11/site-packages/cosmos/dbt/graph.py", line 440, in load
    load_method[method]()
  File "/home/airflow/.local/lib/python3.11/site-packages/cosmos/dbt/graph.py", line 748, in load_from_dbt_manifest
    config=node_dict["config"],
           ~~~~~~~~~^^^^^^^^^^
KeyError: 'config'
[2026-09-06T12:56:01.238+0000] {processor.py:842} WARNING - No viable dags retrieved from /opt/airflow/dags/financial_pipeline_dag.py
[2026-09-06T12:56:01.260+0000] {processor.py:183} INFO - Processing /opt/airflow/dags/financial_pipeline_dag.py took 0.202 seconds
[2026-09-06T12:56:16.329+0000] {processor.py:161} INFO - Started process (PID=180) to work on /opt/airflow/dags/financial_pipeline_dag.py
[2026-09-06T12:56:16.330+0000] {processor.py:830} INFO - Processing file /opt/airflow/dags/financial_pipeline_dag.py for tasks to queue
[2026-09-06T12:56:16.332+0000] {logging_mixin.py:188} INFO - [2026-09-06T12:56:16.331+0000] {dagbag.py:545} INFO - Filling up the DagBag from /opt/airflow/dags/financial_pipeline_dag.py
[2026-09-06T12:56:16.458+0000] {logging_mixin.py:188} INFO - [2026-09-06T12:56:16.457+0000] {graph.py:719} INFO - Trying to parse the dbt project `transformations` using a dbt manifest...
[2026-09-06T12:56:16.476+0000] {logging_mixin.py:188} INFO - [2026-09-06T12:56:16.473+0000] {dagbag.py:355} ERROR - Failed to import: /opt/airflow/dags/financial_pipeline_dag.py
Traceback (most recent call last):
  File "/home/airflow/.local/lib/python3.11/site-packages/airflow/models/dagbag.py", line 351, in parse
    loader.exec_module(new_module)
  File "<frozen importlib._bootstrap_external>", line 940, in exec_module
  File "<frozen importlib._bootstrap>", line 241, in _call_with_frames_removed
  File "/opt/airflow/dags/financial_pipeline_dag.py", line 115, in <module>
    dbt_stg_overview = make_dbt_group("dbt_stg_overview", "stg_overview")
                       ^^^^^^^^^^^^^^^^^^^^^^^^^^^^^^^^^^^^^^^^^^^^^^^^^^
  File "/opt/airflow/dags/financial_pipeline_dag.py", line 102, in make_dbt_group
    return DbtTaskGroup(
           ^^^^^^^^^^^^^
  File "/home/airflow/.local/lib/python3.11/site-packages/cosmos/airflow/task_group.py", line 28, in __init__
    DbtToAirflowConverter.__init__(self, *args, **specific_kwargs(**kwargs))
  File "/home/airflow/.local/lib/python3.11/site-packages/cosmos/converter.py", line 261, in __init__
    self.dbt_graph.load(method=render_config.load_method, execution_mode=execution_config.execution_mode)
  File "/home/airflow/.local/lib/python3.11/site-packages/cosmos/dbt/graph.py", line 440, in load
    load_method[method]()
  File "/home/airflow/.local/lib/python3.11/site-packages/cosmos/dbt/graph.py", line 748, in load_from_dbt_manifest
    config=node_dict["config"],
           ~~~~~~~~~^^^^^^^^^^
KeyError: 'config'
[2026-09-06T12:56:16.477+0000] {processor.py:842} WARNING - No viable dags retrieved from /opt/airflow/dags/financial_pipeline_dag.py
[2026-09-06T12:56:16.496+0000] {processor.py:183} INFO - Processing /opt/airflow/dags/financial_pipeline_dag.py took 0.177 seconds
[2026-09-06T12:56:31.537+0000] {processor.py:161} INFO - Started process (PID=180) to work on /opt/airflow/dags/financial_pipeline_dag.py
[2026-09-06T12:56:31.539+0000] {processor.py:830} INFO - Processing file /opt/airflow/dags/financial_pipeline_dag.py for tasks to queue
[2026-09-06T12:56:31.543+0000] {logging_mixin.py:188} INFO - [2026-09-06T12:56:31.541+0000] {dagbag.py:545} INFO - Filling up the DagBag from /opt/airflow/dags/financial_pipeline_dag.py
[2026-09-06T12:56:31.701+0000] {logging_mixin.py:188} INFO - [2026-09-06T12:56:31.701+0000] {graph.py:719} INFO - Trying to parse the dbt project `transformations` using a dbt manifest...
[2026-09-06T12:56:31.723+0000] {logging_mixin.py:188} INFO - [2026-09-06T12:56:31.718+0000] {dagbag.py:355} ERROR - Failed to import: /opt/airflow/dags/financial_pipeline_dag.py
Traceback (most recent call last):
  File "/home/airflow/.local/lib/python3.11/site-packages/airflow/models/dagbag.py", line 351, in parse
    loader.exec_module(new_module)
  File "<frozen importlib._bootstrap_external>", line 940, in exec_module
  File "<frozen importlib._bootstrap>", line 241, in _call_with_frames_removed
  File "/opt/airflow/dags/financial_pipeline_dag.py", line 115, in <module>
    dbt_stg_overview = make_dbt_group("dbt_stg_overview", "stg_overview")
                       ^^^^^^^^^^^^^^^^^^^^^^^^^^^^^^^^^^^^^^^^^^^^^^^^^^
  File "/opt/airflow/dags/financial_pipeline_dag.py", line 102, in make_dbt_group
    return DbtTaskGroup(
           ^^^^^^^^^^^^^
  File "/home/airflow/.local/lib/python3.11/site-packages/cosmos/airflow/task_group.py", line 28, in __init__
    DbtToAirflowConverter.__init__(self, *args, **specific_kwargs(**kwargs))
  File "/home/airflow/.local/lib/python3.11/site-packages/cosmos/converter.py", line 261, in __init__
    self.dbt_graph.load(method=render_config.load_method, execution_mode=execution_config.execution_mode)
  File "/home/airflow/.local/lib/python3.11/site-packages/cosmos/dbt/graph.py", line 440, in load
    load_method[method]()
  File "/home/airflow/.local/lib/python3.11/site-packages/cosmos/dbt/graph.py", line 748, in load_from_dbt_manifest
    config=node_dict["config"],
           ~~~~~~~~~^^^^^^^^^^
KeyError: 'config'
[2026-09-06T12:56:31.724+0000] {processor.py:842} WARNING - No viable dags retrieved from /opt/airflow/dags/financial_pipeline_dag.py
[2026-09-06T12:56:31.746+0000] {processor.py:183} INFO - Processing /opt/airflow/dags/financial_pipeline_dag.py took 0.219 seconds
[2026-09-06T12:56:46.933+0000] {processor.py:161} INFO - Started process (PID=181) to work on /opt/airflow/dags/financial_pipeline_dag.py
[2026-09-06T12:56:46.934+0000] {processor.py:830} INFO - Processing file /opt/airflow/dags/financial_pipeline_dag.py for tasks to queue
[2026-09-06T12:56:46.936+0000] {logging_mixin.py:188} INFO - [2026-09-06T12:56:46.936+0000] {dagbag.py:545} INFO - Filling up the DagBag from /opt/airflow/dags/financial_pipeline_dag.py
[2026-09-06T12:56:47.104+0000] {logging_mixin.py:188} INFO - [2026-09-06T12:56:47.104+0000] {graph.py:719} INFO - Trying to parse the dbt project `transformations` using a dbt manifest...
[2026-09-06T12:56:47.126+0000] {logging_mixin.py:188} INFO - [2026-09-06T12:56:47.121+0000] {dagbag.py:355} ERROR - Failed to import: /opt/airflow/dags/financial_pipeline_dag.py
Traceback (most recent call last):
  File "/home/airflow/.local/lib/python3.11/site-packages/airflow/models/dagbag.py", line 351, in parse
    loader.exec_module(new_module)
  File "<frozen importlib._bootstrap_external>", line 940, in exec_module
  File "<frozen importlib._bootstrap>", line 241, in _call_with_frames_removed
  File "/opt/airflow/dags/financial_pipeline_dag.py", line 115, in <module>
    dbt_stg_overview = make_dbt_group("dbt_stg_overview", "stg_overview")
                       ^^^^^^^^^^^^^^^^^^^^^^^^^^^^^^^^^^^^^^^^^^^^^^^^^^
  File "/opt/airflow/dags/financial_pipeline_dag.py", line 102, in make_dbt_group
    return DbtTaskGroup(
           ^^^^^^^^^^^^^
  File "/home/airflow/.local/lib/python3.11/site-packages/cosmos/airflow/task_group.py", line 28, in __init__
    DbtToAirflowConverter.__init__(self, *args, **specific_kwargs(**kwargs))
  File "/home/airflow/.local/lib/python3.11/site-packages/cosmos/converter.py", line 261, in __init__
    self.dbt_graph.load(method=render_config.load_method, execution_mode=execution_config.execution_mode)
  File "/home/airflow/.local/lib/python3.11/site-packages/cosmos/dbt/graph.py", line 440, in load
    load_method[method]()
  File "/home/airflow/.local/lib/python3.11/site-packages/cosmos/dbt/graph.py", line 748, in load_from_dbt_manifest
    config=node_dict["config"],
           ~~~~~~~~~^^^^^^^^^^
KeyError: 'config'
[2026-09-06T12:56:47.128+0000] {processor.py:842} WARNING - No viable dags retrieved from /opt/airflow/dags/financial_pipeline_dag.py
[2026-09-06T12:56:47.148+0000] {processor.py:183} INFO - Processing /opt/airflow/dags/financial_pipeline_dag.py took 0.226 seconds
[2026-09-06T12:57:02.126+0000] {processor.py:161} INFO - Started process (PID=180) to work on /opt/airflow/dags/financial_pipeline_dag.py
[2026-09-06T12:57:02.130+0000] {processor.py:830} INFO - Processing file /opt/airflow/dags/financial_pipeline_dag.py for tasks to queue
[2026-09-06T12:57:02.131+0000] {logging_mixin.py:188} INFO - [2026-09-06T12:57:02.131+0000] {dagbag.py:545} INFO - Filling up the DagBag from /opt/airflow/dags/financial_pipeline_dag.py
[2026-09-06T12:57:02.321+0000] {logging_mixin.py:188} INFO - [2026-09-06T12:57:02.321+0000] {graph.py:719} INFO - Trying to parse the dbt project `transformations` using a dbt manifest...
[2026-09-06T12:57:02.343+0000] {logging_mixin.py:188} INFO - [2026-09-06T12:57:02.339+0000] {dagbag.py:355} ERROR - Failed to import: /opt/airflow/dags/financial_pipeline_dag.py
Traceback (most recent call last):
  File "/home/airflow/.local/lib/python3.11/site-packages/airflow/models/dagbag.py", line 351, in parse
    loader.exec_module(new_module)
  File "<frozen importlib._bootstrap_external>", line 940, in exec_module
  File "<frozen importlib._bootstrap>", line 241, in _call_with_frames_removed
  File "/opt/airflow/dags/financial_pipeline_dag.py", line 115, in <module>
    dbt_stg_overview = make_dbt_group("dbt_stg_overview", "stg_overview")
                       ^^^^^^^^^^^^^^^^^^^^^^^^^^^^^^^^^^^^^^^^^^^^^^^^^^
  File "/opt/airflow/dags/financial_pipeline_dag.py", line 102, in make_dbt_group
    return DbtTaskGroup(
           ^^^^^^^^^^^^^
  File "/home/airflow/.local/lib/python3.11/site-packages/cosmos/airflow/task_group.py", line 28, in __init__
    DbtToAirflowConverter.__init__(self, *args, **specific_kwargs(**kwargs))
  File "/home/airflow/.local/lib/python3.11/site-packages/cosmos/converter.py", line 261, in __init__
    self.dbt_graph.load(method=render_config.load_method, execution_mode=execution_config.execution_mode)
  File "/home/airflow/.local/lib/python3.11/site-packages/cosmos/dbt/graph.py", line 440, in load
    load_method[method]()
  File "/home/airflow/.local/lib/python3.11/site-packages/cosmos/dbt/graph.py", line 748, in load_from_dbt_manifest
    config=node_dict["config"],
           ~~~~~~~~~^^^^^^^^^^
KeyError: 'config'
[2026-09-06T12:57:02.344+0000] {processor.py:842} WARNING - No viable dags retrieved from /opt/airflow/dags/financial_pipeline_dag.py
[2026-09-06T12:57:02.365+0000] {processor.py:183} INFO - Processing /opt/airflow/dags/financial_pipeline_dag.py took 0.252 seconds
[2026-09-06T12:57:16.941+0000] {processor.py:161} INFO - Started process (PID=180) to work on /opt/airflow/dags/financial_pipeline_dag.py
[2026-09-06T12:57:16.943+0000] {processor.py:830} INFO - Processing file /opt/airflow/dags/financial_pipeline_dag.py for tasks to queue
[2026-09-06T12:57:16.945+0000] {logging_mixin.py:188} INFO - [2026-09-06T12:57:16.944+0000] {dagbag.py:545} INFO - Filling up the DagBag from /opt/airflow/dags/financial_pipeline_dag.py
[2026-09-06T12:57:17.088+0000] {logging_mixin.py:188} INFO - [2026-09-06T12:57:17.088+0000] {graph.py:719} INFO - Trying to parse the dbt project `transformations` using a dbt manifest...
[2026-09-06T12:57:17.107+0000] {logging_mixin.py:188} INFO - [2026-09-06T12:57:17.103+0000] {dagbag.py:355} ERROR - Failed to import: /opt/airflow/dags/financial_pipeline_dag.py
Traceback (most recent call last):
  File "/home/airflow/.local/lib/python3.11/site-packages/airflow/models/dagbag.py", line 351, in parse
    loader.exec_module(new_module)
  File "<frozen importlib._bootstrap_external>", line 940, in exec_module
  File "<frozen importlib._bootstrap>", line 241, in _call_with_frames_removed
  File "/opt/airflow/dags/financial_pipeline_dag.py", line 115, in <module>
    dbt_stg_overview = make_dbt_group("dbt_stg_overview", "stg_overview")
                       ^^^^^^^^^^^^^^^^^^^^^^^^^^^^^^^^^^^^^^^^^^^^^^^^^^
  File "/opt/airflow/dags/financial_pipeline_dag.py", line 102, in make_dbt_group
    return DbtTaskGroup(
           ^^^^^^^^^^^^^
  File "/home/airflow/.local/lib/python3.11/site-packages/cosmos/airflow/task_group.py", line 28, in __init__
    DbtToAirflowConverter.__init__(self, *args, **specific_kwargs(**kwargs))
  File "/home/airflow/.local/lib/python3.11/site-packages/cosmos/converter.py", line 261, in __init__
    self.dbt_graph.load(method=render_config.load_method, execution_mode=execution_config.execution_mode)
  File "/home/airflow/.local/lib/python3.11/site-packages/cosmos/dbt/graph.py", line 440, in load
    load_method[method]()
  File "/home/airflow/.local/lib/python3.11/site-packages/cosmos/dbt/graph.py", line 748, in load_from_dbt_manifest
    config=node_dict["config"],
           ~~~~~~~~~^^^^^^^^^^
KeyError: 'config'
[2026-09-06T12:57:17.108+0000] {processor.py:842} WARNING - No viable dags retrieved from /opt/airflow/dags/financial_pipeline_dag.py
[2026-09-06T12:57:17.126+0000] {processor.py:183} INFO - Processing /opt/airflow/dags/financial_pipeline_dag.py took 0.196 seconds
[2026-09-06T12:57:34.168+0000] {processor.py:161} INFO - Started process (PID=180) to work on /opt/airflow/dags/financial_pipeline_dag.py
[2026-09-06T12:57:34.170+0000] {processor.py:830} INFO - Processing file /opt/airflow/dags/financial_pipeline_dag.py for tasks to queue
[2026-09-06T12:57:34.179+0000] {logging_mixin.py:188} INFO - [2026-09-06T12:57:34.179+0000] {dagbag.py:545} INFO - Filling up the DagBag from /opt/airflow/dags/financial_pipeline_dag.py
[2026-09-06T12:57:34.461+0000] {logging_mixin.py:188} INFO - [2026-09-06T12:57:34.461+0000] {graph.py:719} INFO - Trying to parse the dbt project `transformations` using a dbt manifest...
[2026-09-06T12:57:34.499+0000] {logging_mixin.py:188} INFO - [2026-09-06T12:57:34.492+0000] {dagbag.py:355} ERROR - Failed to import: /opt/airflow/dags/financial_pipeline_dag.py
Traceback (most recent call last):
  File "/home/airflow/.local/lib/python3.11/site-packages/airflow/models/dagbag.py", line 351, in parse
    loader.exec_module(new_module)
  File "<frozen importlib._bootstrap_external>", line 940, in exec_module
  File "<frozen importlib._bootstrap>", line 241, in _call_with_frames_removed
  File "/opt/airflow/dags/financial_pipeline_dag.py", line 115, in <module>
    dbt_stg_overview = make_dbt_group("dbt_stg_overview", "stg_overview")
                       ^^^^^^^^^^^^^^^^^^^^^^^^^^^^^^^^^^^^^^^^^^^^^^^^^^
  File "/opt/airflow/dags/financial_pipeline_dag.py", line 102, in make_dbt_group
    return DbtTaskGroup(
           ^^^^^^^^^^^^^
  File "/home/airflow/.local/lib/python3.11/site-packages/cosmos/airflow/task_group.py", line 28, in __init__
    DbtToAirflowConverter.__init__(self, *args, **specific_kwargs(**kwargs))
  File "/home/airflow/.local/lib/python3.11/site-packages/cosmos/converter.py", line 261, in __init__
    self.dbt_graph.load(method=render_config.load_method, execution_mode=execution_config.execution_mode)
  File "/home/airflow/.local/lib/python3.11/site-packages/cosmos/dbt/graph.py", line 440, in load
    load_method[method]()
  File "/home/airflow/.local/lib/python3.11/site-packages/cosmos/dbt/graph.py", line 748, in load_from_dbt_manifest
    config=node_dict["config"],
           ~~~~~~~~~^^^^^^^^^^
KeyError: 'config'
[2026-09-06T12:57:34.502+0000] {processor.py:842} WARNING - No viable dags retrieved from /opt/airflow/dags/financial_pipeline_dag.py
[2026-09-06T12:57:34.536+0000] {processor.py:183} INFO - Processing /opt/airflow/dags/financial_pipeline_dag.py took 0.380 seconds
[2026-09-06T12:57:50.296+0000] {processor.py:161} INFO - Started process (PID=180) to work on /opt/airflow/dags/financial_pipeline_dag.py
[2026-09-06T12:57:50.297+0000] {processor.py:830} INFO - Processing file /opt/airflow/dags/financial_pipeline_dag.py for tasks to queue
[2026-09-06T12:57:50.300+0000] {logging_mixin.py:188} INFO - [2026-09-06T12:57:50.300+0000] {dagbag.py:545} INFO - Filling up the DagBag from /opt/airflow/dags/financial_pipeline_dag.py
[2026-09-06T12:57:50.472+0000] {logging_mixin.py:188} INFO - [2026-09-06T12:57:50.472+0000] {graph.py:719} INFO - Trying to parse the dbt project `transformations` using a dbt manifest...
[2026-09-06T12:57:50.495+0000] {logging_mixin.py:188} INFO - [2026-09-06T12:57:50.491+0000] {dagbag.py:355} ERROR - Failed to import: /opt/airflow/dags/financial_pipeline_dag.py
Traceback (most recent call last):
  File "/home/airflow/.local/lib/python3.11/site-packages/airflow/models/dagbag.py", line 351, in parse
    loader.exec_module(new_module)
  File "<frozen importlib._bootstrap_external>", line 940, in exec_module
  File "<frozen importlib._bootstrap>", line 241, in _call_with_frames_removed
  File "/opt/airflow/dags/financial_pipeline_dag.py", line 115, in <module>
    dbt_stg_overview = make_dbt_group("dbt_stg_overview", "stg_overview")
                       ^^^^^^^^^^^^^^^^^^^^^^^^^^^^^^^^^^^^^^^^^^^^^^^^^^
  File "/opt/airflow/dags/financial_pipeline_dag.py", line 102, in make_dbt_group
    return DbtTaskGroup(
           ^^^^^^^^^^^^^
  File "/home/airflow/.local/lib/python3.11/site-packages/cosmos/airflow/task_group.py", line 28, in __init__
    DbtToAirflowConverter.__init__(self, *args, **specific_kwargs(**kwargs))
  File "/home/airflow/.local/lib/python3.11/site-packages/cosmos/converter.py", line 261, in __init__
    self.dbt_graph.load(method=render_config.load_method, execution_mode=execution_config.execution_mode)
  File "/home/airflow/.local/lib/python3.11/site-packages/cosmos/dbt/graph.py", line 440, in load
    load_method[method]()
  File "/home/airflow/.local/lib/python3.11/site-packages/cosmos/dbt/graph.py", line 748, in load_from_dbt_manifest
    config=node_dict["config"],
           ~~~~~~~~~^^^^^^^^^^
KeyError: 'config'
[2026-09-06T12:57:50.497+0000] {processor.py:842} WARNING - No viable dags retrieved from /opt/airflow/dags/financial_pipeline_dag.py
[2026-09-06T12:57:50.517+0000] {processor.py:183} INFO - Processing /opt/airflow/dags/financial_pipeline_dag.py took 0.232 seconds
[2026-09-06T12:58:05.136+0000] {processor.py:161} INFO - Started process (PID=180) to work on /opt/airflow/dags/financial_pipeline_dag.py
[2026-09-06T12:58:05.137+0000] {processor.py:830} INFO - Processing file /opt/airflow/dags/financial_pipeline_dag.py for tasks to queue
[2026-09-06T12:58:05.140+0000] {logging_mixin.py:188} INFO - [2026-09-06T12:58:05.139+0000] {dagbag.py:545} INFO - Filling up the DagBag from /opt/airflow/dags/financial_pipeline_dag.py
[2026-09-06T12:58:05.292+0000] {logging_mixin.py:188} INFO - [2026-09-06T12:58:05.292+0000] {graph.py:719} INFO - Trying to parse the dbt project `transformations` using a dbt manifest...
[2026-09-06T12:58:05.315+0000] {logging_mixin.py:188} INFO - [2026-09-06T12:58:05.310+0000] {dagbag.py:355} ERROR - Failed to import: /opt/airflow/dags/financial_pipeline_dag.py
Traceback (most recent call last):
  File "/home/airflow/.local/lib/python3.11/site-packages/airflow/models/dagbag.py", line 351, in parse
    loader.exec_module(new_module)
  File "<frozen importlib._bootstrap_external>", line 940, in exec_module
  File "<frozen importlib._bootstrap>", line 241, in _call_with_frames_removed
  File "/opt/airflow/dags/financial_pipeline_dag.py", line 115, in <module>
    dbt_stg_overview = make_dbt_group("dbt_stg_overview", "stg_overview")
                       ^^^^^^^^^^^^^^^^^^^^^^^^^^^^^^^^^^^^^^^^^^^^^^^^^^
  File "/opt/airflow/dags/financial_pipeline_dag.py", line 102, in make_dbt_group
    return DbtTaskGroup(
           ^^^^^^^^^^^^^
  File "/home/airflow/.local/lib/python3.11/site-packages/cosmos/airflow/task_group.py", line 28, in __init__
    DbtToAirflowConverter.__init__(self, *args, **specific_kwargs(**kwargs))
  File "/home/airflow/.local/lib/python3.11/site-packages/cosmos/converter.py", line 261, in __init__
    self.dbt_graph.load(method=render_config.load_method, execution_mode=execution_config.execution_mode)
  File "/home/airflow/.local/lib/python3.11/site-packages/cosmos/dbt/graph.py", line 440, in load
    load_method[method]()
  File "/home/airflow/.local/lib/python3.11/site-packages/cosmos/dbt/graph.py", line 748, in load_from_dbt_manifest
    config=node_dict["config"],
           ~~~~~~~~~^^^^^^^^^^
KeyError: 'config'
[2026-09-06T12:58:05.316+0000] {processor.py:842} WARNING - No viable dags retrieved from /opt/airflow/dags/financial_pipeline_dag.py
[2026-09-06T12:58:05.338+0000] {processor.py:183} INFO - Processing /opt/airflow/dags/financial_pipeline_dag.py took 0.211 seconds
[2026-09-06T12:58:18.909+0000] {processor.py:161} INFO - Started process (PID=180) to work on /opt/airflow/dags/financial_pipeline_dag.py
[2026-09-06T12:58:18.910+0000] {processor.py:830} INFO - Processing file /opt/airflow/dags/financial_pipeline_dag.py for tasks to queue
[2026-09-06T12:58:18.911+0000] {logging_mixin.py:188} INFO - [2026-09-06T12:58:18.911+0000] {dagbag.py:545} INFO - Filling up the DagBag from /opt/airflow/dags/financial_pipeline_dag.py
[2026-09-06T12:58:19.048+0000] {logging_mixin.py:188} INFO - [2026-09-06T12:58:19.048+0000] {graph.py:719} INFO - Trying to parse the dbt project `transformations` using a dbt manifest...
[2026-09-06T12:58:19.068+0000] {logging_mixin.py:188} INFO - [2026-09-06T12:58:19.064+0000] {dagbag.py:355} ERROR - Failed to import: /opt/airflow/dags/financial_pipeline_dag.py
Traceback (most recent call last):
  File "/home/airflow/.local/lib/python3.11/site-packages/airflow/models/dagbag.py", line 351, in parse
    loader.exec_module(new_module)
  File "<frozen importlib._bootstrap_external>", line 940, in exec_module
  File "<frozen importlib._bootstrap>", line 241, in _call_with_frames_removed
  File "/opt/airflow/dags/financial_pipeline_dag.py", line 115, in <module>
    dbt_stg_overview = make_dbt_group("dbt_stg_overview", "stg_overview")
                       ^^^^^^^^^^^^^^^^^^^^^^^^^^^^^^^^^^^^^^^^^^^^^^^^^^
  File "/opt/airflow/dags/financial_pipeline_dag.py", line 102, in make_dbt_group
    return DbtTaskGroup(
           ^^^^^^^^^^^^^
  File "/home/airflow/.local/lib/python3.11/site-packages/cosmos/airflow/task_group.py", line 28, in __init__
    DbtToAirflowConverter.__init__(self, *args, **specific_kwargs(**kwargs))
  File "/home/airflow/.local/lib/python3.11/site-packages/cosmos/converter.py", line 261, in __init__
    self.dbt_graph.load(method=render_config.load_method, execution_mode=execution_config.execution_mode)
  File "/home/airflow/.local/lib/python3.11/site-packages/cosmos/dbt/graph.py", line 440, in load
    load_method[method]()
  File "/home/airflow/.local/lib/python3.11/site-packages/cosmos/dbt/graph.py", line 748, in load_from_dbt_manifest
    config=node_dict["config"],
           ~~~~~~~~~^^^^^^^^^^
KeyError: 'config'
[2026-09-06T12:58:19.069+0000] {processor.py:842} WARNING - No viable dags retrieved from /opt/airflow/dags/financial_pipeline_dag.py
[2026-09-06T12:58:19.087+0000] {processor.py:183} INFO - Processing /opt/airflow/dags/financial_pipeline_dag.py took 0.189 seconds
[2026-09-06T12:58:33.156+0000] {processor.py:161} INFO - Started process (PID=180) to work on /opt/airflow/dags/financial_pipeline_dag.py
[2026-09-06T12:58:33.157+0000] {processor.py:830} INFO - Processing file /opt/airflow/dags/financial_pipeline_dag.py for tasks to queue
[2026-09-06T12:58:33.159+0000] {logging_mixin.py:188} INFO - [2026-09-06T12:58:33.159+0000] {dagbag.py:545} INFO - Filling up the DagBag from /opt/airflow/dags/financial_pipeline_dag.py
[2026-09-06T12:58:33.291+0000] {logging_mixin.py:188} INFO - [2026-09-06T12:58:33.291+0000] {graph.py:719} INFO - Trying to parse the dbt project `transformations` using a dbt manifest...
[2026-09-06T12:58:33.310+0000] {logging_mixin.py:188} INFO - [2026-09-06T12:58:33.306+0000] {dagbag.py:355} ERROR - Failed to import: /opt/airflow/dags/financial_pipeline_dag.py
Traceback (most recent call last):
  File "/home/airflow/.local/lib/python3.11/site-packages/airflow/models/dagbag.py", line 351, in parse
    loader.exec_module(new_module)
  File "<frozen importlib._bootstrap_external>", line 940, in exec_module
  File "<frozen importlib._bootstrap>", line 241, in _call_with_frames_removed
  File "/opt/airflow/dags/financial_pipeline_dag.py", line 115, in <module>
    dbt_stg_overview = make_dbt_group("dbt_stg_overview", "stg_overview")
                       ^^^^^^^^^^^^^^^^^^^^^^^^^^^^^^^^^^^^^^^^^^^^^^^^^^
  File "/opt/airflow/dags/financial_pipeline_dag.py", line 102, in make_dbt_group
    return DbtTaskGroup(
           ^^^^^^^^^^^^^
  File "/home/airflow/.local/lib/python3.11/site-packages/cosmos/airflow/task_group.py", line 28, in __init__
    DbtToAirflowConverter.__init__(self, *args, **specific_kwargs(**kwargs))
  File "/home/airflow/.local/lib/python3.11/site-packages/cosmos/converter.py", line 261, in __init__
    self.dbt_graph.load(method=render_config.load_method, execution_mode=execution_config.execution_mode)
  File "/home/airflow/.local/lib/python3.11/site-packages/cosmos/dbt/graph.py", line 440, in load
    load_method[method]()
  File "/home/airflow/.local/lib/python3.11/site-packages/cosmos/dbt/graph.py", line 748, in load_from_dbt_manifest
    config=node_dict["config"],
           ~~~~~~~~~^^^^^^^^^^
KeyError: 'config'
[2026-09-06T12:58:33.311+0000] {processor.py:842} WARNING - No viable dags retrieved from /opt/airflow/dags/financial_pipeline_dag.py
[2026-09-06T12:58:33.330+0000] {processor.py:183} INFO - Processing /opt/airflow/dags/financial_pipeline_dag.py took 0.185 seconds
[2026-09-06T12:58:46.914+0000] {processor.py:161} INFO - Started process (PID=180) to work on /opt/airflow/dags/financial_pipeline_dag.py
[2026-09-06T12:58:46.916+0000] {processor.py:830} INFO - Processing file /opt/airflow/dags/financial_pipeline_dag.py for tasks to queue
[2026-09-06T12:58:46.918+0000] {logging_mixin.py:188} INFO - [2026-09-06T12:58:46.917+0000] {dagbag.py:545} INFO - Filling up the DagBag from /opt/airflow/dags/financial_pipeline_dag.py
[2026-09-06T12:58:47.047+0000] {logging_mixin.py:188} INFO - [2026-09-06T12:58:47.047+0000] {graph.py:719} INFO - Trying to parse the dbt project `transformations` using a dbt manifest...
[2026-09-06T12:58:47.067+0000] {logging_mixin.py:188} INFO - [2026-09-06T12:58:47.063+0000] {dagbag.py:355} ERROR - Failed to import: /opt/airflow/dags/financial_pipeline_dag.py
Traceback (most recent call last):
  File "/home/airflow/.local/lib/python3.11/site-packages/airflow/models/dagbag.py", line 351, in parse
    loader.exec_module(new_module)
  File "<frozen importlib._bootstrap_external>", line 940, in exec_module
  File "<frozen importlib._bootstrap>", line 241, in _call_with_frames_removed
  File "/opt/airflow/dags/financial_pipeline_dag.py", line 115, in <module>
    dbt_stg_overview = make_dbt_group("dbt_stg_overview", "stg_overview")
                       ^^^^^^^^^^^^^^^^^^^^^^^^^^^^^^^^^^^^^^^^^^^^^^^^^^
  File "/opt/airflow/dags/financial_pipeline_dag.py", line 102, in make_dbt_group
    return DbtTaskGroup(
           ^^^^^^^^^^^^^
  File "/home/airflow/.local/lib/python3.11/site-packages/cosmos/airflow/task_group.py", line 28, in __init__
    DbtToAirflowConverter.__init__(self, *args, **specific_kwargs(**kwargs))
  File "/home/airflow/.local/lib/python3.11/site-packages/cosmos/converter.py", line 261, in __init__
    self.dbt_graph.load(method=render_config.load_method, execution_mode=execution_config.execution_mode)
  File "/home/airflow/.local/lib/python3.11/site-packages/cosmos/dbt/graph.py", line 440, in load
    load_method[method]()
  File "/home/airflow/.local/lib/python3.11/site-packages/cosmos/dbt/graph.py", line 748, in load_from_dbt_manifest
    config=node_dict["config"],
           ~~~~~~~~~^^^^^^^^^^
KeyError: 'config'
[2026-09-06T12:58:47.068+0000] {processor.py:842} WARNING - No viable dags retrieved from /opt/airflow/dags/financial_pipeline_dag.py
[2026-09-06T12:58:47.086+0000] {processor.py:183} INFO - Processing /opt/airflow/dags/financial_pipeline_dag.py took 0.180 seconds
[2026-09-06T12:59:01.480+0000] {processor.py:161} INFO - Started process (PID=180) to work on /opt/airflow/dags/financial_pipeline_dag.py
[2026-09-06T12:59:01.481+0000] {processor.py:830} INFO - Processing file /opt/airflow/dags/financial_pipeline_dag.py for tasks to queue
[2026-09-06T12:59:01.484+0000] {logging_mixin.py:188} INFO - [2026-09-06T12:59:01.483+0000] {dagbag.py:545} INFO - Filling up the DagBag from /opt/airflow/dags/financial_pipeline_dag.py
[2026-09-06T12:59:01.621+0000] {logging_mixin.py:188} INFO - [2026-09-06T12:59:01.621+0000] {graph.py:719} INFO - Trying to parse the dbt project `transformations` using a dbt manifest...
[2026-09-06T12:59:01.639+0000] {logging_mixin.py:188} INFO - [2026-09-06T12:59:01.636+0000] {dagbag.py:355} ERROR - Failed to import: /opt/airflow/dags/financial_pipeline_dag.py
Traceback (most recent call last):
  File "/home/airflow/.local/lib/python3.11/site-packages/airflow/models/dagbag.py", line 351, in parse
    loader.exec_module(new_module)
  File "<frozen importlib._bootstrap_external>", line 940, in exec_module
  File "<frozen importlib._bootstrap>", line 241, in _call_with_frames_removed
  File "/opt/airflow/dags/financial_pipeline_dag.py", line 115, in <module>
    dbt_stg_overview = make_dbt_group("dbt_stg_overview", "stg_overview")
                       ^^^^^^^^^^^^^^^^^^^^^^^^^^^^^^^^^^^^^^^^^^^^^^^^^^
  File "/opt/airflow/dags/financial_pipeline_dag.py", line 102, in make_dbt_group
    return DbtTaskGroup(
           ^^^^^^^^^^^^^
  File "/home/airflow/.local/lib/python3.11/site-packages/cosmos/airflow/task_group.py", line 28, in __init__
    DbtToAirflowConverter.__init__(self, *args, **specific_kwargs(**kwargs))
  File "/home/airflow/.local/lib/python3.11/site-packages/cosmos/converter.py", line 261, in __init__
    self.dbt_graph.load(method=render_config.load_method, execution_mode=execution_config.execution_mode)
  File "/home/airflow/.local/lib/python3.11/site-packages/cosmos/dbt/graph.py", line 440, in load
    load_method[method]()
  File "/home/airflow/.local/lib/python3.11/site-packages/cosmos/dbt/graph.py", line 748, in load_from_dbt_manifest
    config=node_dict["config"],
           ~~~~~~~~~^^^^^^^^^^
KeyError: 'config'
[2026-09-06T12:59:01.640+0000] {processor.py:842} WARNING - No viable dags retrieved from /opt/airflow/dags/financial_pipeline_dag.py
[2026-09-06T12:59:01.658+0000] {processor.py:183} INFO - Processing /opt/airflow/dags/financial_pipeline_dag.py took 0.187 seconds
[2026-09-06T12:59:14.593+0000] {processor.py:161} INFO - Started process (PID=181) to work on /opt/airflow/dags/financial_pipeline_dag.py
[2026-09-06T12:59:14.595+0000] {processor.py:830} INFO - Processing file /opt/airflow/dags/financial_pipeline_dag.py for tasks to queue
[2026-09-06T12:59:14.596+0000] {logging_mixin.py:188} INFO - [2026-09-06T12:59:14.596+0000] {dagbag.py:545} INFO - Filling up the DagBag from /opt/airflow/dags/financial_pipeline_dag.py
[2026-09-06T12:59:14.728+0000] {logging_mixin.py:188} INFO - [2026-09-06T12:59:14.727+0000] {graph.py:719} INFO - Trying to parse the dbt project `transformations` using a dbt manifest...
[2026-09-06T12:59:14.745+0000] {logging_mixin.py:188} INFO - [2026-09-06T12:59:14.742+0000] {dagbag.py:355} ERROR - Failed to import: /opt/airflow/dags/financial_pipeline_dag.py
Traceback (most recent call last):
  File "/home/airflow/.local/lib/python3.11/site-packages/airflow/models/dagbag.py", line 351, in parse
    loader.exec_module(new_module)
  File "<frozen importlib._bootstrap_external>", line 940, in exec_module
  File "<frozen importlib._bootstrap>", line 241, in _call_with_frames_removed
  File "/opt/airflow/dags/financial_pipeline_dag.py", line 115, in <module>
    dbt_stg_overview = make_dbt_group("dbt_stg_overview", "stg_overview")
                       ^^^^^^^^^^^^^^^^^^^^^^^^^^^^^^^^^^^^^^^^^^^^^^^^^^
  File "/opt/airflow/dags/financial_pipeline_dag.py", line 102, in make_dbt_group
    return DbtTaskGroup(
           ^^^^^^^^^^^^^
  File "/home/airflow/.local/lib/python3.11/site-packages/cosmos/airflow/task_group.py", line 28, in __init__
    DbtToAirflowConverter.__init__(self, *args, **specific_kwargs(**kwargs))
  File "/home/airflow/.local/lib/python3.11/site-packages/cosmos/converter.py", line 261, in __init__
    self.dbt_graph.load(method=render_config.load_method, execution_mode=execution_config.execution_mode)
  File "/home/airflow/.local/lib/python3.11/site-packages/cosmos/dbt/graph.py", line 440, in load
    load_method[method]()
  File "/home/airflow/.local/lib/python3.11/site-packages/cosmos/dbt/graph.py", line 748, in load_from_dbt_manifest
    config=node_dict["config"],
           ~~~~~~~~~^^^^^^^^^^
KeyError: 'config'
[2026-09-06T12:59:14.746+0000] {processor.py:842} WARNING - No viable dags retrieved from /opt/airflow/dags/financial_pipeline_dag.py
[2026-09-06T12:59:14.764+0000] {processor.py:183} INFO - Processing /opt/airflow/dags/financial_pipeline_dag.py took 0.179 seconds
[2026-09-06T12:59:27.800+0000] {processor.py:161} INFO - Started process (PID=180) to work on /opt/airflow/dags/financial_pipeline_dag.py
[2026-09-06T12:59:27.801+0000] {processor.py:830} INFO - Processing file /opt/airflow/dags/financial_pipeline_dag.py for tasks to queue
[2026-09-06T12:59:27.804+0000] {logging_mixin.py:188} INFO - [2026-09-06T12:59:27.804+0000] {dagbag.py:545} INFO - Filling up the DagBag from /opt/airflow/dags/financial_pipeline_dag.py
[2026-09-06T12:59:27.930+0000] {logging_mixin.py:188} INFO - [2026-09-06T12:59:27.930+0000] {graph.py:719} INFO - Trying to parse the dbt project `transformations` using a dbt manifest...
[2026-09-06T12:59:27.950+0000] {logging_mixin.py:188} INFO - [2026-09-06T12:59:27.946+0000] {dagbag.py:355} ERROR - Failed to import: /opt/airflow/dags/financial_pipeline_dag.py
Traceback (most recent call last):
  File "/home/airflow/.local/lib/python3.11/site-packages/airflow/models/dagbag.py", line 351, in parse
    loader.exec_module(new_module)
  File "<frozen importlib._bootstrap_external>", line 940, in exec_module
  File "<frozen importlib._bootstrap>", line 241, in _call_with_frames_removed
  File "/opt/airflow/dags/financial_pipeline_dag.py", line 115, in <module>
    dbt_stg_overview = make_dbt_group("dbt_stg_overview", "stg_overview")
                       ^^^^^^^^^^^^^^^^^^^^^^^^^^^^^^^^^^^^^^^^^^^^^^^^^^
  File "/opt/airflow/dags/financial_pipeline_dag.py", line 102, in make_dbt_group
    return DbtTaskGroup(
           ^^^^^^^^^^^^^
  File "/home/airflow/.local/lib/python3.11/site-packages/cosmos/airflow/task_group.py", line 28, in __init__
    DbtToAirflowConverter.__init__(self, *args, **specific_kwargs(**kwargs))
  File "/home/airflow/.local/lib/python3.11/site-packages/cosmos/converter.py", line 261, in __init__
    self.dbt_graph.load(method=render_config.load_method, execution_mode=execution_config.execution_mode)
  File "/home/airflow/.local/lib/python3.11/site-packages/cosmos/dbt/graph.py", line 440, in load
    load_method[method]()
  File "/home/airflow/.local/lib/python3.11/site-packages/cosmos/dbt/graph.py", line 748, in load_from_dbt_manifest
    config=node_dict["config"],
           ~~~~~~~~~^^^^^^^^^^
KeyError: 'config'
[2026-09-06T12:59:27.951+0000] {processor.py:842} WARNING - No viable dags retrieved from /opt/airflow/dags/financial_pipeline_dag.py
[2026-09-06T12:59:27.968+0000] {processor.py:183} INFO - Processing /opt/airflow/dags/financial_pipeline_dag.py took 0.176 seconds
[2026-09-06T12:59:40.931+0000] {processor.py:161} INFO - Started process (PID=181) to work on /opt/airflow/dags/financial_pipeline_dag.py
[2026-09-06T12:59:40.933+0000] {processor.py:830} INFO - Processing file /opt/airflow/dags/financial_pipeline_dag.py for tasks to queue
[2026-09-06T12:59:40.935+0000] {logging_mixin.py:188} INFO - [2026-09-06T12:59:40.934+0000] {dagbag.py:545} INFO - Filling up the DagBag from /opt/airflow/dags/financial_pipeline_dag.py
[2026-09-06T12:59:41.059+0000] {logging_mixin.py:188} INFO - [2026-09-06T12:59:41.059+0000] {graph.py:719} INFO - Trying to parse the dbt project `transformations` using a dbt manifest...
[2026-09-06T12:59:41.078+0000] {logging_mixin.py:188} INFO - [2026-09-06T12:59:41.074+0000] {dagbag.py:355} ERROR - Failed to import: /opt/airflow/dags/financial_pipeline_dag.py
Traceback (most recent call last):
  File "/home/airflow/.local/lib/python3.11/site-packages/airflow/models/dagbag.py", line 351, in parse
    loader.exec_module(new_module)
  File "<frozen importlib._bootstrap_external>", line 940, in exec_module
  File "<frozen importlib._bootstrap>", line 241, in _call_with_frames_removed
  File "/opt/airflow/dags/financial_pipeline_dag.py", line 115, in <module>
    dbt_stg_overview = make_dbt_group("dbt_stg_overview", "stg_overview")
                       ^^^^^^^^^^^^^^^^^^^^^^^^^^^^^^^^^^^^^^^^^^^^^^^^^^
  File "/opt/airflow/dags/financial_pipeline_dag.py", line 102, in make_dbt_group
    return DbtTaskGroup(
           ^^^^^^^^^^^^^
  File "/home/airflow/.local/lib/python3.11/site-packages/cosmos/airflow/task_group.py", line 28, in __init__
    DbtToAirflowConverter.__init__(self, *args, **specific_kwargs(**kwargs))
  File "/home/airflow/.local/lib/python3.11/site-packages/cosmos/converter.py", line 261, in __init__
    self.dbt_graph.load(method=render_config.load_method, execution_mode=execution_config.execution_mode)
  File "/home/airflow/.local/lib/python3.11/site-packages/cosmos/dbt/graph.py", line 440, in load
    load_method[method]()
  File "/home/airflow/.local/lib/python3.11/site-packages/cosmos/dbt/graph.py", line 748, in load_from_dbt_manifest
    config=node_dict["config"],
           ~~~~~~~~~^^^^^^^^^^
KeyError: 'config'
[2026-09-06T12:59:41.079+0000] {processor.py:842} WARNING - No viable dags retrieved from /opt/airflow/dags/financial_pipeline_dag.py
[2026-09-06T12:59:41.097+0000] {processor.py:183} INFO - Processing /opt/airflow/dags/financial_pipeline_dag.py took 0.175 seconds
[2026-09-06T12:59:54.997+0000] {processor.py:161} INFO - Started process (PID=180) to work on /opt/airflow/dags/financial_pipeline_dag.py
[2026-09-06T12:59:54.999+0000] {processor.py:830} INFO - Processing file /opt/airflow/dags/financial_pipeline_dag.py for tasks to queue
[2026-09-06T12:59:55.001+0000] {logging_mixin.py:188} INFO - [2026-09-06T12:59:55.001+0000] {dagbag.py:545} INFO - Filling up the DagBag from /opt/airflow/dags/financial_pipeline_dag.py
[2026-09-06T12:59:55.141+0000] {logging_mixin.py:188} INFO - [2026-09-06T12:59:55.141+0000] {graph.py:719} INFO - Trying to parse the dbt project `transformations` using a dbt manifest...
[2026-09-06T12:59:55.160+0000] {logging_mixin.py:188} INFO - [2026-09-06T12:59:55.156+0000] {dagbag.py:355} ERROR - Failed to import: /opt/airflow/dags/financial_pipeline_dag.py
Traceback (most recent call last):
  File "/home/airflow/.local/lib/python3.11/site-packages/airflow/models/dagbag.py", line 351, in parse
    loader.exec_module(new_module)
  File "<frozen importlib._bootstrap_external>", line 940, in exec_module
  File "<frozen importlib._bootstrap>", line 241, in _call_with_frames_removed
  File "/opt/airflow/dags/financial_pipeline_dag.py", line 115, in <module>
    dbt_stg_overview = make_dbt_group("dbt_stg_overview", "stg_overview")
                       ^^^^^^^^^^^^^^^^^^^^^^^^^^^^^^^^^^^^^^^^^^^^^^^^^^
  File "/opt/airflow/dags/financial_pipeline_dag.py", line 102, in make_dbt_group
    return DbtTaskGroup(
           ^^^^^^^^^^^^^
  File "/home/airflow/.local/lib/python3.11/site-packages/cosmos/airflow/task_group.py", line 28, in __init__
    DbtToAirflowConverter.__init__(self, *args, **specific_kwargs(**kwargs))
  File "/home/airflow/.local/lib/python3.11/site-packages/cosmos/converter.py", line 261, in __init__
    self.dbt_graph.load(method=render_config.load_method, execution_mode=execution_config.execution_mode)
  File "/home/airflow/.local/lib/python3.11/site-packages/cosmos/dbt/graph.py", line 440, in load
    load_method[method]()
  File "/home/airflow/.local/lib/python3.11/site-packages/cosmos/dbt/graph.py", line 748, in load_from_dbt_manifest
    config=node_dict["config"],
           ~~~~~~~~~^^^^^^^^^^
KeyError: 'config'
[2026-09-06T12:59:55.161+0000] {processor.py:842} WARNING - No viable dags retrieved from /opt/airflow/dags/financial_pipeline_dag.py
[2026-09-06T12:59:55.179+0000] {processor.py:183} INFO - Processing /opt/airflow/dags/financial_pipeline_dag.py took 0.191 seconds
[2026-09-06T13:00:08.055+0000] {processor.py:161} INFO - Started process (PID=180) to work on /opt/airflow/dags/financial_pipeline_dag.py
[2026-09-06T13:00:08.056+0000] {processor.py:830} INFO - Processing file /opt/airflow/dags/financial_pipeline_dag.py for tasks to queue
[2026-09-06T13:00:08.058+0000] {logging_mixin.py:188} INFO - [2026-09-06T13:00:08.058+0000] {dagbag.py:545} INFO - Filling up the DagBag from /opt/airflow/dags/financial_pipeline_dag.py
[2026-09-06T13:00:08.190+0000] {logging_mixin.py:188} INFO - [2026-09-06T13:00:08.190+0000] {graph.py:719} INFO - Trying to parse the dbt project `transformations` using a dbt manifest...
[2026-09-06T13:00:08.209+0000] {logging_mixin.py:188} INFO - [2026-09-06T13:00:08.205+0000] {dagbag.py:355} ERROR - Failed to import: /opt/airflow/dags/financial_pipeline_dag.py
Traceback (most recent call last):
  File "/home/airflow/.local/lib/python3.11/site-packages/airflow/models/dagbag.py", line 351, in parse
    loader.exec_module(new_module)
  File "<frozen importlib._bootstrap_external>", line 940, in exec_module
  File "<frozen importlib._bootstrap>", line 241, in _call_with_frames_removed
  File "/opt/airflow/dags/financial_pipeline_dag.py", line 115, in <module>
    dbt_stg_overview = make_dbt_group("dbt_stg_overview", "stg_overview")
                       ^^^^^^^^^^^^^^^^^^^^^^^^^^^^^^^^^^^^^^^^^^^^^^^^^^
  File "/opt/airflow/dags/financial_pipeline_dag.py", line 102, in make_dbt_group
    return DbtTaskGroup(
           ^^^^^^^^^^^^^
  File "/home/airflow/.local/lib/python3.11/site-packages/cosmos/airflow/task_group.py", line 28, in __init__
    DbtToAirflowConverter.__init__(self, *args, **specific_kwargs(**kwargs))
  File "/home/airflow/.local/lib/python3.11/site-packages/cosmos/converter.py", line 261, in __init__
    self.dbt_graph.load(method=render_config.load_method, execution_mode=execution_config.execution_mode)
  File "/home/airflow/.local/lib/python3.11/site-packages/cosmos/dbt/graph.py", line 440, in load
    load_method[method]()
  File "/home/airflow/.local/lib/python3.11/site-packages/cosmos/dbt/graph.py", line 748, in load_from_dbt_manifest
    config=node_dict["config"],
           ~~~~~~~~~^^^^^^^^^^
KeyError: 'config'
[2026-09-06T13:00:08.210+0000] {processor.py:842} WARNING - No viable dags retrieved from /opt/airflow/dags/financial_pipeline_dag.py
[2026-09-06T13:00:08.228+0000] {processor.py:183} INFO - Processing /opt/airflow/dags/financial_pipeline_dag.py took 0.182 seconds
[2026-09-06T13:00:20.821+0000] {processor.py:161} INFO - Started process (PID=180) to work on /opt/airflow/dags/financial_pipeline_dag.py
[2026-09-06T13:00:20.822+0000] {processor.py:830} INFO - Processing file /opt/airflow/dags/financial_pipeline_dag.py for tasks to queue
[2026-09-06T13:00:20.824+0000] {logging_mixin.py:188} INFO - [2026-09-06T13:00:20.823+0000] {dagbag.py:545} INFO - Filling up the DagBag from /opt/airflow/dags/financial_pipeline_dag.py
[2026-09-06T13:00:20.974+0000] {logging_mixin.py:188} INFO - [2026-09-06T13:00:20.973+0000] {graph.py:719} INFO - Trying to parse the dbt project `transformations` using a dbt manifest...
[2026-09-06T13:00:20.995+0000] {logging_mixin.py:188} INFO - [2026-09-06T13:00:20.990+0000] {dagbag.py:355} ERROR - Failed to import: /opt/airflow/dags/financial_pipeline_dag.py
Traceback (most recent call last):
  File "/home/airflow/.local/lib/python3.11/site-packages/airflow/models/dagbag.py", line 351, in parse
    loader.exec_module(new_module)
  File "<frozen importlib._bootstrap_external>", line 940, in exec_module
  File "<frozen importlib._bootstrap>", line 241, in _call_with_frames_removed
  File "/opt/airflow/dags/financial_pipeline_dag.py", line 115, in <module>
    dbt_stg_overview = make_dbt_group("dbt_stg_overview", "stg_overview")
                       ^^^^^^^^^^^^^^^^^^^^^^^^^^^^^^^^^^^^^^^^^^^^^^^^^^
  File "/opt/airflow/dags/financial_pipeline_dag.py", line 102, in make_dbt_group
    return DbtTaskGroup(
           ^^^^^^^^^^^^^
  File "/home/airflow/.local/lib/python3.11/site-packages/cosmos/airflow/task_group.py", line 28, in __init__
    DbtToAirflowConverter.__init__(self, *args, **specific_kwargs(**kwargs))
  File "/home/airflow/.local/lib/python3.11/site-packages/cosmos/converter.py", line 261, in __init__
    self.dbt_graph.load(method=render_config.load_method, execution_mode=execution_config.execution_mode)
  File "/home/airflow/.local/lib/python3.11/site-packages/cosmos/dbt/graph.py", line 440, in load
    load_method[method]()
  File "/home/airflow/.local/lib/python3.11/site-packages/cosmos/dbt/graph.py", line 748, in load_from_dbt_manifest
    config=node_dict["config"],
           ~~~~~~~~~^^^^^^^^^^
KeyError: 'config'
[2026-09-06T13:00:20.996+0000] {processor.py:842} WARNING - No viable dags retrieved from /opt/airflow/dags/financial_pipeline_dag.py
[2026-09-06T13:00:21.018+0000] {processor.py:183} INFO - Processing /opt/airflow/dags/financial_pipeline_dag.py took 0.205 seconds
[2026-09-06T13:00:33.506+0000] {processor.py:161} INFO - Started process (PID=180) to work on /opt/airflow/dags/financial_pipeline_dag.py
[2026-09-06T13:00:33.508+0000] {processor.py:830} INFO - Processing file /opt/airflow/dags/financial_pipeline_dag.py for tasks to queue
[2026-09-06T13:00:33.510+0000] {logging_mixin.py:188} INFO - [2026-09-06T13:00:33.510+0000] {dagbag.py:545} INFO - Filling up the DagBag from /opt/airflow/dags/financial_pipeline_dag.py
[2026-09-06T13:00:33.650+0000] {logging_mixin.py:188} INFO - [2026-09-06T13:00:33.649+0000] {graph.py:719} INFO - Trying to parse the dbt project `transformations` using a dbt manifest...
[2026-09-06T13:00:33.669+0000] {logging_mixin.py:188} INFO - [2026-09-06T13:00:33.665+0000] {dagbag.py:355} ERROR - Failed to import: /opt/airflow/dags/financial_pipeline_dag.py
Traceback (most recent call last):
  File "/home/airflow/.local/lib/python3.11/site-packages/airflow/models/dagbag.py", line 351, in parse
    loader.exec_module(new_module)
  File "<frozen importlib._bootstrap_external>", line 940, in exec_module
  File "<frozen importlib._bootstrap>", line 241, in _call_with_frames_removed
  File "/opt/airflow/dags/financial_pipeline_dag.py", line 115, in <module>
    dbt_stg_overview = make_dbt_group("dbt_stg_overview", "stg_overview")
                       ^^^^^^^^^^^^^^^^^^^^^^^^^^^^^^^^^^^^^^^^^^^^^^^^^^
  File "/opt/airflow/dags/financial_pipeline_dag.py", line 102, in make_dbt_group
    return DbtTaskGroup(
           ^^^^^^^^^^^^^
  File "/home/airflow/.local/lib/python3.11/site-packages/cosmos/airflow/task_group.py", line 28, in __init__
    DbtToAirflowConverter.__init__(self, *args, **specific_kwargs(**kwargs))
  File "/home/airflow/.local/lib/python3.11/site-packages/cosmos/converter.py", line 261, in __init__
    self.dbt_graph.load(method=render_config.load_method, execution_mode=execution_config.execution_mode)
  File "/home/airflow/.local/lib/python3.11/site-packages/cosmos/dbt/graph.py", line 440, in load
    load_method[method]()
  File "/home/airflow/.local/lib/python3.11/site-packages/cosmos/dbt/graph.py", line 748, in load_from_dbt_manifest
    config=node_dict["config"],
           ~~~~~~~~~^^^^^^^^^^
KeyError: 'config'
[2026-09-06T13:00:33.670+0000] {processor.py:842} WARNING - No viable dags retrieved from /opt/airflow/dags/financial_pipeline_dag.py
[2026-09-06T13:00:33.688+0000] {processor.py:183} INFO - Processing /opt/airflow/dags/financial_pipeline_dag.py took 0.191 seconds
[2026-09-06T13:00:46.383+0000] {processor.py:161} INFO - Started process (PID=180) to work on /opt/airflow/dags/financial_pipeline_dag.py
[2026-09-06T13:00:46.384+0000] {processor.py:830} INFO - Processing file /opt/airflow/dags/financial_pipeline_dag.py for tasks to queue
[2026-09-06T13:00:46.386+0000] {logging_mixin.py:188} INFO - [2026-09-06T13:00:46.386+0000] {dagbag.py:545} INFO - Filling up the DagBag from /opt/airflow/dags/financial_pipeline_dag.py
[2026-09-06T13:00:46.521+0000] {logging_mixin.py:188} INFO - [2026-09-06T13:00:46.521+0000] {graph.py:719} INFO - Trying to parse the dbt project `transformations` using a dbt manifest...
[2026-09-06T13:00:46.540+0000] {logging_mixin.py:188} INFO - [2026-09-06T13:00:46.536+0000] {dagbag.py:355} ERROR - Failed to import: /opt/airflow/dags/financial_pipeline_dag.py
Traceback (most recent call last):
  File "/home/airflow/.local/lib/python3.11/site-packages/airflow/models/dagbag.py", line 351, in parse
    loader.exec_module(new_module)
  File "<frozen importlib._bootstrap_external>", line 940, in exec_module
  File "<frozen importlib._bootstrap>", line 241, in _call_with_frames_removed
  File "/opt/airflow/dags/financial_pipeline_dag.py", line 115, in <module>
    dbt_stg_overview = make_dbt_group("dbt_stg_overview", "stg_overview")
                       ^^^^^^^^^^^^^^^^^^^^^^^^^^^^^^^^^^^^^^^^^^^^^^^^^^
  File "/opt/airflow/dags/financial_pipeline_dag.py", line 102, in make_dbt_group
    return DbtTaskGroup(
           ^^^^^^^^^^^^^
  File "/home/airflow/.local/lib/python3.11/site-packages/cosmos/airflow/task_group.py", line 28, in __init__
    DbtToAirflowConverter.__init__(self, *args, **specific_kwargs(**kwargs))
  File "/home/airflow/.local/lib/python3.11/site-packages/cosmos/converter.py", line 261, in __init__
    self.dbt_graph.load(method=render_config.load_method, execution_mode=execution_config.execution_mode)
  File "/home/airflow/.local/lib/python3.11/site-packages/cosmos/dbt/graph.py", line 440, in load
    load_method[method]()
  File "/home/airflow/.local/lib/python3.11/site-packages/cosmos/dbt/graph.py", line 748, in load_from_dbt_manifest
    config=node_dict["config"],
           ~~~~~~~~~^^^^^^^^^^
KeyError: 'config'
[2026-09-06T13:00:46.542+0000] {processor.py:842} WARNING - No viable dags retrieved from /opt/airflow/dags/financial_pipeline_dag.py
[2026-09-06T13:00:46.563+0000] {processor.py:183} INFO - Processing /opt/airflow/dags/financial_pipeline_dag.py took 0.190 seconds
[2026-09-06T13:00:59.906+0000] {processor.py:161} INFO - Started process (PID=180) to work on /opt/airflow/dags/financial_pipeline_dag.py
[2026-09-06T13:00:59.908+0000] {processor.py:830} INFO - Processing file /opt/airflow/dags/financial_pipeline_dag.py for tasks to queue
[2026-09-06T13:00:59.910+0000] {logging_mixin.py:188} INFO - [2026-09-06T13:00:59.909+0000] {dagbag.py:545} INFO - Filling up the DagBag from /opt/airflow/dags/financial_pipeline_dag.py
[2026-09-06T13:01:00.046+0000] {logging_mixin.py:188} INFO - [2026-09-06T13:01:00.046+0000] {graph.py:719} INFO - Trying to parse the dbt project `transformations` using a dbt manifest...
[2026-09-06T13:01:00.065+0000] {logging_mixin.py:188} INFO - [2026-09-06T13:01:00.061+0000] {dagbag.py:355} ERROR - Failed to import: /opt/airflow/dags/financial_pipeline_dag.py
Traceback (most recent call last):
  File "/home/airflow/.local/lib/python3.11/site-packages/airflow/models/dagbag.py", line 351, in parse
    loader.exec_module(new_module)
  File "<frozen importlib._bootstrap_external>", line 940, in exec_module
  File "<frozen importlib._bootstrap>", line 241, in _call_with_frames_removed
  File "/opt/airflow/dags/financial_pipeline_dag.py", line 115, in <module>
    dbt_stg_overview = make_dbt_group("dbt_stg_overview", "stg_overview")
                       ^^^^^^^^^^^^^^^^^^^^^^^^^^^^^^^^^^^^^^^^^^^^^^^^^^
  File "/opt/airflow/dags/financial_pipeline_dag.py", line 102, in make_dbt_group
    return DbtTaskGroup(
           ^^^^^^^^^^^^^
  File "/home/airflow/.local/lib/python3.11/site-packages/cosmos/airflow/task_group.py", line 28, in __init__
    DbtToAirflowConverter.__init__(self, *args, **specific_kwargs(**kwargs))
  File "/home/airflow/.local/lib/python3.11/site-packages/cosmos/converter.py", line 261, in __init__
    self.dbt_graph.load(method=render_config.load_method, execution_mode=execution_config.execution_mode)
  File "/home/airflow/.local/lib/python3.11/site-packages/cosmos/dbt/graph.py", line 440, in load
    load_method[method]()
  File "/home/airflow/.local/lib/python3.11/site-packages/cosmos/dbt/graph.py", line 748, in load_from_dbt_manifest
    config=node_dict["config"],
           ~~~~~~~~~^^^^^^^^^^
KeyError: 'config'
[2026-09-06T13:01:00.066+0000] {processor.py:842} WARNING - No viable dags retrieved from /opt/airflow/dags/financial_pipeline_dag.py
[2026-09-06T13:01:00.086+0000] {processor.py:183} INFO - Processing /opt/airflow/dags/financial_pipeline_dag.py took 0.189 seconds
[2026-09-06T13:01:13.600+0000] {processor.py:161} INFO - Started process (PID=180) to work on /opt/airflow/dags/financial_pipeline_dag.py
[2026-09-06T13:01:13.603+0000] {processor.py:830} INFO - Processing file /opt/airflow/dags/financial_pipeline_dag.py for tasks to queue
[2026-09-06T13:01:13.605+0000] {logging_mixin.py:188} INFO - [2026-09-06T13:01:13.604+0000] {dagbag.py:545} INFO - Filling up the DagBag from /opt/airflow/dags/financial_pipeline_dag.py
[2026-09-06T13:01:13.753+0000] {logging_mixin.py:188} INFO - [2026-09-06T13:01:13.753+0000] {graph.py:719} INFO - Trying to parse the dbt project `transformations` using a dbt manifest...
[2026-09-06T13:01:13.772+0000] {logging_mixin.py:188} INFO - [2026-09-06T13:01:13.768+0000] {dagbag.py:355} ERROR - Failed to import: /opt/airflow/dags/financial_pipeline_dag.py
Traceback (most recent call last):
  File "/home/airflow/.local/lib/python3.11/site-packages/airflow/models/dagbag.py", line 351, in parse
    loader.exec_module(new_module)
  File "<frozen importlib._bootstrap_external>", line 940, in exec_module
  File "<frozen importlib._bootstrap>", line 241, in _call_with_frames_removed
  File "/opt/airflow/dags/financial_pipeline_dag.py", line 115, in <module>
    dbt_stg_overview = make_dbt_group("dbt_stg_overview", "stg_overview")
                       ^^^^^^^^^^^^^^^^^^^^^^^^^^^^^^^^^^^^^^^^^^^^^^^^^^
  File "/opt/airflow/dags/financial_pipeline_dag.py", line 102, in make_dbt_group
    return DbtTaskGroup(
           ^^^^^^^^^^^^^
  File "/home/airflow/.local/lib/python3.11/site-packages/cosmos/airflow/task_group.py", line 28, in __init__
    DbtToAirflowConverter.__init__(self, *args, **specific_kwargs(**kwargs))
  File "/home/airflow/.local/lib/python3.11/site-packages/cosmos/converter.py", line 261, in __init__
    self.dbt_graph.load(method=render_config.load_method, execution_mode=execution_config.execution_mode)
  File "/home/airflow/.local/lib/python3.11/site-packages/cosmos/dbt/graph.py", line 440, in load
    load_method[method]()
  File "/home/airflow/.local/lib/python3.11/site-packages/cosmos/dbt/graph.py", line 748, in load_from_dbt_manifest
    config=node_dict["config"],
           ~~~~~~~~~^^^^^^^^^^
KeyError: 'config'
[2026-09-06T13:01:13.773+0000] {processor.py:842} WARNING - No viable dags retrieved from /opt/airflow/dags/financial_pipeline_dag.py
[2026-09-06T13:01:13.791+0000] {processor.py:183} INFO - Processing /opt/airflow/dags/financial_pipeline_dag.py took 0.207 seconds
[2026-09-06T13:01:28.243+0000] {processor.py:161} INFO - Started process (PID=191) to work on /opt/airflow/dags/financial_pipeline_dag.py
[2026-09-06T13:01:28.250+0000] {processor.py:830} INFO - Processing file /opt/airflow/dags/financial_pipeline_dag.py for tasks to queue
[2026-09-06T13:01:28.252+0000] {logging_mixin.py:188} INFO - [2026-09-06T13:01:28.252+0000] {dagbag.py:545} INFO - Filling up the DagBag from /opt/airflow/dags/financial_pipeline_dag.py
[2026-09-06T13:01:28.370+0000] {logging_mixin.py:188} INFO - [2026-09-06T13:01:28.370+0000] {graph.py:719} INFO - Trying to parse the dbt project `transformations` using a dbt manifest...
[2026-09-06T13:01:28.398+0000] {logging_mixin.py:188} INFO - [2026-09-06T13:01:28.394+0000] {dagbag.py:355} ERROR - Failed to import: /opt/airflow/dags/financial_pipeline_dag.py
Traceback (most recent call last):
  File "/home/airflow/.local/lib/python3.11/site-packages/airflow/models/dagbag.py", line 351, in parse
    loader.exec_module(new_module)
  File "<frozen importlib._bootstrap_external>", line 940, in exec_module
  File "<frozen importlib._bootstrap>", line 241, in _call_with_frames_removed
  File "/opt/airflow/dags/financial_pipeline_dag.py", line 115, in <module>
    dbt_stg_overview = make_dbt_group("dbt_stg_overview", "stg_overview")
                       ^^^^^^^^^^^^^^^^^^^^^^^^^^^^^^^^^^^^^^^^^^^^^^^^^^
  File "/opt/airflow/dags/financial_pipeline_dag.py", line 102, in make_dbt_group
    return DbtTaskGroup(
           ^^^^^^^^^^^^^
  File "/home/airflow/.local/lib/python3.11/site-packages/cosmos/airflow/task_group.py", line 28, in __init__
    DbtToAirflowConverter.__init__(self, *args, **specific_kwargs(**kwargs))
  File "/home/airflow/.local/lib/python3.11/site-packages/cosmos/converter.py", line 261, in __init__
    self.dbt_graph.load(method=render_config.load_method, execution_mode=execution_config.execution_mode)
  File "/home/airflow/.local/lib/python3.11/site-packages/cosmos/dbt/graph.py", line 440, in load
    load_method[method]()
  File "/home/airflow/.local/lib/python3.11/site-packages/cosmos/dbt/graph.py", line 748, in load_from_dbt_manifest
    config=node_dict["config"],
           ~~~~~~~~~^^^^^^^^^^
KeyError: 'config'
[2026-09-06T13:01:28.399+0000] {processor.py:842} WARNING - No viable dags retrieved from /opt/airflow/dags/financial_pipeline_dag.py
[2026-09-06T13:01:28.417+0000] {processor.py:183} INFO - Processing /opt/airflow/dags/financial_pipeline_dag.py took 0.186 seconds
[2026-09-06T13:01:41.108+0000] {processor.py:161} INFO - Started process (PID=180) to work on /opt/airflow/dags/financial_pipeline_dag.py
[2026-09-06T13:01:41.110+0000] {processor.py:830} INFO - Processing file /opt/airflow/dags/financial_pipeline_dag.py for tasks to queue
[2026-09-06T13:01:41.112+0000] {logging_mixin.py:188} INFO - [2026-09-06T13:01:41.111+0000] {dagbag.py:545} INFO - Filling up the DagBag from /opt/airflow/dags/financial_pipeline_dag.py
[2026-09-06T13:01:41.232+0000] {logging_mixin.py:188} INFO - [2026-09-06T13:01:41.232+0000] {graph.py:719} INFO - Trying to parse the dbt project `transformations` using a dbt manifest...
[2026-09-06T13:01:41.250+0000] {logging_mixin.py:188} INFO - [2026-09-06T13:01:41.247+0000] {dagbag.py:355} ERROR - Failed to import: /opt/airflow/dags/financial_pipeline_dag.py
Traceback (most recent call last):
  File "/home/airflow/.local/lib/python3.11/site-packages/airflow/models/dagbag.py", line 351, in parse
    loader.exec_module(new_module)
  File "<frozen importlib._bootstrap_external>", line 940, in exec_module
  File "<frozen importlib._bootstrap>", line 241, in _call_with_frames_removed
  File "/opt/airflow/dags/financial_pipeline_dag.py", line 115, in <module>
    dbt_stg_overview = make_dbt_group("dbt_stg_overview", "stg_overview")
                       ^^^^^^^^^^^^^^^^^^^^^^^^^^^^^^^^^^^^^^^^^^^^^^^^^^
  File "/opt/airflow/dags/financial_pipeline_dag.py", line 102, in make_dbt_group
    return DbtTaskGroup(
           ^^^^^^^^^^^^^
  File "/home/airflow/.local/lib/python3.11/site-packages/cosmos/airflow/task_group.py", line 28, in __init__
    DbtToAirflowConverter.__init__(self, *args, **specific_kwargs(**kwargs))
  File "/home/airflow/.local/lib/python3.11/site-packages/cosmos/converter.py", line 261, in __init__
    self.dbt_graph.load(method=render_config.load_method, execution_mode=execution_config.execution_mode)
  File "/home/airflow/.local/lib/python3.11/site-packages/cosmos/dbt/graph.py", line 440, in load
    load_method[method]()
  File "/home/airflow/.local/lib/python3.11/site-packages/cosmos/dbt/graph.py", line 748, in load_from_dbt_manifest
    config=node_dict["config"],
           ~~~~~~~~~^^^^^^^^^^
KeyError: 'config'
[2026-09-06T13:01:41.251+0000] {processor.py:842} WARNING - No viable dags retrieved from /opt/airflow/dags/financial_pipeline_dag.py
[2026-09-06T13:01:41.269+0000] {processor.py:183} INFO - Processing /opt/airflow/dags/financial_pipeline_dag.py took 0.171 seconds
[2026-09-06T13:01:54.328+0000] {processor.py:161} INFO - Started process (PID=180) to work on /opt/airflow/dags/financial_pipeline_dag.py
[2026-09-06T13:01:54.329+0000] {processor.py:830} INFO - Processing file /opt/airflow/dags/financial_pipeline_dag.py for tasks to queue
[2026-09-06T13:01:54.331+0000] {logging_mixin.py:188} INFO - [2026-09-06T13:01:54.331+0000] {dagbag.py:545} INFO - Filling up the DagBag from /opt/airflow/dags/financial_pipeline_dag.py
[2026-09-06T13:01:54.453+0000] {logging_mixin.py:188} INFO - [2026-09-06T13:01:54.453+0000] {graph.py:719} INFO - Trying to parse the dbt project `transformations` using a dbt manifest...
[2026-09-06T13:01:54.470+0000] {logging_mixin.py:188} INFO - [2026-09-06T13:01:54.467+0000] {dagbag.py:355} ERROR - Failed to import: /opt/airflow/dags/financial_pipeline_dag.py
Traceback (most recent call last):
  File "/home/airflow/.local/lib/python3.11/site-packages/airflow/models/dagbag.py", line 351, in parse
    loader.exec_module(new_module)
  File "<frozen importlib._bootstrap_external>", line 940, in exec_module
  File "<frozen importlib._bootstrap>", line 241, in _call_with_frames_removed
  File "/opt/airflow/dags/financial_pipeline_dag.py", line 115, in <module>
    dbt_stg_overview = make_dbt_group("dbt_stg_overview", "stg_overview")
                       ^^^^^^^^^^^^^^^^^^^^^^^^^^^^^^^^^^^^^^^^^^^^^^^^^^
  File "/opt/airflow/dags/financial_pipeline_dag.py", line 102, in make_dbt_group
    return DbtTaskGroup(
           ^^^^^^^^^^^^^
  File "/home/airflow/.local/lib/python3.11/site-packages/cosmos/airflow/task_group.py", line 28, in __init__
    DbtToAirflowConverter.__init__(self, *args, **specific_kwargs(**kwargs))
  File "/home/airflow/.local/lib/python3.11/site-packages/cosmos/converter.py", line 261, in __init__
    self.dbt_graph.load(method=render_config.load_method, execution_mode=execution_config.execution_mode)
  File "/home/airflow/.local/lib/python3.11/site-packages/cosmos/dbt/graph.py", line 440, in load
    load_method[method]()
  File "/home/airflow/.local/lib/python3.11/site-packages/cosmos/dbt/graph.py", line 748, in load_from_dbt_manifest
    config=node_dict["config"],
           ~~~~~~~~~^^^^^^^^^^
KeyError: 'config'
[2026-09-06T13:01:54.471+0000] {processor.py:842} WARNING - No viable dags retrieved from /opt/airflow/dags/financial_pipeline_dag.py
[2026-09-06T13:01:54.488+0000] {processor.py:183} INFO - Processing /opt/airflow/dags/financial_pipeline_dag.py took 0.169 seconds
[2026-09-06T13:02:07.692+0000] {processor.py:161} INFO - Started process (PID=180) to work on /opt/airflow/dags/financial_pipeline_dag.py
[2026-09-06T13:02:07.694+0000] {processor.py:830} INFO - Processing file /opt/airflow/dags/financial_pipeline_dag.py for tasks to queue
[2026-09-06T13:02:07.696+0000] {logging_mixin.py:188} INFO - [2026-09-06T13:02:07.696+0000] {dagbag.py:545} INFO - Filling up the DagBag from /opt/airflow/dags/financial_pipeline_dag.py
[2026-09-06T13:02:07.841+0000] {logging_mixin.py:188} INFO - [2026-09-06T13:02:07.841+0000] {graph.py:719} INFO - Trying to parse the dbt project `transformations` using a dbt manifest...
[2026-09-06T13:02:07.868+0000] {logging_mixin.py:188} INFO - [2026-09-06T13:02:07.863+0000] {dagbag.py:355} ERROR - Failed to import: /opt/airflow/dags/financial_pipeline_dag.py
Traceback (most recent call last):
  File "/home/airflow/.local/lib/python3.11/site-packages/airflow/models/dagbag.py", line 351, in parse
    loader.exec_module(new_module)
  File "<frozen importlib._bootstrap_external>", line 940, in exec_module
  File "<frozen importlib._bootstrap>", line 241, in _call_with_frames_removed
  File "/opt/airflow/dags/financial_pipeline_dag.py", line 115, in <module>
    dbt_stg_overview = make_dbt_group("dbt_stg_overview", "stg_overview")
                       ^^^^^^^^^^^^^^^^^^^^^^^^^^^^^^^^^^^^^^^^^^^^^^^^^^
  File "/opt/airflow/dags/financial_pipeline_dag.py", line 102, in make_dbt_group
    return DbtTaskGroup(
           ^^^^^^^^^^^^^
  File "/home/airflow/.local/lib/python3.11/site-packages/cosmos/airflow/task_group.py", line 28, in __init__
    DbtToAirflowConverter.__init__(self, *args, **specific_kwargs(**kwargs))
  File "/home/airflow/.local/lib/python3.11/site-packages/cosmos/converter.py", line 261, in __init__
    self.dbt_graph.load(method=render_config.load_method, execution_mode=execution_config.execution_mode)
  File "/home/airflow/.local/lib/python3.11/site-packages/cosmos/dbt/graph.py", line 440, in load
    load_method[method]()
  File "/home/airflow/.local/lib/python3.11/site-packages/cosmos/dbt/graph.py", line 748, in load_from_dbt_manifest
    config=node_dict["config"],
           ~~~~~~~~~^^^^^^^^^^
KeyError: 'config'
[2026-09-06T13:02:07.870+0000] {processor.py:842} WARNING - No viable dags retrieved from /opt/airflow/dags/financial_pipeline_dag.py
[2026-09-06T13:02:07.893+0000] {processor.py:183} INFO - Processing /opt/airflow/dags/financial_pipeline_dag.py took 0.211 seconds
[2026-09-06T13:02:20.711+0000] {processor.py:161} INFO - Started process (PID=180) to work on /opt/airflow/dags/financial_pipeline_dag.py
[2026-09-06T13:02:20.714+0000] {processor.py:830} INFO - Processing file /opt/airflow/dags/financial_pipeline_dag.py for tasks to queue
[2026-09-06T13:02:20.718+0000] {logging_mixin.py:188} INFO - [2026-09-06T13:02:20.717+0000] {dagbag.py:545} INFO - Filling up the DagBag from /opt/airflow/dags/financial_pipeline_dag.py
[2026-09-06T13:02:20.861+0000] {logging_mixin.py:188} INFO - [2026-09-06T13:02:20.860+0000] {graph.py:719} INFO - Trying to parse the dbt project `transformations` using a dbt manifest...
[2026-09-06T13:02:20.881+0000] {logging_mixin.py:188} INFO - [2026-09-06T13:02:20.877+0000] {dagbag.py:355} ERROR - Failed to import: /opt/airflow/dags/financial_pipeline_dag.py
Traceback (most recent call last):
  File "/home/airflow/.local/lib/python3.11/site-packages/airflow/models/dagbag.py", line 351, in parse
    loader.exec_module(new_module)
  File "<frozen importlib._bootstrap_external>", line 940, in exec_module
  File "<frozen importlib._bootstrap>", line 241, in _call_with_frames_removed
  File "/opt/airflow/dags/financial_pipeline_dag.py", line 115, in <module>
    dbt_stg_overview = make_dbt_group("dbt_stg_overview", "stg_overview")
                       ^^^^^^^^^^^^^^^^^^^^^^^^^^^^^^^^^^^^^^^^^^^^^^^^^^
  File "/opt/airflow/dags/financial_pipeline_dag.py", line 102, in make_dbt_group
    return DbtTaskGroup(
           ^^^^^^^^^^^^^
  File "/home/airflow/.local/lib/python3.11/site-packages/cosmos/airflow/task_group.py", line 28, in __init__
    DbtToAirflowConverter.__init__(self, *args, **specific_kwargs(**kwargs))
  File "/home/airflow/.local/lib/python3.11/site-packages/cosmos/converter.py", line 261, in __init__
    self.dbt_graph.load(method=render_config.load_method, execution_mode=execution_config.execution_mode)
  File "/home/airflow/.local/lib/python3.11/site-packages/cosmos/dbt/graph.py", line 440, in load
    load_method[method]()
  File "/home/airflow/.local/lib/python3.11/site-packages/cosmos/dbt/graph.py", line 748, in load_from_dbt_manifest
    config=node_dict["config"],
           ~~~~~~~~~^^^^^^^^^^
KeyError: 'config'
[2026-09-06T13:02:20.883+0000] {processor.py:842} WARNING - No viable dags retrieved from /opt/airflow/dags/financial_pipeline_dag.py
[2026-09-06T13:02:20.901+0000] {processor.py:183} INFO - Processing /opt/airflow/dags/financial_pipeline_dag.py took 0.200 seconds
[2026-09-06T13:02:34.442+0000] {processor.py:161} INFO - Started process (PID=180) to work on /opt/airflow/dags/financial_pipeline_dag.py
[2026-09-06T13:02:34.445+0000] {processor.py:830} INFO - Processing file /opt/airflow/dags/financial_pipeline_dag.py for tasks to queue
[2026-09-06T13:02:34.448+0000] {logging_mixin.py:188} INFO - [2026-09-06T13:02:34.447+0000] {dagbag.py:545} INFO - Filling up the DagBag from /opt/airflow/dags/financial_pipeline_dag.py
[2026-09-06T13:02:34.594+0000] {logging_mixin.py:188} INFO - [2026-09-06T13:02:34.594+0000] {graph.py:719} INFO - Trying to parse the dbt project `transformations` using a dbt manifest...
[2026-09-06T13:02:34.614+0000] {logging_mixin.py:188} INFO - [2026-09-06T13:02:34.610+0000] {dagbag.py:355} ERROR - Failed to import: /opt/airflow/dags/financial_pipeline_dag.py
Traceback (most recent call last):
  File "/home/airflow/.local/lib/python3.11/site-packages/airflow/models/dagbag.py", line 351, in parse
    loader.exec_module(new_module)
  File "<frozen importlib._bootstrap_external>", line 940, in exec_module
  File "<frozen importlib._bootstrap>", line 241, in _call_with_frames_removed
  File "/opt/airflow/dags/financial_pipeline_dag.py", line 115, in <module>
    dbt_stg_overview = make_dbt_group("dbt_stg_overview", "stg_overview")
                       ^^^^^^^^^^^^^^^^^^^^^^^^^^^^^^^^^^^^^^^^^^^^^^^^^^
  File "/opt/airflow/dags/financial_pipeline_dag.py", line 102, in make_dbt_group
    return DbtTaskGroup(
           ^^^^^^^^^^^^^
  File "/home/airflow/.local/lib/python3.11/site-packages/cosmos/airflow/task_group.py", line 28, in __init__
    DbtToAirflowConverter.__init__(self, *args, **specific_kwargs(**kwargs))
  File "/home/airflow/.local/lib/python3.11/site-packages/cosmos/converter.py", line 261, in __init__
    self.dbt_graph.load(method=render_config.load_method, execution_mode=execution_config.execution_mode)
  File "/home/airflow/.local/lib/python3.11/site-packages/cosmos/dbt/graph.py", line 440, in load
    load_method[method]()
  File "/home/airflow/.local/lib/python3.11/site-packages/cosmos/dbt/graph.py", line 748, in load_from_dbt_manifest
    config=node_dict["config"],
           ~~~~~~~~~^^^^^^^^^^
KeyError: 'config'
[2026-09-06T13:02:34.615+0000] {processor.py:842} WARNING - No viable dags retrieved from /opt/airflow/dags/financial_pipeline_dag.py
[2026-09-06T13:02:34.634+0000] {processor.py:183} INFO - Processing /opt/airflow/dags/financial_pipeline_dag.py took 0.205 seconds
[2026-09-06T13:02:47.903+0000] {processor.py:161} INFO - Started process (PID=180) to work on /opt/airflow/dags/financial_pipeline_dag.py
[2026-09-06T13:02:47.944+0000] {processor.py:830} INFO - Processing file /opt/airflow/dags/financial_pipeline_dag.py for tasks to queue
[2026-09-06T13:02:47.947+0000] {logging_mixin.py:188} INFO - [2026-09-06T13:02:47.946+0000] {dagbag.py:545} INFO - Filling up the DagBag from /opt/airflow/dags/financial_pipeline_dag.py
[2026-09-06T13:02:48.215+0000] {logging_mixin.py:188} INFO - [2026-09-06T13:02:48.215+0000] {graph.py:719} INFO - Trying to parse the dbt project `transformations` using a dbt manifest...
[2026-09-06T13:02:48.259+0000] {logging_mixin.py:188} INFO - [2026-09-06T13:02:48.246+0000] {dagbag.py:355} ERROR - Failed to import: /opt/airflow/dags/financial_pipeline_dag.py
Traceback (most recent call last):
  File "/home/airflow/.local/lib/python3.11/site-packages/airflow/models/dagbag.py", line 351, in parse
    loader.exec_module(new_module)
  File "<frozen importlib._bootstrap_external>", line 940, in exec_module
  File "<frozen importlib._bootstrap>", line 241, in _call_with_frames_removed
  File "/opt/airflow/dags/financial_pipeline_dag.py", line 115, in <module>
    dbt_stg_overview = make_dbt_group("dbt_stg_overview", "stg_overview")
                       ^^^^^^^^^^^^^^^^^^^^^^^^^^^^^^^^^^^^^^^^^^^^^^^^^^
  File "/opt/airflow/dags/financial_pipeline_dag.py", line 102, in make_dbt_group
    return DbtTaskGroup(
           ^^^^^^^^^^^^^
  File "/home/airflow/.local/lib/python3.11/site-packages/cosmos/airflow/task_group.py", line 28, in __init__
    DbtToAirflowConverter.__init__(self, *args, **specific_kwargs(**kwargs))
  File "/home/airflow/.local/lib/python3.11/site-packages/cosmos/converter.py", line 261, in __init__
    self.dbt_graph.load(method=render_config.load_method, execution_mode=execution_config.execution_mode)
  File "/home/airflow/.local/lib/python3.11/site-packages/cosmos/dbt/graph.py", line 440, in load
    load_method[method]()
  File "/home/airflow/.local/lib/python3.11/site-packages/cosmos/dbt/graph.py", line 748, in load_from_dbt_manifest
    config=node_dict["config"],
           ~~~~~~~~~^^^^^^^^^^
KeyError: 'config'
[2026-09-06T13:02:48.262+0000] {processor.py:842} WARNING - No viable dags retrieved from /opt/airflow/dags/financial_pipeline_dag.py
[2026-09-06T13:02:48.319+0000] {processor.py:183} INFO - Processing /opt/airflow/dags/financial_pipeline_dag.py took 0.434 seconds
[2026-09-06T13:03:04.253+0000] {processor.py:161} INFO - Started process (PID=180) to work on /opt/airflow/dags/financial_pipeline_dag.py
[2026-09-06T13:03:04.260+0000] {processor.py:830} INFO - Processing file /opt/airflow/dags/financial_pipeline_dag.py for tasks to queue
[2026-09-06T13:03:04.262+0000] {logging_mixin.py:188} INFO - [2026-09-06T13:03:04.262+0000] {dagbag.py:545} INFO - Filling up the DagBag from /opt/airflow/dags/financial_pipeline_dag.py
[2026-09-06T13:03:04.432+0000] {logging_mixin.py:188} INFO - [2026-09-06T13:03:04.432+0000] {graph.py:719} INFO - Trying to parse the dbt project `transformations` using a dbt manifest...
[2026-09-06T13:03:04.453+0000] {logging_mixin.py:188} INFO - [2026-09-06T13:03:04.448+0000] {dagbag.py:355} ERROR - Failed to import: /opt/airflow/dags/financial_pipeline_dag.py
Traceback (most recent call last):
  File "/home/airflow/.local/lib/python3.11/site-packages/airflow/models/dagbag.py", line 351, in parse
    loader.exec_module(new_module)
  File "<frozen importlib._bootstrap_external>", line 940, in exec_module
  File "<frozen importlib._bootstrap>", line 241, in _call_with_frames_removed
  File "/opt/airflow/dags/financial_pipeline_dag.py", line 115, in <module>
    dbt_stg_overview = make_dbt_group("dbt_stg_overview", "stg_overview")
                       ^^^^^^^^^^^^^^^^^^^^^^^^^^^^^^^^^^^^^^^^^^^^^^^^^^
  File "/opt/airflow/dags/financial_pipeline_dag.py", line 102, in make_dbt_group
    return DbtTaskGroup(
           ^^^^^^^^^^^^^
  File "/home/airflow/.local/lib/python3.11/site-packages/cosmos/airflow/task_group.py", line 28, in __init__
    DbtToAirflowConverter.__init__(self, *args, **specific_kwargs(**kwargs))
  File "/home/airflow/.local/lib/python3.11/site-packages/cosmos/converter.py", line 261, in __init__
    self.dbt_graph.load(method=render_config.load_method, execution_mode=execution_config.execution_mode)
  File "/home/airflow/.local/lib/python3.11/site-packages/cosmos/dbt/graph.py", line 440, in load
    load_method[method]()
  File "/home/airflow/.local/lib/python3.11/site-packages/cosmos/dbt/graph.py", line 748, in load_from_dbt_manifest
    config=node_dict["config"],
           ~~~~~~~~~^^^^^^^^^^
KeyError: 'config'
[2026-09-06T13:03:04.454+0000] {processor.py:842} WARNING - No viable dags retrieved from /opt/airflow/dags/financial_pipeline_dag.py
[2026-09-06T13:03:04.491+0000] {processor.py:183} INFO - Processing /opt/airflow/dags/financial_pipeline_dag.py took 0.248 seconds
[2026-09-06T13:03:18.573+0000] {processor.py:161} INFO - Started process (PID=180) to work on /opt/airflow/dags/financial_pipeline_dag.py
[2026-09-06T13:03:18.575+0000] {processor.py:830} INFO - Processing file /opt/airflow/dags/financial_pipeline_dag.py for tasks to queue
[2026-09-06T13:03:18.576+0000] {logging_mixin.py:188} INFO - [2026-09-06T13:03:18.576+0000] {dagbag.py:545} INFO - Filling up the DagBag from /opt/airflow/dags/financial_pipeline_dag.py
[2026-09-06T13:03:18.704+0000] {logging_mixin.py:188} INFO - [2026-09-06T13:03:18.703+0000] {graph.py:719} INFO - Trying to parse the dbt project `transformations` using a dbt manifest...
[2026-09-06T13:03:18.722+0000] {logging_mixin.py:188} INFO - [2026-09-06T13:03:18.719+0000] {dagbag.py:355} ERROR - Failed to import: /opt/airflow/dags/financial_pipeline_dag.py
Traceback (most recent call last):
  File "/home/airflow/.local/lib/python3.11/site-packages/airflow/models/dagbag.py", line 351, in parse
    loader.exec_module(new_module)
  File "<frozen importlib._bootstrap_external>", line 940, in exec_module
  File "<frozen importlib._bootstrap>", line 241, in _call_with_frames_removed
  File "/opt/airflow/dags/financial_pipeline_dag.py", line 115, in <module>
    dbt_stg_overview = make_dbt_group("dbt_stg_overview", "stg_overview")
                       ^^^^^^^^^^^^^^^^^^^^^^^^^^^^^^^^^^^^^^^^^^^^^^^^^^
  File "/opt/airflow/dags/financial_pipeline_dag.py", line 102, in make_dbt_group
    return DbtTaskGroup(
           ^^^^^^^^^^^^^
  File "/home/airflow/.local/lib/python3.11/site-packages/cosmos/airflow/task_group.py", line 28, in __init__
    DbtToAirflowConverter.__init__(self, *args, **specific_kwargs(**kwargs))
  File "/home/airflow/.local/lib/python3.11/site-packages/cosmos/converter.py", line 261, in __init__
    self.dbt_graph.load(method=render_config.load_method, execution_mode=execution_config.execution_mode)
  File "/home/airflow/.local/lib/python3.11/site-packages/cosmos/dbt/graph.py", line 440, in load
    load_method[method]()
  File "/home/airflow/.local/lib/python3.11/site-packages/cosmos/dbt/graph.py", line 748, in load_from_dbt_manifest
    config=node_dict["config"],
           ~~~~~~~~~^^^^^^^^^^
KeyError: 'config'
[2026-09-06T13:03:18.723+0000] {processor.py:842} WARNING - No viable dags retrieved from /opt/airflow/dags/financial_pipeline_dag.py
[2026-09-06T13:03:18.740+0000] {processor.py:183} INFO - Processing /opt/airflow/dags/financial_pipeline_dag.py took 0.175 seconds
[2026-09-06T13:03:32.543+0000] {processor.py:161} INFO - Started process (PID=180) to work on /opt/airflow/dags/financial_pipeline_dag.py
[2026-09-06T13:03:32.545+0000] {processor.py:830} INFO - Processing file /opt/airflow/dags/financial_pipeline_dag.py for tasks to queue
[2026-09-06T13:03:32.547+0000] {logging_mixin.py:188} INFO - [2026-09-06T13:03:32.547+0000] {dagbag.py:545} INFO - Filling up the DagBag from /opt/airflow/dags/financial_pipeline_dag.py
[2026-09-06T13:03:32.701+0000] {logging_mixin.py:188} INFO - [2026-09-06T13:03:32.701+0000] {graph.py:719} INFO - Trying to parse the dbt project `transformations` using a dbt manifest...
[2026-09-06T13:03:32.723+0000] {logging_mixin.py:188} INFO - [2026-09-06T13:03:32.718+0000] {dagbag.py:355} ERROR - Failed to import: /opt/airflow/dags/financial_pipeline_dag.py
Traceback (most recent call last):
  File "/home/airflow/.local/lib/python3.11/site-packages/airflow/models/dagbag.py", line 351, in parse
    loader.exec_module(new_module)
  File "<frozen importlib._bootstrap_external>", line 940, in exec_module
  File "<frozen importlib._bootstrap>", line 241, in _call_with_frames_removed
  File "/opt/airflow/dags/financial_pipeline_dag.py", line 115, in <module>
    dbt_stg_overview = make_dbt_group("dbt_stg_overview", "stg_overview")
                       ^^^^^^^^^^^^^^^^^^^^^^^^^^^^^^^^^^^^^^^^^^^^^^^^^^
  File "/opt/airflow/dags/financial_pipeline_dag.py", line 102, in make_dbt_group
    return DbtTaskGroup(
           ^^^^^^^^^^^^^
  File "/home/airflow/.local/lib/python3.11/site-packages/cosmos/airflow/task_group.py", line 28, in __init__
    DbtToAirflowConverter.__init__(self, *args, **specific_kwargs(**kwargs))
  File "/home/airflow/.local/lib/python3.11/site-packages/cosmos/converter.py", line 261, in __init__
    self.dbt_graph.load(method=render_config.load_method, execution_mode=execution_config.execution_mode)
  File "/home/airflow/.local/lib/python3.11/site-packages/cosmos/dbt/graph.py", line 440, in load
    load_method[method]()
  File "/home/airflow/.local/lib/python3.11/site-packages/cosmos/dbt/graph.py", line 748, in load_from_dbt_manifest
    config=node_dict["config"],
           ~~~~~~~~~^^^^^^^^^^
KeyError: 'config'
[2026-09-06T13:03:32.724+0000] {processor.py:842} WARNING - No viable dags retrieved from /opt/airflow/dags/financial_pipeline_dag.py
[2026-09-06T13:03:32.743+0000] {processor.py:183} INFO - Processing /opt/airflow/dags/financial_pipeline_dag.py took 0.214 seconds
[2026-09-06T13:03:46.321+0000] {processor.py:161} INFO - Started process (PID=180) to work on /opt/airflow/dags/financial_pipeline_dag.py
[2026-09-06T13:03:46.323+0000] {processor.py:830} INFO - Processing file /opt/airflow/dags/financial_pipeline_dag.py for tasks to queue
[2026-09-06T13:03:46.325+0000] {logging_mixin.py:188} INFO - [2026-09-06T13:03:46.324+0000] {dagbag.py:545} INFO - Filling up the DagBag from /opt/airflow/dags/financial_pipeline_dag.py
[2026-09-06T13:03:46.454+0000] {logging_mixin.py:188} INFO - [2026-09-06T13:03:46.454+0000] {graph.py:719} INFO - Trying to parse the dbt project `transformations` using a dbt manifest...
[2026-09-06T13:03:46.473+0000] {logging_mixin.py:188} INFO - [2026-09-06T13:03:46.469+0000] {dagbag.py:355} ERROR - Failed to import: /opt/airflow/dags/financial_pipeline_dag.py
Traceback (most recent call last):
  File "/home/airflow/.local/lib/python3.11/site-packages/airflow/models/dagbag.py", line 351, in parse
    loader.exec_module(new_module)
  File "<frozen importlib._bootstrap_external>", line 940, in exec_module
  File "<frozen importlib._bootstrap>", line 241, in _call_with_frames_removed
  File "/opt/airflow/dags/financial_pipeline_dag.py", line 115, in <module>
    dbt_stg_overview = make_dbt_group("dbt_stg_overview", "stg_overview")
                       ^^^^^^^^^^^^^^^^^^^^^^^^^^^^^^^^^^^^^^^^^^^^^^^^^^
  File "/opt/airflow/dags/financial_pipeline_dag.py", line 102, in make_dbt_group
    return DbtTaskGroup(
           ^^^^^^^^^^^^^
  File "/home/airflow/.local/lib/python3.11/site-packages/cosmos/airflow/task_group.py", line 28, in __init__
    DbtToAirflowConverter.__init__(self, *args, **specific_kwargs(**kwargs))
  File "/home/airflow/.local/lib/python3.11/site-packages/cosmos/converter.py", line 261, in __init__
    self.dbt_graph.load(method=render_config.load_method, execution_mode=execution_config.execution_mode)
  File "/home/airflow/.local/lib/python3.11/site-packages/cosmos/dbt/graph.py", line 440, in load
    load_method[method]()
  File "/home/airflow/.local/lib/python3.11/site-packages/cosmos/dbt/graph.py", line 748, in load_from_dbt_manifest
    config=node_dict["config"],
           ~~~~~~~~~^^^^^^^^^^
KeyError: 'config'
[2026-09-06T13:03:46.474+0000] {processor.py:842} WARNING - No viable dags retrieved from /opt/airflow/dags/financial_pipeline_dag.py
[2026-09-06T13:03:46.493+0000] {processor.py:183} INFO - Processing /opt/airflow/dags/financial_pipeline_dag.py took 0.186 seconds
[2026-09-06T13:04:00.570+0000] {processor.py:161} INFO - Started process (PID=180) to work on /opt/airflow/dags/financial_pipeline_dag.py
[2026-09-06T13:04:00.571+0000] {processor.py:830} INFO - Processing file /opt/airflow/dags/financial_pipeline_dag.py for tasks to queue
[2026-09-06T13:04:00.574+0000] {logging_mixin.py:188} INFO - [2026-09-06T13:04:00.573+0000] {dagbag.py:545} INFO - Filling up the DagBag from /opt/airflow/dags/financial_pipeline_dag.py
[2026-09-06T13:04:00.699+0000] {logging_mixin.py:188} INFO - [2026-09-06T13:04:00.699+0000] {graph.py:719} INFO - Trying to parse the dbt project `transformations` using a dbt manifest...
[2026-09-06T13:04:00.720+0000] {logging_mixin.py:188} INFO - [2026-09-06T13:04:00.716+0000] {dagbag.py:355} ERROR - Failed to import: /opt/airflow/dags/financial_pipeline_dag.py
Traceback (most recent call last):
  File "/home/airflow/.local/lib/python3.11/site-packages/airflow/models/dagbag.py", line 351, in parse
    loader.exec_module(new_module)
  File "<frozen importlib._bootstrap_external>", line 940, in exec_module
  File "<frozen importlib._bootstrap>", line 241, in _call_with_frames_removed
  File "/opt/airflow/dags/financial_pipeline_dag.py", line 115, in <module>
    dbt_stg_overview = make_dbt_group("dbt_stg_overview", "stg_overview")
                       ^^^^^^^^^^^^^^^^^^^^^^^^^^^^^^^^^^^^^^^^^^^^^^^^^^
  File "/opt/airflow/dags/financial_pipeline_dag.py", line 102, in make_dbt_group
    return DbtTaskGroup(
           ^^^^^^^^^^^^^
  File "/home/airflow/.local/lib/python3.11/site-packages/cosmos/airflow/task_group.py", line 28, in __init__
    DbtToAirflowConverter.__init__(self, *args, **specific_kwargs(**kwargs))
  File "/home/airflow/.local/lib/python3.11/site-packages/cosmos/converter.py", line 261, in __init__
    self.dbt_graph.load(method=render_config.load_method, execution_mode=execution_config.execution_mode)
  File "/home/airflow/.local/lib/python3.11/site-packages/cosmos/dbt/graph.py", line 440, in load
    load_method[method]()
  File "/home/airflow/.local/lib/python3.11/site-packages/cosmos/dbt/graph.py", line 748, in load_from_dbt_manifest
    config=node_dict["config"],
           ~~~~~~~~~^^^^^^^^^^
KeyError: 'config'
[2026-09-06T13:04:00.721+0000] {processor.py:842} WARNING - No viable dags retrieved from /opt/airflow/dags/financial_pipeline_dag.py
[2026-09-06T13:04:00.744+0000] {processor.py:183} INFO - Processing /opt/airflow/dags/financial_pipeline_dag.py took 0.186 seconds
[2026-09-06T13:04:15.063+0000] {processor.py:161} INFO - Started process (PID=180) to work on /opt/airflow/dags/financial_pipeline_dag.py
[2026-09-06T13:04:15.066+0000] {processor.py:830} INFO - Processing file /opt/airflow/dags/financial_pipeline_dag.py for tasks to queue
[2026-09-06T13:04:15.069+0000] {logging_mixin.py:188} INFO - [2026-09-06T13:04:15.068+0000] {dagbag.py:545} INFO - Filling up the DagBag from /opt/airflow/dags/financial_pipeline_dag.py
[2026-09-06T13:04:15.198+0000] {logging_mixin.py:188} INFO - [2026-09-06T13:04:15.198+0000] {graph.py:719} INFO - Trying to parse the dbt project `transformations` using a dbt manifest...
[2026-09-06T13:04:15.217+0000] {logging_mixin.py:188} INFO - [2026-09-06T13:04:15.213+0000] {dagbag.py:355} ERROR - Failed to import: /opt/airflow/dags/financial_pipeline_dag.py
Traceback (most recent call last):
  File "/home/airflow/.local/lib/python3.11/site-packages/airflow/models/dagbag.py", line 351, in parse
    loader.exec_module(new_module)
  File "<frozen importlib._bootstrap_external>", line 940, in exec_module
  File "<frozen importlib._bootstrap>", line 241, in _call_with_frames_removed
  File "/opt/airflow/dags/financial_pipeline_dag.py", line 115, in <module>
    dbt_stg_overview = make_dbt_group("dbt_stg_overview", "stg_overview")
                       ^^^^^^^^^^^^^^^^^^^^^^^^^^^^^^^^^^^^^^^^^^^^^^^^^^
  File "/opt/airflow/dags/financial_pipeline_dag.py", line 102, in make_dbt_group
    return DbtTaskGroup(
           ^^^^^^^^^^^^^
  File "/home/airflow/.local/lib/python3.11/site-packages/cosmos/airflow/task_group.py", line 28, in __init__
    DbtToAirflowConverter.__init__(self, *args, **specific_kwargs(**kwargs))
  File "/home/airflow/.local/lib/python3.11/site-packages/cosmos/converter.py", line 261, in __init__
    self.dbt_graph.load(method=render_config.load_method, execution_mode=execution_config.execution_mode)
  File "/home/airflow/.local/lib/python3.11/site-packages/cosmos/dbt/graph.py", line 440, in load
    load_method[method]()
  File "/home/airflow/.local/lib/python3.11/site-packages/cosmos/dbt/graph.py", line 748, in load_from_dbt_manifest
    config=node_dict["config"],
           ~~~~~~~~~^^^^^^^^^^
KeyError: 'config'
[2026-09-06T13:04:15.218+0000] {processor.py:842} WARNING - No viable dags retrieved from /opt/airflow/dags/financial_pipeline_dag.py
[2026-09-06T13:04:15.236+0000] {processor.py:183} INFO - Processing /opt/airflow/dags/financial_pipeline_dag.py took 0.187 seconds
[2026-09-06T13:04:28.178+0000] {processor.py:161} INFO - Started process (PID=180) to work on /opt/airflow/dags/financial_pipeline_dag.py
[2026-09-06T13:04:28.179+0000] {processor.py:830} INFO - Processing file /opt/airflow/dags/financial_pipeline_dag.py for tasks to queue
[2026-09-06T13:04:28.181+0000] {logging_mixin.py:188} INFO - [2026-09-06T13:04:28.181+0000] {dagbag.py:545} INFO - Filling up the DagBag from /opt/airflow/dags/financial_pipeline_dag.py
[2026-09-06T13:04:28.322+0000] {logging_mixin.py:188} INFO - [2026-09-06T13:04:28.322+0000] {graph.py:719} INFO - Trying to parse the dbt project `transformations` using a dbt manifest...
[2026-09-06T13:04:28.343+0000] {logging_mixin.py:188} INFO - [2026-09-06T13:04:28.339+0000] {dagbag.py:355} ERROR - Failed to import: /opt/airflow/dags/financial_pipeline_dag.py
Traceback (most recent call last):
  File "/home/airflow/.local/lib/python3.11/site-packages/airflow/models/dagbag.py", line 351, in parse
    loader.exec_module(new_module)
  File "<frozen importlib._bootstrap_external>", line 940, in exec_module
  File "<frozen importlib._bootstrap>", line 241, in _call_with_frames_removed
  File "/opt/airflow/dags/financial_pipeline_dag.py", line 115, in <module>
    dbt_stg_overview = make_dbt_group("dbt_stg_overview", "stg_overview")
                       ^^^^^^^^^^^^^^^^^^^^^^^^^^^^^^^^^^^^^^^^^^^^^^^^^^
  File "/opt/airflow/dags/financial_pipeline_dag.py", line 102, in make_dbt_group
    return DbtTaskGroup(
           ^^^^^^^^^^^^^
  File "/home/airflow/.local/lib/python3.11/site-packages/cosmos/airflow/task_group.py", line 28, in __init__
    DbtToAirflowConverter.__init__(self, *args, **specific_kwargs(**kwargs))
  File "/home/airflow/.local/lib/python3.11/site-packages/cosmos/converter.py", line 261, in __init__
    self.dbt_graph.load(method=render_config.load_method, execution_mode=execution_config.execution_mode)
  File "/home/airflow/.local/lib/python3.11/site-packages/cosmos/dbt/graph.py", line 440, in load
    load_method[method]()
  File "/home/airflow/.local/lib/python3.11/site-packages/cosmos/dbt/graph.py", line 748, in load_from_dbt_manifest
    config=node_dict["config"],
           ~~~~~~~~~^^^^^^^^^^
KeyError: 'config'
[2026-09-06T13:04:28.345+0000] {processor.py:842} WARNING - No viable dags retrieved from /opt/airflow/dags/financial_pipeline_dag.py
[2026-09-06T13:04:28.362+0000] {processor.py:183} INFO - Processing /opt/airflow/dags/financial_pipeline_dag.py took 0.193 seconds
[2026-09-06T13:04:40.890+0000] {processor.py:161} INFO - Started process (PID=180) to work on /opt/airflow/dags/financial_pipeline_dag.py
[2026-09-06T13:04:40.891+0000] {processor.py:830} INFO - Processing file /opt/airflow/dags/financial_pipeline_dag.py for tasks to queue
[2026-09-06T13:04:40.893+0000] {logging_mixin.py:188} INFO - [2026-09-06T13:04:40.892+0000] {dagbag.py:545} INFO - Filling up the DagBag from /opt/airflow/dags/financial_pipeline_dag.py
[2026-09-06T13:04:41.020+0000] {logging_mixin.py:188} INFO - [2026-09-06T13:04:41.020+0000] {graph.py:719} INFO - Trying to parse the dbt project `transformations` using a dbt manifest...
[2026-09-06T13:04:41.039+0000] {logging_mixin.py:188} INFO - [2026-09-06T13:04:41.035+0000] {dagbag.py:355} ERROR - Failed to import: /opt/airflow/dags/financial_pipeline_dag.py
Traceback (most recent call last):
  File "/home/airflow/.local/lib/python3.11/site-packages/airflow/models/dagbag.py", line 351, in parse
    loader.exec_module(new_module)
  File "<frozen importlib._bootstrap_external>", line 940, in exec_module
  File "<frozen importlib._bootstrap>", line 241, in _call_with_frames_removed
  File "/opt/airflow/dags/financial_pipeline_dag.py", line 115, in <module>
    dbt_stg_overview = make_dbt_group("dbt_stg_overview", "stg_overview")
                       ^^^^^^^^^^^^^^^^^^^^^^^^^^^^^^^^^^^^^^^^^^^^^^^^^^
  File "/opt/airflow/dags/financial_pipeline_dag.py", line 102, in make_dbt_group
    return DbtTaskGroup(
           ^^^^^^^^^^^^^
  File "/home/airflow/.local/lib/python3.11/site-packages/cosmos/airflow/task_group.py", line 28, in __init__
    DbtToAirflowConverter.__init__(self, *args, **specific_kwargs(**kwargs))
  File "/home/airflow/.local/lib/python3.11/site-packages/cosmos/converter.py", line 261, in __init__
    self.dbt_graph.load(method=render_config.load_method, execution_mode=execution_config.execution_mode)
  File "/home/airflow/.local/lib/python3.11/site-packages/cosmos/dbt/graph.py", line 440, in load
    load_method[method]()
  File "/home/airflow/.local/lib/python3.11/site-packages/cosmos/dbt/graph.py", line 748, in load_from_dbt_manifest
    config=node_dict["config"],
           ~~~~~~~~~^^^^^^^^^^
KeyError: 'config'
[2026-09-06T13:04:41.040+0000] {processor.py:842} WARNING - No viable dags retrieved from /opt/airflow/dags/financial_pipeline_dag.py
[2026-09-06T13:04:41.058+0000] {processor.py:183} INFO - Processing /opt/airflow/dags/financial_pipeline_dag.py took 0.177 seconds
[2026-09-06T13:04:53.638+0000] {processor.py:161} INFO - Started process (PID=180) to work on /opt/airflow/dags/financial_pipeline_dag.py
[2026-09-06T13:04:53.639+0000] {processor.py:830} INFO - Processing file /opt/airflow/dags/financial_pipeline_dag.py for tasks to queue
[2026-09-06T13:04:53.641+0000] {logging_mixin.py:188} INFO - [2026-09-06T13:04:53.641+0000] {dagbag.py:545} INFO - Filling up the DagBag from /opt/airflow/dags/financial_pipeline_dag.py
[2026-09-06T13:04:53.767+0000] {logging_mixin.py:188} INFO - [2026-09-06T13:04:53.767+0000] {graph.py:719} INFO - Trying to parse the dbt project `transformations` using a dbt manifest...
[2026-09-06T13:04:53.786+0000] {logging_mixin.py:188} INFO - [2026-09-06T13:04:53.782+0000] {dagbag.py:355} ERROR - Failed to import: /opt/airflow/dags/financial_pipeline_dag.py
Traceback (most recent call last):
  File "/home/airflow/.local/lib/python3.11/site-packages/airflow/models/dagbag.py", line 351, in parse
    loader.exec_module(new_module)
  File "<frozen importlib._bootstrap_external>", line 940, in exec_module
  File "<frozen importlib._bootstrap>", line 241, in _call_with_frames_removed
  File "/opt/airflow/dags/financial_pipeline_dag.py", line 115, in <module>
    dbt_stg_overview = make_dbt_group("dbt_stg_overview", "stg_overview")
                       ^^^^^^^^^^^^^^^^^^^^^^^^^^^^^^^^^^^^^^^^^^^^^^^^^^
  File "/opt/airflow/dags/financial_pipeline_dag.py", line 102, in make_dbt_group
    return DbtTaskGroup(
           ^^^^^^^^^^^^^
  File "/home/airflow/.local/lib/python3.11/site-packages/cosmos/airflow/task_group.py", line 28, in __init__
    DbtToAirflowConverter.__init__(self, *args, **specific_kwargs(**kwargs))
  File "/home/airflow/.local/lib/python3.11/site-packages/cosmos/converter.py", line 261, in __init__
    self.dbt_graph.load(method=render_config.load_method, execution_mode=execution_config.execution_mode)
  File "/home/airflow/.local/lib/python3.11/site-packages/cosmos/dbt/graph.py", line 440, in load
    load_method[method]()
  File "/home/airflow/.local/lib/python3.11/site-packages/cosmos/dbt/graph.py", line 748, in load_from_dbt_manifest
    config=node_dict["config"],
           ~~~~~~~~~^^^^^^^^^^
KeyError: 'config'
[2026-09-06T13:04:53.787+0000] {processor.py:842} WARNING - No viable dags retrieved from /opt/airflow/dags/financial_pipeline_dag.py
[2026-09-06T13:04:53.804+0000] {processor.py:183} INFO - Processing /opt/airflow/dags/financial_pipeline_dag.py took 0.173 seconds
[2026-09-06T13:05:06.628+0000] {processor.py:161} INFO - Started process (PID=180) to work on /opt/airflow/dags/financial_pipeline_dag.py
[2026-09-06T13:05:06.630+0000] {processor.py:830} INFO - Processing file /opt/airflow/dags/financial_pipeline_dag.py for tasks to queue
[2026-09-06T13:05:06.633+0000] {logging_mixin.py:188} INFO - [2026-09-06T13:05:06.632+0000] {dagbag.py:545} INFO - Filling up the DagBag from /opt/airflow/dags/financial_pipeline_dag.py
[2026-09-06T13:05:06.759+0000] {logging_mixin.py:188} INFO - [2026-09-06T13:05:06.759+0000] {graph.py:719} INFO - Trying to parse the dbt project `transformations` using a dbt manifest...
[2026-09-06T13:05:06.779+0000] {logging_mixin.py:188} INFO - [2026-09-06T13:05:06.775+0000] {dagbag.py:355} ERROR - Failed to import: /opt/airflow/dags/financial_pipeline_dag.py
Traceback (most recent call last):
  File "/home/airflow/.local/lib/python3.11/site-packages/airflow/models/dagbag.py", line 351, in parse
    loader.exec_module(new_module)
  File "<frozen importlib._bootstrap_external>", line 940, in exec_module
  File "<frozen importlib._bootstrap>", line 241, in _call_with_frames_removed
  File "/opt/airflow/dags/financial_pipeline_dag.py", line 115, in <module>
    dbt_stg_overview = make_dbt_group("dbt_stg_overview", "stg_overview")
                       ^^^^^^^^^^^^^^^^^^^^^^^^^^^^^^^^^^^^^^^^^^^^^^^^^^
  File "/opt/airflow/dags/financial_pipeline_dag.py", line 102, in make_dbt_group
    return DbtTaskGroup(
           ^^^^^^^^^^^^^
  File "/home/airflow/.local/lib/python3.11/site-packages/cosmos/airflow/task_group.py", line 28, in __init__
    DbtToAirflowConverter.__init__(self, *args, **specific_kwargs(**kwargs))
  File "/home/airflow/.local/lib/python3.11/site-packages/cosmos/converter.py", line 261, in __init__
    self.dbt_graph.load(method=render_config.load_method, execution_mode=execution_config.execution_mode)
  File "/home/airflow/.local/lib/python3.11/site-packages/cosmos/dbt/graph.py", line 440, in load
    load_method[method]()
  File "/home/airflow/.local/lib/python3.11/site-packages/cosmos/dbt/graph.py", line 748, in load_from_dbt_manifest
    config=node_dict["config"],
           ~~~~~~~~~^^^^^^^^^^
KeyError: 'config'
[2026-09-06T13:05:06.780+0000] {processor.py:842} WARNING - No viable dags retrieved from /opt/airflow/dags/financial_pipeline_dag.py
[2026-09-06T13:05:06.798+0000] {processor.py:183} INFO - Processing /opt/airflow/dags/financial_pipeline_dag.py took 0.178 seconds
[2026-09-06T13:05:20.223+0000] {processor.py:161} INFO - Started process (PID=181) to work on /opt/airflow/dags/financial_pipeline_dag.py
[2026-09-06T13:05:20.225+0000] {processor.py:830} INFO - Processing file /opt/airflow/dags/financial_pipeline_dag.py for tasks to queue
[2026-09-06T13:05:20.226+0000] {logging_mixin.py:188} INFO - [2026-09-06T13:05:20.226+0000] {dagbag.py:545} INFO - Filling up the DagBag from /opt/airflow/dags/financial_pipeline_dag.py
[2026-09-06T13:05:20.380+0000] {logging_mixin.py:188} INFO - [2026-09-06T13:05:20.380+0000] {graph.py:719} INFO - Trying to parse the dbt project `transformations` using a dbt manifest...
[2026-09-06T13:05:20.402+0000] {logging_mixin.py:188} INFO - [2026-09-06T13:05:20.397+0000] {dagbag.py:355} ERROR - Failed to import: /opt/airflow/dags/financial_pipeline_dag.py
Traceback (most recent call last):
  File "/home/airflow/.local/lib/python3.11/site-packages/airflow/models/dagbag.py", line 351, in parse
    loader.exec_module(new_module)
  File "<frozen importlib._bootstrap_external>", line 940, in exec_module
  File "<frozen importlib._bootstrap>", line 241, in _call_with_frames_removed
  File "/opt/airflow/dags/financial_pipeline_dag.py", line 115, in <module>
    dbt_stg_overview = make_dbt_group("dbt_stg_overview", "stg_overview")
                       ^^^^^^^^^^^^^^^^^^^^^^^^^^^^^^^^^^^^^^^^^^^^^^^^^^
  File "/opt/airflow/dags/financial_pipeline_dag.py", line 102, in make_dbt_group
    return DbtTaskGroup(
           ^^^^^^^^^^^^^
  File "/home/airflow/.local/lib/python3.11/site-packages/cosmos/airflow/task_group.py", line 28, in __init__
    DbtToAirflowConverter.__init__(self, *args, **specific_kwargs(**kwargs))
  File "/home/airflow/.local/lib/python3.11/site-packages/cosmos/converter.py", line 261, in __init__
    self.dbt_graph.load(method=render_config.load_method, execution_mode=execution_config.execution_mode)
  File "/home/airflow/.local/lib/python3.11/site-packages/cosmos/dbt/graph.py", line 440, in load
    load_method[method]()
  File "/home/airflow/.local/lib/python3.11/site-packages/cosmos/dbt/graph.py", line 748, in load_from_dbt_manifest
    config=node_dict["config"],
           ~~~~~~~~~^^^^^^^^^^
KeyError: 'config'
[2026-09-06T13:05:20.403+0000] {processor.py:842} WARNING - No viable dags retrieved from /opt/airflow/dags/financial_pipeline_dag.py
[2026-09-06T13:05:20.423+0000] {processor.py:183} INFO - Processing /opt/airflow/dags/financial_pipeline_dag.py took 0.208 seconds
[2026-09-06T13:05:32.887+0000] {processor.py:161} INFO - Started process (PID=180) to work on /opt/airflow/dags/financial_pipeline_dag.py
[2026-09-06T13:05:32.887+0000] {processor.py:830} INFO - Processing file /opt/airflow/dags/financial_pipeline_dag.py for tasks to queue
[2026-09-06T13:05:32.889+0000] {logging_mixin.py:188} INFO - [2026-09-06T13:05:32.889+0000] {dagbag.py:545} INFO - Filling up the DagBag from /opt/airflow/dags/financial_pipeline_dag.py
[2026-09-06T13:05:33.022+0000] {logging_mixin.py:188} INFO - [2026-09-06T13:05:33.022+0000] {graph.py:719} INFO - Trying to parse the dbt project `transformations` using a dbt manifest...
[2026-09-06T13:05:33.041+0000] {logging_mixin.py:188} INFO - [2026-09-06T13:05:33.037+0000] {dagbag.py:355} ERROR - Failed to import: /opt/airflow/dags/financial_pipeline_dag.py
Traceback (most recent call last):
  File "/home/airflow/.local/lib/python3.11/site-packages/airflow/models/dagbag.py", line 351, in parse
    loader.exec_module(new_module)
  File "<frozen importlib._bootstrap_external>", line 940, in exec_module
  File "<frozen importlib._bootstrap>", line 241, in _call_with_frames_removed
  File "/opt/airflow/dags/financial_pipeline_dag.py", line 115, in <module>
    dbt_stg_overview = make_dbt_group("dbt_stg_overview", "stg_overview")
                       ^^^^^^^^^^^^^^^^^^^^^^^^^^^^^^^^^^^^^^^^^^^^^^^^^^
  File "/opt/airflow/dags/financial_pipeline_dag.py", line 102, in make_dbt_group
    return DbtTaskGroup(
           ^^^^^^^^^^^^^
  File "/home/airflow/.local/lib/python3.11/site-packages/cosmos/airflow/task_group.py", line 28, in __init__
    DbtToAirflowConverter.__init__(self, *args, **specific_kwargs(**kwargs))
  File "/home/airflow/.local/lib/python3.11/site-packages/cosmos/converter.py", line 261, in __init__
    self.dbt_graph.load(method=render_config.load_method, execution_mode=execution_config.execution_mode)
  File "/home/airflow/.local/lib/python3.11/site-packages/cosmos/dbt/graph.py", line 440, in load
    load_method[method]()
  File "/home/airflow/.local/lib/python3.11/site-packages/cosmos/dbt/graph.py", line 748, in load_from_dbt_manifest
    config=node_dict["config"],
           ~~~~~~~~~^^^^^^^^^^
KeyError: 'config'
[2026-09-06T13:05:33.042+0000] {processor.py:842} WARNING - No viable dags retrieved from /opt/airflow/dags/financial_pipeline_dag.py
[2026-09-06T13:05:33.060+0000] {processor.py:183} INFO - Processing /opt/airflow/dags/financial_pipeline_dag.py took 0.181 seconds
[2026-09-06T13:05:45.496+0000] {processor.py:161} INFO - Started process (PID=180) to work on /opt/airflow/dags/financial_pipeline_dag.py
[2026-09-06T13:05:45.497+0000] {processor.py:830} INFO - Processing file /opt/airflow/dags/financial_pipeline_dag.py for tasks to queue
[2026-09-06T13:05:45.499+0000] {logging_mixin.py:188} INFO - [2026-09-06T13:05:45.498+0000] {dagbag.py:545} INFO - Filling up the DagBag from /opt/airflow/dags/financial_pipeline_dag.py
[2026-09-06T13:05:45.621+0000] {logging_mixin.py:188} INFO - [2026-09-06T13:05:45.621+0000] {graph.py:719} INFO - Trying to parse the dbt project `transformations` using a dbt manifest...
[2026-09-06T13:05:45.640+0000] {logging_mixin.py:188} INFO - [2026-09-06T13:05:45.637+0000] {dagbag.py:355} ERROR - Failed to import: /opt/airflow/dags/financial_pipeline_dag.py
Traceback (most recent call last):
  File "/home/airflow/.local/lib/python3.11/site-packages/airflow/models/dagbag.py", line 351, in parse
    loader.exec_module(new_module)
  File "<frozen importlib._bootstrap_external>", line 940, in exec_module
  File "<frozen importlib._bootstrap>", line 241, in _call_with_frames_removed
  File "/opt/airflow/dags/financial_pipeline_dag.py", line 115, in <module>
    dbt_stg_overview = make_dbt_group("dbt_stg_overview", "stg_overview")
                       ^^^^^^^^^^^^^^^^^^^^^^^^^^^^^^^^^^^^^^^^^^^^^^^^^^
  File "/opt/airflow/dags/financial_pipeline_dag.py", line 102, in make_dbt_group
    return DbtTaskGroup(
           ^^^^^^^^^^^^^
  File "/home/airflow/.local/lib/python3.11/site-packages/cosmos/airflow/task_group.py", line 28, in __init__
    DbtToAirflowConverter.__init__(self, *args, **specific_kwargs(**kwargs))
  File "/home/airflow/.local/lib/python3.11/site-packages/cosmos/converter.py", line 261, in __init__
    self.dbt_graph.load(method=render_config.load_method, execution_mode=execution_config.execution_mode)
  File "/home/airflow/.local/lib/python3.11/site-packages/cosmos/dbt/graph.py", line 440, in load
    load_method[method]()
  File "/home/airflow/.local/lib/python3.11/site-packages/cosmos/dbt/graph.py", line 748, in load_from_dbt_manifest
    config=node_dict["config"],
           ~~~~~~~~~^^^^^^^^^^
KeyError: 'config'
[2026-09-06T13:05:45.642+0000] {processor.py:842} WARNING - No viable dags retrieved from /opt/airflow/dags/financial_pipeline_dag.py
[2026-09-06T13:05:45.660+0000] {processor.py:183} INFO - Processing /opt/airflow/dags/financial_pipeline_dag.py took 0.176 seconds
[2026-09-06T13:05:58.167+0000] {processor.py:161} INFO - Started process (PID=180) to work on /opt/airflow/dags/financial_pipeline_dag.py
[2026-09-06T13:05:58.167+0000] {processor.py:830} INFO - Processing file /opt/airflow/dags/financial_pipeline_dag.py for tasks to queue
[2026-09-06T13:05:58.169+0000] {logging_mixin.py:188} INFO - [2026-09-06T13:05:58.169+0000] {dagbag.py:545} INFO - Filling up the DagBag from /opt/airflow/dags/financial_pipeline_dag.py
[2026-09-06T13:05:58.293+0000] {logging_mixin.py:188} INFO - [2026-09-06T13:05:58.293+0000] {graph.py:719} INFO - Trying to parse the dbt project `transformations` using a dbt manifest...
[2026-09-06T13:05:58.313+0000] {logging_mixin.py:188} INFO - [2026-09-06T13:05:58.308+0000] {dagbag.py:355} ERROR - Failed to import: /opt/airflow/dags/financial_pipeline_dag.py
Traceback (most recent call last):
  File "/home/airflow/.local/lib/python3.11/site-packages/airflow/models/dagbag.py", line 351, in parse
    loader.exec_module(new_module)
  File "<frozen importlib._bootstrap_external>", line 940, in exec_module
  File "<frozen importlib._bootstrap>", line 241, in _call_with_frames_removed
  File "/opt/airflow/dags/financial_pipeline_dag.py", line 115, in <module>
    dbt_stg_overview = make_dbt_group("dbt_stg_overview", "stg_overview")
                       ^^^^^^^^^^^^^^^^^^^^^^^^^^^^^^^^^^^^^^^^^^^^^^^^^^
  File "/opt/airflow/dags/financial_pipeline_dag.py", line 102, in make_dbt_group
    return DbtTaskGroup(
           ^^^^^^^^^^^^^
  File "/home/airflow/.local/lib/python3.11/site-packages/cosmos/airflow/task_group.py", line 28, in __init__
    DbtToAirflowConverter.__init__(self, *args, **specific_kwargs(**kwargs))
  File "/home/airflow/.local/lib/python3.11/site-packages/cosmos/converter.py", line 261, in __init__
    self.dbt_graph.load(method=render_config.load_method, execution_mode=execution_config.execution_mode)
  File "/home/airflow/.local/lib/python3.11/site-packages/cosmos/dbt/graph.py", line 440, in load
    load_method[method]()
  File "/home/airflow/.local/lib/python3.11/site-packages/cosmos/dbt/graph.py", line 748, in load_from_dbt_manifest
    config=node_dict["config"],
           ~~~~~~~~~^^^^^^^^^^
KeyError: 'config'
[2026-09-06T13:05:58.314+0000] {processor.py:842} WARNING - No viable dags retrieved from /opt/airflow/dags/financial_pipeline_dag.py
[2026-09-06T13:05:58.331+0000] {processor.py:183} INFO - Processing /opt/airflow/dags/financial_pipeline_dag.py took 0.175 seconds
[2026-09-06T13:06:11.087+0000] {processor.py:161} INFO - Started process (PID=180) to work on /opt/airflow/dags/financial_pipeline_dag.py
[2026-09-06T13:06:11.088+0000] {processor.py:830} INFO - Processing file /opt/airflow/dags/financial_pipeline_dag.py for tasks to queue
[2026-09-06T13:06:11.091+0000] {logging_mixin.py:188} INFO - [2026-09-06T13:06:11.090+0000] {dagbag.py:545} INFO - Filling up the DagBag from /opt/airflow/dags/financial_pipeline_dag.py
[2026-09-06T13:06:11.234+0000] {logging_mixin.py:188} INFO - [2026-09-06T13:06:11.234+0000] {graph.py:719} INFO - Trying to parse the dbt project `transformations` using a dbt manifest...
[2026-09-06T13:06:11.253+0000] {logging_mixin.py:188} INFO - [2026-09-06T13:06:11.249+0000] {dagbag.py:355} ERROR - Failed to import: /opt/airflow/dags/financial_pipeline_dag.py
Traceback (most recent call last):
  File "/home/airflow/.local/lib/python3.11/site-packages/airflow/models/dagbag.py", line 351, in parse
    loader.exec_module(new_module)
  File "<frozen importlib._bootstrap_external>", line 940, in exec_module
  File "<frozen importlib._bootstrap>", line 241, in _call_with_frames_removed
  File "/opt/airflow/dags/financial_pipeline_dag.py", line 115, in <module>
    dbt_stg_overview = make_dbt_group("dbt_stg_overview", "stg_overview")
                       ^^^^^^^^^^^^^^^^^^^^^^^^^^^^^^^^^^^^^^^^^^^^^^^^^^
  File "/opt/airflow/dags/financial_pipeline_dag.py", line 102, in make_dbt_group
    return DbtTaskGroup(
           ^^^^^^^^^^^^^
  File "/home/airflow/.local/lib/python3.11/site-packages/cosmos/airflow/task_group.py", line 28, in __init__
    DbtToAirflowConverter.__init__(self, *args, **specific_kwargs(**kwargs))
  File "/home/airflow/.local/lib/python3.11/site-packages/cosmos/converter.py", line 261, in __init__
    self.dbt_graph.load(method=render_config.load_method, execution_mode=execution_config.execution_mode)
  File "/home/airflow/.local/lib/python3.11/site-packages/cosmos/dbt/graph.py", line 440, in load
    load_method[method]()
  File "/home/airflow/.local/lib/python3.11/site-packages/cosmos/dbt/graph.py", line 748, in load_from_dbt_manifest
    config=node_dict["config"],
           ~~~~~~~~~^^^^^^^^^^
KeyError: 'config'
[2026-09-06T13:06:11.254+0000] {processor.py:842} WARNING - No viable dags retrieved from /opt/airflow/dags/financial_pipeline_dag.py
[2026-09-06T13:06:11.273+0000] {processor.py:183} INFO - Processing /opt/airflow/dags/financial_pipeline_dag.py took 0.193 seconds
[2026-09-06T13:06:24.715+0000] {processor.py:161} INFO - Started process (PID=180) to work on /opt/airflow/dags/financial_pipeline_dag.py
[2026-09-06T13:06:24.717+0000] {processor.py:830} INFO - Processing file /opt/airflow/dags/financial_pipeline_dag.py for tasks to queue
[2026-09-06T13:06:24.719+0000] {logging_mixin.py:188} INFO - [2026-09-06T13:06:24.718+0000] {dagbag.py:545} INFO - Filling up the DagBag from /opt/airflow/dags/financial_pipeline_dag.py
[2026-09-06T13:06:24.881+0000] {logging_mixin.py:188} INFO - [2026-09-06T13:06:24.881+0000] {graph.py:719} INFO - Trying to parse the dbt project `transformations` using a dbt manifest...
[2026-09-06T13:06:24.900+0000] {logging_mixin.py:188} INFO - [2026-09-06T13:06:24.897+0000] {dagbag.py:355} ERROR - Failed to import: /opt/airflow/dags/financial_pipeline_dag.py
Traceback (most recent call last):
  File "/home/airflow/.local/lib/python3.11/site-packages/airflow/models/dagbag.py", line 351, in parse
    loader.exec_module(new_module)
  File "<frozen importlib._bootstrap_external>", line 940, in exec_module
  File "<frozen importlib._bootstrap>", line 241, in _call_with_frames_removed
  File "/opt/airflow/dags/financial_pipeline_dag.py", line 115, in <module>
    dbt_stg_overview = make_dbt_group("dbt_stg_overview", "stg_overview")
                       ^^^^^^^^^^^^^^^^^^^^^^^^^^^^^^^^^^^^^^^^^^^^^^^^^^
  File "/opt/airflow/dags/financial_pipeline_dag.py", line 102, in make_dbt_group
    return DbtTaskGroup(
           ^^^^^^^^^^^^^
  File "/home/airflow/.local/lib/python3.11/site-packages/cosmos/airflow/task_group.py", line 28, in __init__
    DbtToAirflowConverter.__init__(self, *args, **specific_kwargs(**kwargs))
  File "/home/airflow/.local/lib/python3.11/site-packages/cosmos/converter.py", line 261, in __init__
    self.dbt_graph.load(method=render_config.load_method, execution_mode=execution_config.execution_mode)
  File "/home/airflow/.local/lib/python3.11/site-packages/cosmos/dbt/graph.py", line 440, in load
    load_method[method]()
  File "/home/airflow/.local/lib/python3.11/site-packages/cosmos/dbt/graph.py", line 748, in load_from_dbt_manifest
    config=node_dict["config"],
           ~~~~~~~~~^^^^^^^^^^
KeyError: 'config'
[2026-09-06T13:06:24.901+0000] {processor.py:842} WARNING - No viable dags retrieved from /opt/airflow/dags/financial_pipeline_dag.py
[2026-09-06T13:06:24.921+0000] {processor.py:183} INFO - Processing /opt/airflow/dags/financial_pipeline_dag.py took 0.214 seconds
[2026-09-06T13:06:39.956+0000] {processor.py:161} INFO - Started process (PID=181) to work on /opt/airflow/dags/financial_pipeline_dag.py
[2026-09-06T13:06:39.957+0000] {processor.py:830} INFO - Processing file /opt/airflow/dags/financial_pipeline_dag.py for tasks to queue
[2026-09-06T13:06:39.963+0000] {logging_mixin.py:188} INFO - [2026-09-06T13:06:39.962+0000] {dagbag.py:545} INFO - Filling up the DagBag from /opt/airflow/dags/financial_pipeline_dag.py
[2026-09-06T13:06:40.091+0000] {logging_mixin.py:188} INFO - [2026-09-06T13:06:40.090+0000] {graph.py:719} INFO - Trying to parse the dbt project `transformations` using a dbt manifest...
[2026-09-06T13:06:40.110+0000] {logging_mixin.py:188} INFO - [2026-09-06T13:06:40.106+0000] {dagbag.py:355} ERROR - Failed to import: /opt/airflow/dags/financial_pipeline_dag.py
Traceback (most recent call last):
  File "/home/airflow/.local/lib/python3.11/site-packages/airflow/models/dagbag.py", line 351, in parse
    loader.exec_module(new_module)
  File "<frozen importlib._bootstrap_external>", line 940, in exec_module
  File "<frozen importlib._bootstrap>", line 241, in _call_with_frames_removed
  File "/opt/airflow/dags/financial_pipeline_dag.py", line 115, in <module>
    dbt_stg_overview = make_dbt_group("dbt_stg_overview", "stg_overview")
                       ^^^^^^^^^^^^^^^^^^^^^^^^^^^^^^^^^^^^^^^^^^^^^^^^^^
  File "/opt/airflow/dags/financial_pipeline_dag.py", line 102, in make_dbt_group
    return DbtTaskGroup(
           ^^^^^^^^^^^^^
  File "/home/airflow/.local/lib/python3.11/site-packages/cosmos/airflow/task_group.py", line 28, in __init__
    DbtToAirflowConverter.__init__(self, *args, **specific_kwargs(**kwargs))
  File "/home/airflow/.local/lib/python3.11/site-packages/cosmos/converter.py", line 261, in __init__
    self.dbt_graph.load(method=render_config.load_method, execution_mode=execution_config.execution_mode)
  File "/home/airflow/.local/lib/python3.11/site-packages/cosmos/dbt/graph.py", line 440, in load
    load_method[method]()
  File "/home/airflow/.local/lib/python3.11/site-packages/cosmos/dbt/graph.py", line 748, in load_from_dbt_manifest
    config=node_dict["config"],
           ~~~~~~~~~^^^^^^^^^^
KeyError: 'config'
[2026-09-06T13:06:40.111+0000] {processor.py:842} WARNING - No viable dags retrieved from /opt/airflow/dags/financial_pipeline_dag.py
[2026-09-06T13:06:40.130+0000] {processor.py:183} INFO - Processing /opt/airflow/dags/financial_pipeline_dag.py took 0.184 seconds
[2026-09-06T13:06:52.981+0000] {processor.py:161} INFO - Started process (PID=183) to work on /opt/airflow/dags/financial_pipeline_dag.py
[2026-09-06T13:06:52.983+0000] {processor.py:830} INFO - Processing file /opt/airflow/dags/financial_pipeline_dag.py for tasks to queue
[2026-09-06T13:06:52.984+0000] {logging_mixin.py:188} INFO - [2026-09-06T13:06:52.984+0000] {dagbag.py:545} INFO - Filling up the DagBag from /opt/airflow/dags/financial_pipeline_dag.py
[2026-09-06T13:06:53.126+0000] {logging_mixin.py:188} INFO - [2026-09-06T13:06:53.126+0000] {graph.py:719} INFO - Trying to parse the dbt project `transformations` using a dbt manifest...
[2026-09-06T13:06:53.147+0000] {logging_mixin.py:188} INFO - [2026-09-06T13:06:53.143+0000] {dagbag.py:355} ERROR - Failed to import: /opt/airflow/dags/financial_pipeline_dag.py
Traceback (most recent call last):
  File "/home/airflow/.local/lib/python3.11/site-packages/airflow/models/dagbag.py", line 351, in parse
    loader.exec_module(new_module)
  File "<frozen importlib._bootstrap_external>", line 940, in exec_module
  File "<frozen importlib._bootstrap>", line 241, in _call_with_frames_removed
  File "/opt/airflow/dags/financial_pipeline_dag.py", line 115, in <module>
    dbt_stg_overview = make_dbt_group("dbt_stg_overview", "stg_overview")
                       ^^^^^^^^^^^^^^^^^^^^^^^^^^^^^^^^^^^^^^^^^^^^^^^^^^
  File "/opt/airflow/dags/financial_pipeline_dag.py", line 102, in make_dbt_group
    return DbtTaskGroup(
           ^^^^^^^^^^^^^
  File "/home/airflow/.local/lib/python3.11/site-packages/cosmos/airflow/task_group.py", line 28, in __init__
    DbtToAirflowConverter.__init__(self, *args, **specific_kwargs(**kwargs))
  File "/home/airflow/.local/lib/python3.11/site-packages/cosmos/converter.py", line 261, in __init__
    self.dbt_graph.load(method=render_config.load_method, execution_mode=execution_config.execution_mode)
  File "/home/airflow/.local/lib/python3.11/site-packages/cosmos/dbt/graph.py", line 440, in load
    load_method[method]()
  File "/home/airflow/.local/lib/python3.11/site-packages/cosmos/dbt/graph.py", line 748, in load_from_dbt_manifest
    config=node_dict["config"],
           ~~~~~~~~~^^^^^^^^^^
KeyError: 'config'
[2026-09-06T13:06:53.149+0000] {processor.py:842} WARNING - No viable dags retrieved from /opt/airflow/dags/financial_pipeline_dag.py
[2026-09-06T13:06:53.170+0000] {processor.py:183} INFO - Processing /opt/airflow/dags/financial_pipeline_dag.py took 0.197 seconds
[2026-09-06T13:07:05.983+0000] {processor.py:161} INFO - Started process (PID=180) to work on /opt/airflow/dags/financial_pipeline_dag.py
[2026-09-06T13:07:05.985+0000] {processor.py:830} INFO - Processing file /opt/airflow/dags/financial_pipeline_dag.py for tasks to queue
[2026-09-06T13:07:05.986+0000] {logging_mixin.py:188} INFO - [2026-09-06T13:07:05.986+0000] {dagbag.py:545} INFO - Filling up the DagBag from /opt/airflow/dags/financial_pipeline_dag.py
[2026-09-06T13:07:06.130+0000] {logging_mixin.py:188} INFO - [2026-09-06T13:07:06.130+0000] {graph.py:719} INFO - Trying to parse the dbt project `transformations` using a dbt manifest...
[2026-09-06T13:07:06.149+0000] {logging_mixin.py:188} INFO - [2026-09-06T13:07:06.145+0000] {dagbag.py:355} ERROR - Failed to import: /opt/airflow/dags/financial_pipeline_dag.py
Traceback (most recent call last):
  File "/home/airflow/.local/lib/python3.11/site-packages/airflow/models/dagbag.py", line 351, in parse
    loader.exec_module(new_module)
  File "<frozen importlib._bootstrap_external>", line 940, in exec_module
  File "<frozen importlib._bootstrap>", line 241, in _call_with_frames_removed
  File "/opt/airflow/dags/financial_pipeline_dag.py", line 115, in <module>
    dbt_stg_overview = make_dbt_group("dbt_stg_overview", "stg_overview")
                       ^^^^^^^^^^^^^^^^^^^^^^^^^^^^^^^^^^^^^^^^^^^^^^^^^^
  File "/opt/airflow/dags/financial_pipeline_dag.py", line 102, in make_dbt_group
    return DbtTaskGroup(
           ^^^^^^^^^^^^^
  File "/home/airflow/.local/lib/python3.11/site-packages/cosmos/airflow/task_group.py", line 28, in __init__
    DbtToAirflowConverter.__init__(self, *args, **specific_kwargs(**kwargs))
  File "/home/airflow/.local/lib/python3.11/site-packages/cosmos/converter.py", line 261, in __init__
    self.dbt_graph.load(method=render_config.load_method, execution_mode=execution_config.execution_mode)
  File "/home/airflow/.local/lib/python3.11/site-packages/cosmos/dbt/graph.py", line 440, in load
    load_method[method]()
  File "/home/airflow/.local/lib/python3.11/site-packages/cosmos/dbt/graph.py", line 748, in load_from_dbt_manifest
    config=node_dict["config"],
           ~~~~~~~~~^^^^^^^^^^
KeyError: 'config'
[2026-09-06T13:07:06.150+0000] {processor.py:842} WARNING - No viable dags retrieved from /opt/airflow/dags/financial_pipeline_dag.py
[2026-09-06T13:07:06.198+0000] {processor.py:183} INFO - Processing /opt/airflow/dags/financial_pipeline_dag.py took 0.221 seconds
[2026-09-06T13:07:18.679+0000] {processor.py:161} INFO - Started process (PID=180) to work on /opt/airflow/dags/financial_pipeline_dag.py
[2026-09-06T13:07:18.680+0000] {processor.py:830} INFO - Processing file /opt/airflow/dags/financial_pipeline_dag.py for tasks to queue
[2026-09-06T13:07:18.683+0000] {logging_mixin.py:188} INFO - [2026-09-06T13:07:18.682+0000] {dagbag.py:545} INFO - Filling up the DagBag from /opt/airflow/dags/financial_pipeline_dag.py
[2026-09-06T13:07:18.814+0000] {logging_mixin.py:188} INFO - [2026-09-06T13:07:18.814+0000] {graph.py:719} INFO - Trying to parse the dbt project `transformations` using a dbt manifest...
[2026-09-06T13:07:18.834+0000] {logging_mixin.py:188} INFO - [2026-09-06T13:07:18.830+0000] {dagbag.py:355} ERROR - Failed to import: /opt/airflow/dags/financial_pipeline_dag.py
Traceback (most recent call last):
  File "/home/airflow/.local/lib/python3.11/site-packages/airflow/models/dagbag.py", line 351, in parse
    loader.exec_module(new_module)
  File "<frozen importlib._bootstrap_external>", line 940, in exec_module
  File "<frozen importlib._bootstrap>", line 241, in _call_with_frames_removed
  File "/opt/airflow/dags/financial_pipeline_dag.py", line 115, in <module>
    dbt_stg_overview = make_dbt_group("dbt_stg_overview", "stg_overview")
                       ^^^^^^^^^^^^^^^^^^^^^^^^^^^^^^^^^^^^^^^^^^^^^^^^^^
  File "/opt/airflow/dags/financial_pipeline_dag.py", line 102, in make_dbt_group
    return DbtTaskGroup(
           ^^^^^^^^^^^^^
  File "/home/airflow/.local/lib/python3.11/site-packages/cosmos/airflow/task_group.py", line 28, in __init__
    DbtToAirflowConverter.__init__(self, *args, **specific_kwargs(**kwargs))
  File "/home/airflow/.local/lib/python3.11/site-packages/cosmos/converter.py", line 261, in __init__
    self.dbt_graph.load(method=render_config.load_method, execution_mode=execution_config.execution_mode)
  File "/home/airflow/.local/lib/python3.11/site-packages/cosmos/dbt/graph.py", line 440, in load
    load_method[method]()
  File "/home/airflow/.local/lib/python3.11/site-packages/cosmos/dbt/graph.py", line 748, in load_from_dbt_manifest
    config=node_dict["config"],
           ~~~~~~~~~^^^^^^^^^^
KeyError: 'config'
[2026-09-06T13:07:18.835+0000] {processor.py:842} WARNING - No viable dags retrieved from /opt/airflow/dags/financial_pipeline_dag.py
[2026-09-06T13:07:18.854+0000] {processor.py:183} INFO - Processing /opt/airflow/dags/financial_pipeline_dag.py took 0.181 seconds
[2026-09-06T13:07:32.027+0000] {processor.py:161} INFO - Started process (PID=180) to work on /opt/airflow/dags/financial_pipeline_dag.py
[2026-09-06T13:07:32.028+0000] {processor.py:830} INFO - Processing file /opt/airflow/dags/financial_pipeline_dag.py for tasks to queue
[2026-09-06T13:07:32.030+0000] {logging_mixin.py:188} INFO - [2026-09-06T13:07:32.030+0000] {dagbag.py:545} INFO - Filling up the DagBag from /opt/airflow/dags/financial_pipeline_dag.py
[2026-09-06T13:07:32.156+0000] {logging_mixin.py:188} INFO - [2026-09-06T13:07:32.156+0000] {graph.py:719} INFO - Trying to parse the dbt project `transformations` using a dbt manifest...
[2026-09-06T13:07:32.174+0000] {logging_mixin.py:188} INFO - [2026-09-06T13:07:32.171+0000] {dagbag.py:355} ERROR - Failed to import: /opt/airflow/dags/financial_pipeline_dag.py
Traceback (most recent call last):
  File "/home/airflow/.local/lib/python3.11/site-packages/airflow/models/dagbag.py", line 351, in parse
    loader.exec_module(new_module)
  File "<frozen importlib._bootstrap_external>", line 940, in exec_module
  File "<frozen importlib._bootstrap>", line 241, in _call_with_frames_removed
  File "/opt/airflow/dags/financial_pipeline_dag.py", line 115, in <module>
    dbt_stg_overview = make_dbt_group("dbt_stg_overview", "stg_overview")
                       ^^^^^^^^^^^^^^^^^^^^^^^^^^^^^^^^^^^^^^^^^^^^^^^^^^
  File "/opt/airflow/dags/financial_pipeline_dag.py", line 102, in make_dbt_group
    return DbtTaskGroup(
           ^^^^^^^^^^^^^
  File "/home/airflow/.local/lib/python3.11/site-packages/cosmos/airflow/task_group.py", line 28, in __init__
    DbtToAirflowConverter.__init__(self, *args, **specific_kwargs(**kwargs))
  File "/home/airflow/.local/lib/python3.11/site-packages/cosmos/converter.py", line 261, in __init__
    self.dbt_graph.load(method=render_config.load_method, execution_mode=execution_config.execution_mode)
  File "/home/airflow/.local/lib/python3.11/site-packages/cosmos/dbt/graph.py", line 440, in load
    load_method[method]()
  File "/home/airflow/.local/lib/python3.11/site-packages/cosmos/dbt/graph.py", line 748, in load_from_dbt_manifest
    config=node_dict["config"],
           ~~~~~~~~~^^^^^^^^^^
KeyError: 'config'
[2026-09-06T13:07:32.175+0000] {processor.py:842} WARNING - No viable dags retrieved from /opt/airflow/dags/financial_pipeline_dag.py
[2026-09-06T13:07:32.193+0000] {processor.py:183} INFO - Processing /opt/airflow/dags/financial_pipeline_dag.py took 0.175 seconds
[2026-09-06T13:07:44.626+0000] {processor.py:161} INFO - Started process (PID=180) to work on /opt/airflow/dags/financial_pipeline_dag.py
[2026-09-06T13:07:44.627+0000] {processor.py:830} INFO - Processing file /opt/airflow/dags/financial_pipeline_dag.py for tasks to queue
[2026-09-06T13:07:44.630+0000] {logging_mixin.py:188} INFO - [2026-09-06T13:07:44.629+0000] {dagbag.py:545} INFO - Filling up the DagBag from /opt/airflow/dags/financial_pipeline_dag.py
[2026-09-06T13:07:44.760+0000] {logging_mixin.py:188} INFO - [2026-09-06T13:07:44.760+0000] {graph.py:719} INFO - Trying to parse the dbt project `transformations` using a dbt manifest...
[2026-09-06T13:07:44.780+0000] {logging_mixin.py:188} INFO - [2026-09-06T13:07:44.775+0000] {dagbag.py:355} ERROR - Failed to import: /opt/airflow/dags/financial_pipeline_dag.py
Traceback (most recent call last):
  File "/home/airflow/.local/lib/python3.11/site-packages/airflow/models/dagbag.py", line 351, in parse
    loader.exec_module(new_module)
  File "<frozen importlib._bootstrap_external>", line 940, in exec_module
  File "<frozen importlib._bootstrap>", line 241, in _call_with_frames_removed
  File "/opt/airflow/dags/financial_pipeline_dag.py", line 115, in <module>
    dbt_stg_overview = make_dbt_group("dbt_stg_overview", "stg_overview")
                       ^^^^^^^^^^^^^^^^^^^^^^^^^^^^^^^^^^^^^^^^^^^^^^^^^^
  File "/opt/airflow/dags/financial_pipeline_dag.py", line 102, in make_dbt_group
    return DbtTaskGroup(
           ^^^^^^^^^^^^^
  File "/home/airflow/.local/lib/python3.11/site-packages/cosmos/airflow/task_group.py", line 28, in __init__
    DbtToAirflowConverter.__init__(self, *args, **specific_kwargs(**kwargs))
  File "/home/airflow/.local/lib/python3.11/site-packages/cosmos/converter.py", line 261, in __init__
    self.dbt_graph.load(method=render_config.load_method, execution_mode=execution_config.execution_mode)
  File "/home/airflow/.local/lib/python3.11/site-packages/cosmos/dbt/graph.py", line 440, in load
    load_method[method]()
  File "/home/airflow/.local/lib/python3.11/site-packages/cosmos/dbt/graph.py", line 748, in load_from_dbt_manifest
    config=node_dict["config"],
           ~~~~~~~~~^^^^^^^^^^
KeyError: 'config'
[2026-09-06T13:07:44.781+0000] {processor.py:842} WARNING - No viable dags retrieved from /opt/airflow/dags/financial_pipeline_dag.py
[2026-09-06T13:07:44.799+0000] {processor.py:183} INFO - Processing /opt/airflow/dags/financial_pipeline_dag.py took 0.182 seconds
[2026-09-06T13:07:57.466+0000] {processor.py:161} INFO - Started process (PID=180) to work on /opt/airflow/dags/financial_pipeline_dag.py
[2026-09-06T13:07:57.467+0000] {processor.py:830} INFO - Processing file /opt/airflow/dags/financial_pipeline_dag.py for tasks to queue
[2026-09-06T13:07:57.469+0000] {logging_mixin.py:188} INFO - [2026-09-06T13:07:57.469+0000] {dagbag.py:545} INFO - Filling up the DagBag from /opt/airflow/dags/financial_pipeline_dag.py
[2026-09-06T13:07:57.619+0000] {logging_mixin.py:188} INFO - [2026-09-06T13:07:57.618+0000] {graph.py:719} INFO - Trying to parse the dbt project `transformations` using a dbt manifest...
[2026-09-06T13:07:57.637+0000] {logging_mixin.py:188} INFO - [2026-09-06T13:07:57.634+0000] {dagbag.py:355} ERROR - Failed to import: /opt/airflow/dags/financial_pipeline_dag.py
Traceback (most recent call last):
  File "/home/airflow/.local/lib/python3.11/site-packages/airflow/models/dagbag.py", line 351, in parse
    loader.exec_module(new_module)
  File "<frozen importlib._bootstrap_external>", line 940, in exec_module
  File "<frozen importlib._bootstrap>", line 241, in _call_with_frames_removed
  File "/opt/airflow/dags/financial_pipeline_dag.py", line 115, in <module>
    dbt_stg_overview = make_dbt_group("dbt_stg_overview", "stg_overview")
                       ^^^^^^^^^^^^^^^^^^^^^^^^^^^^^^^^^^^^^^^^^^^^^^^^^^
  File "/opt/airflow/dags/financial_pipeline_dag.py", line 102, in make_dbt_group
    return DbtTaskGroup(
           ^^^^^^^^^^^^^
  File "/home/airflow/.local/lib/python3.11/site-packages/cosmos/airflow/task_group.py", line 28, in __init__
    DbtToAirflowConverter.__init__(self, *args, **specific_kwargs(**kwargs))
  File "/home/airflow/.local/lib/python3.11/site-packages/cosmos/converter.py", line 261, in __init__
    self.dbt_graph.load(method=render_config.load_method, execution_mode=execution_config.execution_mode)
  File "/home/airflow/.local/lib/python3.11/site-packages/cosmos/dbt/graph.py", line 440, in load
    load_method[method]()
  File "/home/airflow/.local/lib/python3.11/site-packages/cosmos/dbt/graph.py", line 748, in load_from_dbt_manifest
    config=node_dict["config"],
           ~~~~~~~~~^^^^^^^^^^
KeyError: 'config'
[2026-09-06T13:07:57.638+0000] {processor.py:842} WARNING - No viable dags retrieved from /opt/airflow/dags/financial_pipeline_dag.py
[2026-09-06T13:07:57.688+0000] {processor.py:183} INFO - Processing /opt/airflow/dags/financial_pipeline_dag.py took 0.230 seconds
[2026-09-06T13:08:10.546+0000] {processor.py:161} INFO - Started process (PID=180) to work on /opt/airflow/dags/financial_pipeline_dag.py
[2026-09-06T13:08:10.547+0000] {processor.py:830} INFO - Processing file /opt/airflow/dags/financial_pipeline_dag.py for tasks to queue
[2026-09-06T13:08:10.548+0000] {logging_mixin.py:188} INFO - [2026-09-06T13:08:10.548+0000] {dagbag.py:545} INFO - Filling up the DagBag from /opt/airflow/dags/financial_pipeline_dag.py
[2026-09-06T13:08:10.677+0000] {logging_mixin.py:188} INFO - [2026-09-06T13:08:10.677+0000] {graph.py:719} INFO - Trying to parse the dbt project `transformations` using a dbt manifest...
[2026-09-06T13:08:10.695+0000] {logging_mixin.py:188} INFO - [2026-09-06T13:08:10.692+0000] {dagbag.py:355} ERROR - Failed to import: /opt/airflow/dags/financial_pipeline_dag.py
Traceback (most recent call last):
  File "/home/airflow/.local/lib/python3.11/site-packages/airflow/models/dagbag.py", line 351, in parse
    loader.exec_module(new_module)
  File "<frozen importlib._bootstrap_external>", line 940, in exec_module
  File "<frozen importlib._bootstrap>", line 241, in _call_with_frames_removed
  File "/opt/airflow/dags/financial_pipeline_dag.py", line 115, in <module>
    dbt_stg_overview = make_dbt_group("dbt_stg_overview", "stg_overview")
                       ^^^^^^^^^^^^^^^^^^^^^^^^^^^^^^^^^^^^^^^^^^^^^^^^^^
  File "/opt/airflow/dags/financial_pipeline_dag.py", line 102, in make_dbt_group
    return DbtTaskGroup(
           ^^^^^^^^^^^^^
  File "/home/airflow/.local/lib/python3.11/site-packages/cosmos/airflow/task_group.py", line 28, in __init__
    DbtToAirflowConverter.__init__(self, *args, **specific_kwargs(**kwargs))
  File "/home/airflow/.local/lib/python3.11/site-packages/cosmos/converter.py", line 261, in __init__
    self.dbt_graph.load(method=render_config.load_method, execution_mode=execution_config.execution_mode)
  File "/home/airflow/.local/lib/python3.11/site-packages/cosmos/dbt/graph.py", line 440, in load
    load_method[method]()
  File "/home/airflow/.local/lib/python3.11/site-packages/cosmos/dbt/graph.py", line 748, in load_from_dbt_manifest
    config=node_dict["config"],
           ~~~~~~~~~^^^^^^^^^^
KeyError: 'config'
[2026-09-06T13:08:10.696+0000] {processor.py:842} WARNING - No viable dags retrieved from /opt/airflow/dags/financial_pipeline_dag.py
[2026-09-06T13:08:10.713+0000] {processor.py:183} INFO - Processing /opt/airflow/dags/financial_pipeline_dag.py took 0.177 seconds
[2026-09-06T13:08:23.285+0000] {processor.py:161} INFO - Started process (PID=180) to work on /opt/airflow/dags/financial_pipeline_dag.py
[2026-09-06T13:08:23.287+0000] {processor.py:830} INFO - Processing file /opt/airflow/dags/financial_pipeline_dag.py for tasks to queue
[2026-09-06T13:08:23.289+0000] {logging_mixin.py:188} INFO - [2026-09-06T13:08:23.288+0000] {dagbag.py:545} INFO - Filling up the DagBag from /opt/airflow/dags/financial_pipeline_dag.py
[2026-09-06T13:08:23.416+0000] {logging_mixin.py:188} INFO - [2026-09-06T13:08:23.415+0000] {graph.py:719} INFO - Trying to parse the dbt project `transformations` using a dbt manifest...
[2026-09-06T13:08:23.434+0000] {logging_mixin.py:188} INFO - [2026-09-06T13:08:23.430+0000] {dagbag.py:355} ERROR - Failed to import: /opt/airflow/dags/financial_pipeline_dag.py
Traceback (most recent call last):
  File "/home/airflow/.local/lib/python3.11/site-packages/airflow/models/dagbag.py", line 351, in parse
    loader.exec_module(new_module)
  File "<frozen importlib._bootstrap_external>", line 940, in exec_module
  File "<frozen importlib._bootstrap>", line 241, in _call_with_frames_removed
  File "/opt/airflow/dags/financial_pipeline_dag.py", line 115, in <module>
    dbt_stg_overview = make_dbt_group("dbt_stg_overview", "stg_overview")
                       ^^^^^^^^^^^^^^^^^^^^^^^^^^^^^^^^^^^^^^^^^^^^^^^^^^
  File "/opt/airflow/dags/financial_pipeline_dag.py", line 102, in make_dbt_group
    return DbtTaskGroup(
           ^^^^^^^^^^^^^
  File "/home/airflow/.local/lib/python3.11/site-packages/cosmos/airflow/task_group.py", line 28, in __init__
    DbtToAirflowConverter.__init__(self, *args, **specific_kwargs(**kwargs))
  File "/home/airflow/.local/lib/python3.11/site-packages/cosmos/converter.py", line 261, in __init__
    self.dbt_graph.load(method=render_config.load_method, execution_mode=execution_config.execution_mode)
  File "/home/airflow/.local/lib/python3.11/site-packages/cosmos/dbt/graph.py", line 440, in load
    load_method[method]()
  File "/home/airflow/.local/lib/python3.11/site-packages/cosmos/dbt/graph.py", line 748, in load_from_dbt_manifest
    config=node_dict["config"],
           ~~~~~~~~~^^^^^^^^^^
KeyError: 'config'
[2026-09-06T13:08:23.435+0000] {processor.py:842} WARNING - No viable dags retrieved from /opt/airflow/dags/financial_pipeline_dag.py
[2026-09-06T13:08:23.452+0000] {processor.py:183} INFO - Processing /opt/airflow/dags/financial_pipeline_dag.py took 0.174 seconds
[2026-09-06T13:08:36.539+0000] {processor.py:161} INFO - Started process (PID=180) to work on /opt/airflow/dags/financial_pipeline_dag.py
[2026-09-06T13:08:36.540+0000] {processor.py:830} INFO - Processing file /opt/airflow/dags/financial_pipeline_dag.py for tasks to queue
[2026-09-06T13:08:36.542+0000] {logging_mixin.py:188} INFO - [2026-09-06T13:08:36.542+0000] {dagbag.py:545} INFO - Filling up the DagBag from /opt/airflow/dags/financial_pipeline_dag.py
[2026-09-06T13:08:36.686+0000] {logging_mixin.py:188} INFO - [2026-09-06T13:08:36.686+0000] {graph.py:719} INFO - Trying to parse the dbt project `transformations` using a dbt manifest...
[2026-09-06T13:08:36.706+0000] {logging_mixin.py:188} INFO - [2026-09-06T13:08:36.702+0000] {dagbag.py:355} ERROR - Failed to import: /opt/airflow/dags/financial_pipeline_dag.py
Traceback (most recent call last):
  File "/home/airflow/.local/lib/python3.11/site-packages/airflow/models/dagbag.py", line 351, in parse
    loader.exec_module(new_module)
  File "<frozen importlib._bootstrap_external>", line 940, in exec_module
  File "<frozen importlib._bootstrap>", line 241, in _call_with_frames_removed
  File "/opt/airflow/dags/financial_pipeline_dag.py", line 115, in <module>
    dbt_stg_overview = make_dbt_group("dbt_stg_overview", "stg_overview")
                       ^^^^^^^^^^^^^^^^^^^^^^^^^^^^^^^^^^^^^^^^^^^^^^^^^^
  File "/opt/airflow/dags/financial_pipeline_dag.py", line 102, in make_dbt_group
    return DbtTaskGroup(
           ^^^^^^^^^^^^^
  File "/home/airflow/.local/lib/python3.11/site-packages/cosmos/airflow/task_group.py", line 28, in __init__
    DbtToAirflowConverter.__init__(self, *args, **specific_kwargs(**kwargs))
  File "/home/airflow/.local/lib/python3.11/site-packages/cosmos/converter.py", line 261, in __init__
    self.dbt_graph.load(method=render_config.load_method, execution_mode=execution_config.execution_mode)
  File "/home/airflow/.local/lib/python3.11/site-packages/cosmos/dbt/graph.py", line 440, in load
    load_method[method]()
  File "/home/airflow/.local/lib/python3.11/site-packages/cosmos/dbt/graph.py", line 748, in load_from_dbt_manifest
    config=node_dict["config"],
           ~~~~~~~~~^^^^^^^^^^
KeyError: 'config'
[2026-09-06T13:08:36.707+0000] {processor.py:842} WARNING - No viable dags retrieved from /opt/airflow/dags/financial_pipeline_dag.py
[2026-09-06T13:08:36.725+0000] {processor.py:183} INFO - Processing /opt/airflow/dags/financial_pipeline_dag.py took 0.195 seconds
[2026-09-06T13:08:49.526+0000] {processor.py:161} INFO - Started process (PID=180) to work on /opt/airflow/dags/financial_pipeline_dag.py
[2026-09-06T13:08:49.528+0000] {processor.py:830} INFO - Processing file /opt/airflow/dags/financial_pipeline_dag.py for tasks to queue
[2026-09-06T13:08:49.530+0000] {logging_mixin.py:188} INFO - [2026-09-06T13:08:49.529+0000] {dagbag.py:545} INFO - Filling up the DagBag from /opt/airflow/dags/financial_pipeline_dag.py
[2026-09-06T13:08:49.669+0000] {logging_mixin.py:188} INFO - [2026-09-06T13:08:49.668+0000] {graph.py:719} INFO - Trying to parse the dbt project `transformations` using a dbt manifest...
[2026-09-06T13:08:49.688+0000] {logging_mixin.py:188} INFO - [2026-09-06T13:08:49.684+0000] {dagbag.py:355} ERROR - Failed to import: /opt/airflow/dags/financial_pipeline_dag.py
Traceback (most recent call last):
  File "/home/airflow/.local/lib/python3.11/site-packages/airflow/models/dagbag.py", line 351, in parse
    loader.exec_module(new_module)
  File "<frozen importlib._bootstrap_external>", line 940, in exec_module
  File "<frozen importlib._bootstrap>", line 241, in _call_with_frames_removed
  File "/opt/airflow/dags/financial_pipeline_dag.py", line 115, in <module>
    dbt_stg_overview = make_dbt_group("dbt_stg_overview", "stg_overview")
                       ^^^^^^^^^^^^^^^^^^^^^^^^^^^^^^^^^^^^^^^^^^^^^^^^^^
  File "/opt/airflow/dags/financial_pipeline_dag.py", line 102, in make_dbt_group
    return DbtTaskGroup(
           ^^^^^^^^^^^^^
  File "/home/airflow/.local/lib/python3.11/site-packages/cosmos/airflow/task_group.py", line 28, in __init__
    DbtToAirflowConverter.__init__(self, *args, **specific_kwargs(**kwargs))
  File "/home/airflow/.local/lib/python3.11/site-packages/cosmos/converter.py", line 261, in __init__
    self.dbt_graph.load(method=render_config.load_method, execution_mode=execution_config.execution_mode)
  File "/home/airflow/.local/lib/python3.11/site-packages/cosmos/dbt/graph.py", line 440, in load
    load_method[method]()
  File "/home/airflow/.local/lib/python3.11/site-packages/cosmos/dbt/graph.py", line 748, in load_from_dbt_manifest
    config=node_dict["config"],
           ~~~~~~~~~^^^^^^^^^^
KeyError: 'config'
[2026-09-06T13:08:49.689+0000] {processor.py:842} WARNING - No viable dags retrieved from /opt/airflow/dags/financial_pipeline_dag.py
[2026-09-06T13:08:49.707+0000] {processor.py:183} INFO - Processing /opt/airflow/dags/financial_pipeline_dag.py took 0.191 seconds
[2026-09-06T13:09:22.127+0000] {processor.py:161} INFO - Started process (PID=180) to work on /opt/airflow/dags/financial_pipeline_dag.py
[2026-09-06T13:09:22.128+0000] {processor.py:830} INFO - Processing file /opt/airflow/dags/financial_pipeline_dag.py for tasks to queue
[2026-09-06T13:09:22.131+0000] {logging_mixin.py:188} INFO - [2026-09-06T13:09:22.130+0000] {dagbag.py:545} INFO - Filling up the DagBag from /opt/airflow/dags/financial_pipeline_dag.py
[2026-09-06T13:09:22.321+0000] {logging_mixin.py:188} INFO - [2026-09-06T13:09:22.321+0000] {graph.py:719} INFO - Trying to parse the dbt project `transformations` using a dbt manifest...
[2026-09-06T13:09:22.341+0000] {logging_mixin.py:188} INFO - [2026-09-06T13:09:22.336+0000] {dagbag.py:355} ERROR - Failed to import: /opt/airflow/dags/financial_pipeline_dag.py
Traceback (most recent call last):
  File "/home/airflow/.local/lib/python3.11/site-packages/airflow/models/dagbag.py", line 351, in parse
    loader.exec_module(new_module)
  File "<frozen importlib._bootstrap_external>", line 940, in exec_module
  File "<frozen importlib._bootstrap>", line 241, in _call_with_frames_removed
  File "/opt/airflow/dags/financial_pipeline_dag.py", line 115, in <module>
    dbt_stg_overview = make_dbt_group("dbt_stg_overview", "stg_overview")
                       ^^^^^^^^^^^^^^^^^^^^^^^^^^^^^^^^^^^^^^^^^^^^^^^^^^
  File "/opt/airflow/dags/financial_pipeline_dag.py", line 102, in make_dbt_group
    return DbtTaskGroup(
           ^^^^^^^^^^^^^
  File "/home/airflow/.local/lib/python3.11/site-packages/cosmos/airflow/task_group.py", line 28, in __init__
    DbtToAirflowConverter.__init__(self, *args, **specific_kwargs(**kwargs))
  File "/home/airflow/.local/lib/python3.11/site-packages/cosmos/converter.py", line 261, in __init__
    self.dbt_graph.load(method=render_config.load_method, execution_mode=execution_config.execution_mode)
  File "/home/airflow/.local/lib/python3.11/site-packages/cosmos/dbt/graph.py", line 440, in load
    load_method[method]()
  File "/home/airflow/.local/lib/python3.11/site-packages/cosmos/dbt/graph.py", line 748, in load_from_dbt_manifest
    config=node_dict["config"],
           ~~~~~~~~~^^^^^^^^^^
KeyError: 'config'
[2026-09-06T13:09:22.342+0000] {processor.py:842} WARNING - No viable dags retrieved from /opt/airflow/dags/financial_pipeline_dag.py
[2026-09-06T13:09:22.369+0000] {processor.py:183} INFO - Processing /opt/airflow/dags/financial_pipeline_dag.py took 0.250 seconds
