[2026-09-08T00:00:04.377+0000] {processor.py:161} INFO - Started process (PID=180) to work on /opt/airflow/dags/financial_pipeline_dag.py
[2026-09-08T00:00:04.378+0000] {processor.py:830} INFO - Processing file /opt/airflow/dags/financial_pipeline_dag.py for tasks to queue
[2026-09-08T00:00:04.380+0000] {logging_mixin.py:188} INFO - [2026-09-08T00:00:04.380+0000] {dagbag.py:545} INFO - Filling up the DagBag from /opt/airflow/dags/financial_pipeline_dag.py
[2026-09-08T00:00:04.529+0000] {logging_mixin.py:188} INFO - [2026-09-08T00:00:04.528+0000] {graph.py:719} INFO - Trying to parse the dbt project `transformations` using a dbt manifest...
[2026-09-08T00:00:04.551+0000] {logging_mixin.py:188} INFO - [2026-09-08T00:00:04.547+0000] {dagbag.py:355} ERROR - Failed to import: /opt/airflow/dags/financial_pipeline_dag.py
Traceback (most recent call last):
  File "/home/airflow/.local/lib/python3.11/site-packages/airflow/models/dagbag.py", line 351, in parse
    loader.exec_module(new_module)
  File "<frozen importlib._bootstrap_external>", line 940, in exec_module
  File "<frozen importlib._bootstrap>", line 241, in _call_with_frames_removed
  File "/opt/airflow/dags/financial_pipeline_dag.py", line 115, in <module>
    dbt_stg_overview = make_dbt_group("dbt_stg_overview", "stg_overview")
                       ^^^^^^^^^^^^^^^^^^^^^^^^^^^^^^^^^^^^^^^^^^^^^^^^^^
  File "/opt/airflow/dags/financial_pipeline_dag.py", line 102, in make_dbt_group
    return DbtTaskGroup(
           ^^^^^^^^^^^^^
  File "/home/airflow/.local/lib/python3.11/site-packages/cosmos/airflow/task_group.py", line 28, in __init__
    DbtToAirflowConverter.__init__(self, *args, **specific_kwargs(**kwargs))
  File "/home/airflow/.local/lib/python3.11/site-packages/cosmos/converter.py", line 261, in __init__
    self.dbt_graph.load(method=render_config.load_method, execution_mode=execution_config.execution_mode)
  File "/home/airflow/.local/lib/python3.11/site-packages/cosmos/dbt/graph.py", line 440, in load
    load_method[method]()
  File "/home/airflow/.local/lib/python3.11/site-packages/cosmos/dbt/graph.py", line 748, in load_from_dbt_manifest
    config=node_dict["config"],
           ~~~~~~~~~^^^^^^^^^^
KeyError: 'config'
[2026-09-08T00:00:04.552+0000] {processor.py:842} WARNING - No viable dags retrieved from /opt/airflow/dags/financial_pipeline_dag.py
[2026-09-08T00:00:04.571+0000] {processor.py:183} INFO - Processing /opt/airflow/dags/financial_pipeline_dag.py took 0.207 seconds
[2026-09-08T00:00:18.951+0000] {processor.py:161} INFO - Started process (PID=180) to work on /opt/airflow/dags/financial_pipeline_dag.py
[2026-09-08T00:00:18.954+0000] {processor.py:830} INFO - Processing file /opt/airflow/dags/financial_pipeline_dag.py for tasks to queue
[2026-09-08T00:00:18.956+0000] {logging_mixin.py:188} INFO - [2026-09-08T00:00:18.955+0000] {dagbag.py:545} INFO - Filling up the DagBag from /opt/airflow/dags/financial_pipeline_dag.py
[2026-09-08T00:00:19.098+0000] {logging_mixin.py:188} INFO - [2026-09-08T00:00:19.097+0000] {graph.py:719} INFO - Trying to parse the dbt project `transformations` using a dbt manifest...
[2026-09-08T00:00:19.121+0000] {logging_mixin.py:188} INFO - [2026-09-08T00:00:19.116+0000] {dagbag.py:355} ERROR - Failed to import: /opt/airflow/dags/financial_pipeline_dag.py
Traceback (most recent call last):
  File "/home/airflow/.local/lib/python3.11/site-packages/airflow/models/dagbag.py", line 351, in parse
    loader.exec_module(new_module)
  File "<frozen importlib._bootstrap_external>", line 940, in exec_module
  File "<frozen importlib._bootstrap>", line 241, in _call_with_frames_removed
  File "/opt/airflow/dags/financial_pipeline_dag.py", line 115, in <module>
    dbt_stg_overview = make_dbt_group("dbt_stg_overview", "stg_overview")
                       ^^^^^^^^^^^^^^^^^^^^^^^^^^^^^^^^^^^^^^^^^^^^^^^^^^
  File "/opt/airflow/dags/financial_pipeline_dag.py", line 102, in make_dbt_group
    return DbtTaskGroup(
           ^^^^^^^^^^^^^
  File "/home/airflow/.local/lib/python3.11/site-packages/cosmos/airflow/task_group.py", line 28, in __init__
    DbtToAirflowConverter.__init__(self, *args, **specific_kwargs(**kwargs))
  File "/home/airflow/.local/lib/python3.11/site-packages/cosmos/converter.py", line 261, in __init__
    self.dbt_graph.load(method=render_config.load_method, execution_mode=execution_config.execution_mode)
  File "/home/airflow/.local/lib/python3.11/site-packages/cosmos/dbt/graph.py", line 440, in load
    load_method[method]()
  File "/home/airflow/.local/lib/python3.11/site-packages/cosmos/dbt/graph.py", line 748, in load_from_dbt_manifest
    config=node_dict["config"],
           ~~~~~~~~~^^^^^^^^^^
KeyError: 'config'
[2026-09-08T00:00:19.122+0000] {processor.py:842} WARNING - No viable dags retrieved from /opt/airflow/dags/financial_pipeline_dag.py
[2026-09-08T00:00:19.144+0000] {processor.py:183} INFO - Processing /opt/airflow/dags/financial_pipeline_dag.py took 0.202 seconds
[2026-09-08T00:00:33.557+0000] {processor.py:161} INFO - Started process (PID=180) to work on /opt/airflow/dags/financial_pipeline_dag.py
[2026-09-08T00:00:33.558+0000] {processor.py:830} INFO - Processing file /opt/airflow/dags/financial_pipeline_dag.py for tasks to queue
[2026-09-08T00:00:33.561+0000] {logging_mixin.py:188} INFO - [2026-09-08T00:00:33.560+0000] {dagbag.py:545} INFO - Filling up the DagBag from /opt/airflow/dags/financial_pipeline_dag.py
[2026-09-08T00:00:33.701+0000] {logging_mixin.py:188} INFO - [2026-09-08T00:00:33.701+0000] {graph.py:719} INFO - Trying to parse the dbt project `transformations` using a dbt manifest...
[2026-09-08T00:00:33.722+0000] {logging_mixin.py:188} INFO - [2026-09-08T00:00:33.717+0000] {dagbag.py:355} ERROR - Failed to import: /opt/airflow/dags/financial_pipeline_dag.py
Traceback (most recent call last):
  File "/home/airflow/.local/lib/python3.11/site-packages/airflow/models/dagbag.py", line 351, in parse
    loader.exec_module(new_module)
  File "<frozen importlib._bootstrap_external>", line 940, in exec_module
  File "<frozen importlib._bootstrap>", line 241, in _call_with_frames_removed
  File "/opt/airflow/dags/financial_pipeline_dag.py", line 115, in <module>
    dbt_stg_overview = make_dbt_group("dbt_stg_overview", "stg_overview")
                       ^^^^^^^^^^^^^^^^^^^^^^^^^^^^^^^^^^^^^^^^^^^^^^^^^^
  File "/opt/airflow/dags/financial_pipeline_dag.py", line 102, in make_dbt_group
    return DbtTaskGroup(
           ^^^^^^^^^^^^^
  File "/home/airflow/.local/lib/python3.11/site-packages/cosmos/airflow/task_group.py", line 28, in __init__
    DbtToAirflowConverter.__init__(self, *args, **specific_kwargs(**kwargs))
  File "/home/airflow/.local/lib/python3.11/site-packages/cosmos/converter.py", line 261, in __init__
    self.dbt_graph.load(method=render_config.load_method, execution_mode=execution_config.execution_mode)
  File "/home/airflow/.local/lib/python3.11/site-packages/cosmos/dbt/graph.py", line 440, in load
    load_method[method]()
  File "/home/airflow/.local/lib/python3.11/site-packages/cosmos/dbt/graph.py", line 748, in load_from_dbt_manifest
    config=node_dict["config"],
           ~~~~~~~~~^^^^^^^^^^
KeyError: 'config'
[2026-09-08T00:00:33.723+0000] {processor.py:842} WARNING - No viable dags retrieved from /opt/airflow/dags/financial_pipeline_dag.py
[2026-09-08T00:00:33.741+0000] {processor.py:183} INFO - Processing /opt/airflow/dags/financial_pipeline_dag.py took 0.191 seconds
[2026-09-08T00:00:47.593+0000] {processor.py:161} INFO - Started process (PID=180) to work on /opt/airflow/dags/financial_pipeline_dag.py
[2026-09-08T00:00:47.594+0000] {processor.py:830} INFO - Processing file /opt/airflow/dags/financial_pipeline_dag.py for tasks to queue
[2026-09-08T00:00:47.596+0000] {logging_mixin.py:188} INFO - [2026-09-08T00:00:47.596+0000] {dagbag.py:545} INFO - Filling up the DagBag from /opt/airflow/dags/financial_pipeline_dag.py
[2026-09-08T00:00:47.736+0000] {logging_mixin.py:188} INFO - [2026-09-08T00:00:47.736+0000] {graph.py:719} INFO - Trying to parse the dbt project `transformations` using a dbt manifest...
[2026-09-08T00:00:47.757+0000] {logging_mixin.py:188} INFO - [2026-09-08T00:00:47.753+0000] {dagbag.py:355} ERROR - Failed to import: /opt/airflow/dags/financial_pipeline_dag.py
Traceback (most recent call last):
  File "/home/airflow/.local/lib/python3.11/site-packages/airflow/models/dagbag.py", line 351, in parse
    loader.exec_module(new_module)
  File "<frozen importlib._bootstrap_external>", line 940, in exec_module
  File "<frozen importlib._bootstrap>", line 241, in _call_with_frames_removed
  File "/opt/airflow/dags/financial_pipeline_dag.py", line 115, in <module>
    dbt_stg_overview = make_dbt_group("dbt_stg_overview", "stg_overview")
                       ^^^^^^^^^^^^^^^^^^^^^^^^^^^^^^^^^^^^^^^^^^^^^^^^^^
  File "/opt/airflow/dags/financial_pipeline_dag.py", line 102, in make_dbt_group
    return DbtTaskGroup(
           ^^^^^^^^^^^^^
  File "/home/airflow/.local/lib/python3.11/site-packages/cosmos/airflow/task_group.py", line 28, in __init__
    DbtToAirflowConverter.__init__(self, *args, **specific_kwargs(**kwargs))
  File "/home/airflow/.local/lib/python3.11/site-packages/cosmos/converter.py", line 261, in __init__
    self.dbt_graph.load(method=render_config.load_method, execution_mode=execution_config.execution_mode)
  File "/home/airflow/.local/lib/python3.11/site-packages/cosmos/dbt/graph.py", line 440, in load
    load_method[method]()
  File "/home/airflow/.local/lib/python3.11/site-packages/cosmos/dbt/graph.py", line 748, in load_from_dbt_manifest
    config=node_dict["config"],
           ~~~~~~~~~^^^^^^^^^^
KeyError: 'config'
[2026-09-08T00:00:47.758+0000] {processor.py:842} WARNING - No viable dags retrieved from /opt/airflow/dags/financial_pipeline_dag.py
[2026-09-08T00:00:47.776+0000] {processor.py:183} INFO - Processing /opt/airflow/dags/financial_pipeline_dag.py took 0.191 seconds
[2026-09-08T00:01:02.000+0000] {processor.py:161} INFO - Started process (PID=180) to work on /opt/airflow/dags/financial_pipeline_dag.py
[2026-09-08T00:01:02.001+0000] {processor.py:830} INFO - Processing file /opt/airflow/dags/financial_pipeline_dag.py for tasks to queue
[2026-09-08T00:01:02.007+0000] {logging_mixin.py:188} INFO - [2026-09-08T00:01:02.006+0000] {dagbag.py:545} INFO - Filling up the DagBag from /opt/airflow/dags/financial_pipeline_dag.py
[2026-09-08T00:01:02.150+0000] {logging_mixin.py:188} INFO - [2026-09-08T00:01:02.149+0000] {graph.py:719} INFO - Trying to parse the dbt project `transformations` using a dbt manifest...
[2026-09-08T00:01:02.172+0000] {logging_mixin.py:188} INFO - [2026-09-08T00:01:02.168+0000] {dagbag.py:355} ERROR - Failed to import: /opt/airflow/dags/financial_pipeline_dag.py
Traceback (most recent call last):
  File "/home/airflow/.local/lib/python3.11/site-packages/airflow/models/dagbag.py", line 351, in parse
    loader.exec_module(new_module)
  File "<frozen importlib._bootstrap_external>", line 940, in exec_module
  File "<frozen importlib._bootstrap>", line 241, in _call_with_frames_removed
  File "/opt/airflow/dags/financial_pipeline_dag.py", line 115, in <module>
    dbt_stg_overview = make_dbt_group("dbt_stg_overview", "stg_overview")
                       ^^^^^^^^^^^^^^^^^^^^^^^^^^^^^^^^^^^^^^^^^^^^^^^^^^
  File "/opt/airflow/dags/financial_pipeline_dag.py", line 102, in make_dbt_group
    return DbtTaskGroup(
           ^^^^^^^^^^^^^
  File "/home/airflow/.local/lib/python3.11/site-packages/cosmos/airflow/task_group.py", line 28, in __init__
    DbtToAirflowConverter.__init__(self, *args, **specific_kwargs(**kwargs))
  File "/home/airflow/.local/lib/python3.11/site-packages/cosmos/converter.py", line 261, in __init__
    self.dbt_graph.load(method=render_config.load_method, execution_mode=execution_config.execution_mode)
  File "/home/airflow/.local/lib/python3.11/site-packages/cosmos/dbt/graph.py", line 440, in load
    load_method[method]()
  File "/home/airflow/.local/lib/python3.11/site-packages/cosmos/dbt/graph.py", line 748, in load_from_dbt_manifest
    config=node_dict["config"],
           ~~~~~~~~~^^^^^^^^^^
KeyError: 'config'
[2026-09-08T00:01:02.174+0000] {processor.py:842} WARNING - No viable dags retrieved from /opt/airflow/dags/financial_pipeline_dag.py
[2026-09-08T00:01:02.198+0000] {processor.py:183} INFO - Processing /opt/airflow/dags/financial_pipeline_dag.py took 0.208 seconds
[2026-09-08T00:01:15.984+0000] {processor.py:161} INFO - Started process (PID=180) to work on /opt/airflow/dags/financial_pipeline_dag.py
[2026-09-08T00:01:15.986+0000] {processor.py:830} INFO - Processing file /opt/airflow/dags/financial_pipeline_dag.py for tasks to queue
[2026-09-08T00:01:15.988+0000] {logging_mixin.py:188} INFO - [2026-09-08T00:01:15.987+0000] {dagbag.py:545} INFO - Filling up the DagBag from /opt/airflow/dags/financial_pipeline_dag.py
[2026-09-08T00:01:16.121+0000] {logging_mixin.py:188} INFO - [2026-09-08T00:01:16.121+0000] {graph.py:719} INFO - Trying to parse the dbt project `transformations` using a dbt manifest...
[2026-09-08T00:01:16.146+0000] {logging_mixin.py:188} INFO - [2026-09-08T00:01:16.142+0000] {dagbag.py:355} ERROR - Failed to import: /opt/airflow/dags/financial_pipeline_dag.py
Traceback (most recent call last):
  File "/home/airflow/.local/lib/python3.11/site-packages/airflow/models/dagbag.py", line 351, in parse
    loader.exec_module(new_module)
  File "<frozen importlib._bootstrap_external>", line 940, in exec_module
  File "<frozen importlib._bootstrap>", line 241, in _call_with_frames_removed
  File "/opt/airflow/dags/financial_pipeline_dag.py", line 115, in <module>
    dbt_stg_overview = make_dbt_group("dbt_stg_overview", "stg_overview")
                       ^^^^^^^^^^^^^^^^^^^^^^^^^^^^^^^^^^^^^^^^^^^^^^^^^^
  File "/opt/airflow/dags/financial_pipeline_dag.py", line 102, in make_dbt_group
    return DbtTaskGroup(
           ^^^^^^^^^^^^^
  File "/home/airflow/.local/lib/python3.11/site-packages/cosmos/airflow/task_group.py", line 28, in __init__
    DbtToAirflowConverter.__init__(self, *args, **specific_kwargs(**kwargs))
  File "/home/airflow/.local/lib/python3.11/site-packages/cosmos/converter.py", line 261, in __init__
    self.dbt_graph.load(method=render_config.load_method, execution_mode=execution_config.execution_mode)
  File "/home/airflow/.local/lib/python3.11/site-packages/cosmos/dbt/graph.py", line 440, in load
    load_method[method]()
  File "/home/airflow/.local/lib/python3.11/site-packages/cosmos/dbt/graph.py", line 748, in load_from_dbt_manifest
    config=node_dict["config"],
           ~~~~~~~~~^^^^^^^^^^
KeyError: 'config'
[2026-09-08T00:01:16.148+0000] {processor.py:842} WARNING - No viable dags retrieved from /opt/airflow/dags/financial_pipeline_dag.py
[2026-09-08T00:01:16.173+0000] {processor.py:183} INFO - Processing /opt/airflow/dags/financial_pipeline_dag.py took 0.198 seconds
[2026-09-08T00:01:30.842+0000] {processor.py:161} INFO - Started process (PID=180) to work on /opt/airflow/dags/financial_pipeline_dag.py
[2026-09-08T00:01:30.848+0000] {processor.py:830} INFO - Processing file /opt/airflow/dags/financial_pipeline_dag.py for tasks to queue
[2026-09-08T00:01:30.850+0000] {logging_mixin.py:188} INFO - [2026-09-08T00:01:30.850+0000] {dagbag.py:545} INFO - Filling up the DagBag from /opt/airflow/dags/financial_pipeline_dag.py
[2026-09-08T00:01:31.014+0000] {logging_mixin.py:188} INFO - [2026-09-08T00:01:31.014+0000] {graph.py:719} INFO - Trying to parse the dbt project `transformations` using a dbt manifest...
[2026-09-08T00:01:31.034+0000] {logging_mixin.py:188} INFO - [2026-09-08T00:01:31.030+0000] {dagbag.py:355} ERROR - Failed to import: /opt/airflow/dags/financial_pipeline_dag.py
Traceback (most recent call last):
  File "/home/airflow/.local/lib/python3.11/site-packages/airflow/models/dagbag.py", line 351, in parse
    loader.exec_module(new_module)
  File "<frozen importlib._bootstrap_external>", line 940, in exec_module
  File "<frozen importlib._bootstrap>", line 241, in _call_with_frames_removed
  File "/opt/airflow/dags/financial_pipeline_dag.py", line 115, in <module>
    dbt_stg_overview = make_dbt_group("dbt_stg_overview", "stg_overview")
                       ^^^^^^^^^^^^^^^^^^^^^^^^^^^^^^^^^^^^^^^^^^^^^^^^^^
  File "/opt/airflow/dags/financial_pipeline_dag.py", line 102, in make_dbt_group
    return DbtTaskGroup(
           ^^^^^^^^^^^^^
  File "/home/airflow/.local/lib/python3.11/site-packages/cosmos/airflow/task_group.py", line 28, in __init__
    DbtToAirflowConverter.__init__(self, *args, **specific_kwargs(**kwargs))
  File "/home/airflow/.local/lib/python3.11/site-packages/cosmos/converter.py", line 261, in __init__
    self.dbt_graph.load(method=render_config.load_method, execution_mode=execution_config.execution_mode)
  File "/home/airflow/.local/lib/python3.11/site-packages/cosmos/dbt/graph.py", line 440, in load
    load_method[method]()
  File "/home/airflow/.local/lib/python3.11/site-packages/cosmos/dbt/graph.py", line 748, in load_from_dbt_manifest
    config=node_dict["config"],
           ~~~~~~~~~^^^^^^^^^^
KeyError: 'config'
[2026-09-08T00:01:31.035+0000] {processor.py:842} WARNING - No viable dags retrieved from /opt/airflow/dags/financial_pipeline_dag.py
[2026-09-08T00:01:31.056+0000] {processor.py:183} INFO - Processing /opt/airflow/dags/financial_pipeline_dag.py took 0.226 seconds
[2026-09-08T00:01:45.441+0000] {processor.py:161} INFO - Started process (PID=180) to work on /opt/airflow/dags/financial_pipeline_dag.py
[2026-09-08T00:01:45.442+0000] {processor.py:830} INFO - Processing file /opt/airflow/dags/financial_pipeline_dag.py for tasks to queue
[2026-09-08T00:01:45.445+0000] {logging_mixin.py:188} INFO - [2026-09-08T00:01:45.444+0000] {dagbag.py:545} INFO - Filling up the DagBag from /opt/airflow/dags/financial_pipeline_dag.py
[2026-09-08T00:01:45.624+0000] {logging_mixin.py:188} INFO - [2026-09-08T00:01:45.624+0000] {graph.py:719} INFO - Trying to parse the dbt project `transformations` using a dbt manifest...
[2026-09-08T00:01:45.646+0000] {logging_mixin.py:188} INFO - [2026-09-08T00:01:45.642+0000] {dagbag.py:355} ERROR - Failed to import: /opt/airflow/dags/financial_pipeline_dag.py
Traceback (most recent call last):
  File "/home/airflow/.local/lib/python3.11/site-packages/airflow/models/dagbag.py", line 351, in parse
    loader.exec_module(new_module)
  File "<frozen importlib._bootstrap_external>", line 940, in exec_module
  File "<frozen importlib._bootstrap>", line 241, in _call_with_frames_removed
  File "/opt/airflow/dags/financial_pipeline_dag.py", line 115, in <module>
    dbt_stg_overview = make_dbt_group("dbt_stg_overview", "stg_overview")
                       ^^^^^^^^^^^^^^^^^^^^^^^^^^^^^^^^^^^^^^^^^^^^^^^^^^
  File "/opt/airflow/dags/financial_pipeline_dag.py", line 102, in make_dbt_group
    return DbtTaskGroup(
           ^^^^^^^^^^^^^
  File "/home/airflow/.local/lib/python3.11/site-packages/cosmos/airflow/task_group.py", line 28, in __init__
    DbtToAirflowConverter.__init__(self, *args, **specific_kwargs(**kwargs))
  File "/home/airflow/.local/lib/python3.11/site-packages/cosmos/converter.py", line 261, in __init__
    self.dbt_graph.load(method=render_config.load_method, execution_mode=execution_config.execution_mode)
  File "/home/airflow/.local/lib/python3.11/site-packages/cosmos/dbt/graph.py", line 440, in load
    load_method[method]()
  File "/home/airflow/.local/lib/python3.11/site-packages/cosmos/dbt/graph.py", line 748, in load_from_dbt_manifest
    config=node_dict["config"],
           ~~~~~~~~~^^^^^^^^^^
KeyError: 'config'
[2026-09-08T00:01:45.647+0000] {processor.py:842} WARNING - No viable dags retrieved from /opt/airflow/dags/financial_pipeline_dag.py
[2026-09-08T00:01:45.667+0000] {processor.py:183} INFO - Processing /opt/airflow/dags/financial_pipeline_dag.py took 0.236 seconds
[2026-09-08T00:01:59.928+0000] {processor.py:161} INFO - Started process (PID=180) to work on /opt/airflow/dags/financial_pipeline_dag.py
[2026-09-08T00:01:59.930+0000] {processor.py:830} INFO - Processing file /opt/airflow/dags/financial_pipeline_dag.py for tasks to queue
[2026-09-08T00:01:59.932+0000] {logging_mixin.py:188} INFO - [2026-09-08T00:01:59.932+0000] {dagbag.py:545} INFO - Filling up the DagBag from /opt/airflow/dags/financial_pipeline_dag.py
[2026-09-08T00:02:00.107+0000] {logging_mixin.py:188} INFO - [2026-09-08T00:02:00.107+0000] {graph.py:719} INFO - Trying to parse the dbt project `transformations` using a dbt manifest...
[2026-09-08T00:02:00.134+0000] {logging_mixin.py:188} INFO - [2026-09-08T00:02:00.126+0000] {dagbag.py:355} ERROR - Failed to import: /opt/airflow/dags/financial_pipeline_dag.py
Traceback (most recent call last):
  File "/home/airflow/.local/lib/python3.11/site-packages/airflow/models/dagbag.py", line 351, in parse
    loader.exec_module(new_module)
  File "<frozen importlib._bootstrap_external>", line 940, in exec_module
  File "<frozen importlib._bootstrap>", line 241, in _call_with_frames_removed
  File "/opt/airflow/dags/financial_pipeline_dag.py", line 115, in <module>
    dbt_stg_overview = make_dbt_group("dbt_stg_overview", "stg_overview")
                       ^^^^^^^^^^^^^^^^^^^^^^^^^^^^^^^^^^^^^^^^^^^^^^^^^^
  File "/opt/airflow/dags/financial_pipeline_dag.py", line 102, in make_dbt_group
    return DbtTaskGroup(
           ^^^^^^^^^^^^^
  File "/home/airflow/.local/lib/python3.11/site-packages/cosmos/airflow/task_group.py", line 28, in __init__
    DbtToAirflowConverter.__init__(self, *args, **specific_kwargs(**kwargs))
  File "/home/airflow/.local/lib/python3.11/site-packages/cosmos/converter.py", line 261, in __init__
    self.dbt_graph.load(method=render_config.load_method, execution_mode=execution_config.execution_mode)
  File "/home/airflow/.local/lib/python3.11/site-packages/cosmos/dbt/graph.py", line 440, in load
    load_method[method]()
  File "/home/airflow/.local/lib/python3.11/site-packages/cosmos/dbt/graph.py", line 748, in load_from_dbt_manifest
    config=node_dict["config"],
           ~~~~~~~~~^^^^^^^^^^
KeyError: 'config'
[2026-09-08T00:02:00.135+0000] {processor.py:842} WARNING - No viable dags retrieved from /opt/airflow/dags/financial_pipeline_dag.py
[2026-09-08T00:02:00.159+0000] {processor.py:183} INFO - Processing /opt/airflow/dags/financial_pipeline_dag.py took 0.240 seconds
[2026-09-08T00:02:14.477+0000] {processor.py:161} INFO - Started process (PID=180) to work on /opt/airflow/dags/financial_pipeline_dag.py
[2026-09-08T00:02:14.479+0000] {processor.py:830} INFO - Processing file /opt/airflow/dags/financial_pipeline_dag.py for tasks to queue
[2026-09-08T00:02:14.481+0000] {logging_mixin.py:188} INFO - [2026-09-08T00:02:14.481+0000] {dagbag.py:545} INFO - Filling up the DagBag from /opt/airflow/dags/financial_pipeline_dag.py
[2026-09-08T00:02:14.607+0000] {logging_mixin.py:188} INFO - [2026-09-08T00:02:14.606+0000] {graph.py:719} INFO - Trying to parse the dbt project `transformations` using a dbt manifest...
[2026-09-08T00:02:14.625+0000] {logging_mixin.py:188} INFO - [2026-09-08T00:02:14.622+0000] {dagbag.py:355} ERROR - Failed to import: /opt/airflow/dags/financial_pipeline_dag.py
Traceback (most recent call last):
  File "/home/airflow/.local/lib/python3.11/site-packages/airflow/models/dagbag.py", line 351, in parse
    loader.exec_module(new_module)
  File "<frozen importlib._bootstrap_external>", line 940, in exec_module
  File "<frozen importlib._bootstrap>", line 241, in _call_with_frames_removed
  File "/opt/airflow/dags/financial_pipeline_dag.py", line 115, in <module>
    dbt_stg_overview = make_dbt_group("dbt_stg_overview", "stg_overview")
                       ^^^^^^^^^^^^^^^^^^^^^^^^^^^^^^^^^^^^^^^^^^^^^^^^^^
  File "/opt/airflow/dags/financial_pipeline_dag.py", line 102, in make_dbt_group
    return DbtTaskGroup(
           ^^^^^^^^^^^^^
  File "/home/airflow/.local/lib/python3.11/site-packages/cosmos/airflow/task_group.py", line 28, in __init__
    DbtToAirflowConverter.__init__(self, *args, **specific_kwargs(**kwargs))
  File "/home/airflow/.local/lib/python3.11/site-packages/cosmos/converter.py", line 261, in __init__
    self.dbt_graph.load(method=render_config.load_method, execution_mode=execution_config.execution_mode)
  File "/home/airflow/.local/lib/python3.11/site-packages/cosmos/dbt/graph.py", line 440, in load
    load_method[method]()
  File "/home/airflow/.local/lib/python3.11/site-packages/cosmos/dbt/graph.py", line 748, in load_from_dbt_manifest
    config=node_dict["config"],
           ~~~~~~~~~^^^^^^^^^^
KeyError: 'config'
[2026-09-08T00:02:14.626+0000] {processor.py:842} WARNING - No viable dags retrieved from /opt/airflow/dags/financial_pipeline_dag.py
[2026-09-08T00:02:14.646+0000] {processor.py:183} INFO - Processing /opt/airflow/dags/financial_pipeline_dag.py took 0.179 seconds
[2026-09-08T00:02:29.427+0000] {processor.py:161} INFO - Started process (PID=180) to work on /opt/airflow/dags/financial_pipeline_dag.py
[2026-09-08T00:02:29.429+0000] {processor.py:830} INFO - Processing file /opt/airflow/dags/financial_pipeline_dag.py for tasks to queue
[2026-09-08T00:02:29.431+0000] {logging_mixin.py:188} INFO - [2026-09-08T00:02:29.431+0000] {dagbag.py:545} INFO - Filling up the DagBag from /opt/airflow/dags/financial_pipeline_dag.py
[2026-09-08T00:02:29.578+0000] {logging_mixin.py:188} INFO - [2026-09-08T00:02:29.577+0000] {graph.py:719} INFO - Trying to parse the dbt project `transformations` using a dbt manifest...
[2026-09-08T00:02:29.598+0000] {logging_mixin.py:188} INFO - [2026-09-08T00:02:29.594+0000] {dagbag.py:355} ERROR - Failed to import: /opt/airflow/dags/financial_pipeline_dag.py
Traceback (most recent call last):
  File "/home/airflow/.local/lib/python3.11/site-packages/airflow/models/dagbag.py", line 351, in parse
    loader.exec_module(new_module)
  File "<frozen importlib._bootstrap_external>", line 940, in exec_module
  File "<frozen importlib._bootstrap>", line 241, in _call_with_frames_removed
  File "/opt/airflow/dags/financial_pipeline_dag.py", line 115, in <module>
    dbt_stg_overview = make_dbt_group("dbt_stg_overview", "stg_overview")
                       ^^^^^^^^^^^^^^^^^^^^^^^^^^^^^^^^^^^^^^^^^^^^^^^^^^
  File "/opt/airflow/dags/financial_pipeline_dag.py", line 102, in make_dbt_group
    return DbtTaskGroup(
           ^^^^^^^^^^^^^
  File "/home/airflow/.local/lib/python3.11/site-packages/cosmos/airflow/task_group.py", line 28, in __init__
    DbtToAirflowConverter.__init__(self, *args, **specific_kwargs(**kwargs))
  File "/home/airflow/.local/lib/python3.11/site-packages/cosmos/converter.py", line 261, in __init__
    self.dbt_graph.load(method=render_config.load_method, execution_mode=execution_config.execution_mode)
  File "/home/airflow/.local/lib/python3.11/site-packages/cosmos/dbt/graph.py", line 440, in load
    load_method[method]()
  File "/home/airflow/.local/lib/python3.11/site-packages/cosmos/dbt/graph.py", line 748, in load_from_dbt_manifest
    config=node_dict["config"],
           ~~~~~~~~~^^^^^^^^^^
KeyError: 'config'
[2026-09-08T00:02:29.600+0000] {processor.py:842} WARNING - No viable dags retrieved from /opt/airflow/dags/financial_pipeline_dag.py
[2026-09-08T00:02:29.619+0000] {processor.py:183} INFO - Processing /opt/airflow/dags/financial_pipeline_dag.py took 0.200 seconds
[2026-09-08T00:02:44.337+0000] {processor.py:161} INFO - Started process (PID=180) to work on /opt/airflow/dags/financial_pipeline_dag.py
[2026-09-08T00:02:44.338+0000] {processor.py:830} INFO - Processing file /opt/airflow/dags/financial_pipeline_dag.py for tasks to queue
[2026-09-08T00:02:44.340+0000] {logging_mixin.py:188} INFO - [2026-09-08T00:02:44.340+0000] {dagbag.py:545} INFO - Filling up the DagBag from /opt/airflow/dags/financial_pipeline_dag.py
[2026-09-08T00:02:44.500+0000] {logging_mixin.py:188} INFO - [2026-09-08T00:02:44.500+0000] {graph.py:719} INFO - Trying to parse the dbt project `transformations` using a dbt manifest...
[2026-09-08T00:02:44.524+0000] {logging_mixin.py:188} INFO - [2026-09-08T00:02:44.519+0000] {dagbag.py:355} ERROR - Failed to import: /opt/airflow/dags/financial_pipeline_dag.py
Traceback (most recent call last):
  File "/home/airflow/.local/lib/python3.11/site-packages/airflow/models/dagbag.py", line 351, in parse
    loader.exec_module(new_module)
  File "<frozen importlib._bootstrap_external>", line 940, in exec_module
  File "<frozen importlib._bootstrap>", line 241, in _call_with_frames_removed
  File "/opt/airflow/dags/financial_pipeline_dag.py", line 115, in <module>
    dbt_stg_overview = make_dbt_group("dbt_stg_overview", "stg_overview")
                       ^^^^^^^^^^^^^^^^^^^^^^^^^^^^^^^^^^^^^^^^^^^^^^^^^^
  File "/opt/airflow/dags/financial_pipeline_dag.py", line 102, in make_dbt_group
    return DbtTaskGroup(
           ^^^^^^^^^^^^^
  File "/home/airflow/.local/lib/python3.11/site-packages/cosmos/airflow/task_group.py", line 28, in __init__
    DbtToAirflowConverter.__init__(self, *args, **specific_kwargs(**kwargs))
  File "/home/airflow/.local/lib/python3.11/site-packages/cosmos/converter.py", line 261, in __init__
    self.dbt_graph.load(method=render_config.load_method, execution_mode=execution_config.execution_mode)
  File "/home/airflow/.local/lib/python3.11/site-packages/cosmos/dbt/graph.py", line 440, in load
    load_method[method]()
  File "/home/airflow/.local/lib/python3.11/site-packages/cosmos/dbt/graph.py", line 748, in load_from_dbt_manifest
    config=node_dict["config"],
           ~~~~~~~~~^^^^^^^^^^
KeyError: 'config'
[2026-09-08T00:02:44.525+0000] {processor.py:842} WARNING - No viable dags retrieved from /opt/airflow/dags/financial_pipeline_dag.py
[2026-09-08T00:02:44.546+0000] {processor.py:183} INFO - Processing /opt/airflow/dags/financial_pipeline_dag.py took 0.221 seconds
[2026-09-08T00:02:58.863+0000] {processor.py:161} INFO - Started process (PID=183) to work on /opt/airflow/dags/financial_pipeline_dag.py
[2026-09-08T00:02:58.864+0000] {processor.py:830} INFO - Processing file /opt/airflow/dags/financial_pipeline_dag.py for tasks to queue
[2026-09-08T00:02:58.866+0000] {logging_mixin.py:188} INFO - [2026-09-08T00:02:58.865+0000] {dagbag.py:545} INFO - Filling up the DagBag from /opt/airflow/dags/financial_pipeline_dag.py
[2026-09-08T00:02:58.991+0000] {logging_mixin.py:188} INFO - [2026-09-08T00:02:58.991+0000] {graph.py:719} INFO - Trying to parse the dbt project `transformations` using a dbt manifest...
[2026-09-08T00:02:59.012+0000] {logging_mixin.py:188} INFO - [2026-09-08T00:02:59.007+0000] {dagbag.py:355} ERROR - Failed to import: /opt/airflow/dags/financial_pipeline_dag.py
Traceback (most recent call last):
  File "/home/airflow/.local/lib/python3.11/site-packages/airflow/models/dagbag.py", line 351, in parse
    loader.exec_module(new_module)
  File "<frozen importlib._bootstrap_external>", line 940, in exec_module
  File "<frozen importlib._bootstrap>", line 241, in _call_with_frames_removed
  File "/opt/airflow/dags/financial_pipeline_dag.py", line 115, in <module>
    dbt_stg_overview = make_dbt_group("dbt_stg_overview", "stg_overview")
                       ^^^^^^^^^^^^^^^^^^^^^^^^^^^^^^^^^^^^^^^^^^^^^^^^^^
  File "/opt/airflow/dags/financial_pipeline_dag.py", line 102, in make_dbt_group
    return DbtTaskGroup(
           ^^^^^^^^^^^^^
  File "/home/airflow/.local/lib/python3.11/site-packages/cosmos/airflow/task_group.py", line 28, in __init__
    DbtToAirflowConverter.__init__(self, *args, **specific_kwargs(**kwargs))
  File "/home/airflow/.local/lib/python3.11/site-packages/cosmos/converter.py", line 261, in __init__
    self.dbt_graph.load(method=render_config.load_method, execution_mode=execution_config.execution_mode)
  File "/home/airflow/.local/lib/python3.11/site-packages/cosmos/dbt/graph.py", line 440, in load
    load_method[method]()
  File "/home/airflow/.local/lib/python3.11/site-packages/cosmos/dbt/graph.py", line 748, in load_from_dbt_manifest
    config=node_dict["config"],
           ~~~~~~~~~^^^^^^^^^^
KeyError: 'config'
[2026-09-08T00:02:59.013+0000] {processor.py:842} WARNING - No viable dags retrieved from /opt/airflow/dags/financial_pipeline_dag.py
[2026-09-08T00:02:59.032+0000] {processor.py:183} INFO - Processing /opt/airflow/dags/financial_pipeline_dag.py took 0.177 seconds
[2026-09-08T00:03:13.337+0000] {processor.py:161} INFO - Started process (PID=180) to work on /opt/airflow/dags/financial_pipeline_dag.py
[2026-09-08T00:03:13.340+0000] {processor.py:830} INFO - Processing file /opt/airflow/dags/financial_pipeline_dag.py for tasks to queue
[2026-09-08T00:03:13.342+0000] {logging_mixin.py:188} INFO - [2026-09-08T00:03:13.342+0000] {dagbag.py:545} INFO - Filling up the DagBag from /opt/airflow/dags/financial_pipeline_dag.py
[2026-09-08T00:03:13.467+0000] {logging_mixin.py:188} INFO - [2026-09-08T00:03:13.466+0000] {graph.py:719} INFO - Trying to parse the dbt project `transformations` using a dbt manifest...
[2026-09-08T00:03:13.487+0000] {logging_mixin.py:188} INFO - [2026-09-08T00:03:13.483+0000] {dagbag.py:355} ERROR - Failed to import: /opt/airflow/dags/financial_pipeline_dag.py
Traceback (most recent call last):
  File "/home/airflow/.local/lib/python3.11/site-packages/airflow/models/dagbag.py", line 351, in parse
    loader.exec_module(new_module)
  File "<frozen importlib._bootstrap_external>", line 940, in exec_module
  File "<frozen importlib._bootstrap>", line 241, in _call_with_frames_removed
  File "/opt/airflow/dags/financial_pipeline_dag.py", line 115, in <module>
    dbt_stg_overview = make_dbt_group("dbt_stg_overview", "stg_overview")
                       ^^^^^^^^^^^^^^^^^^^^^^^^^^^^^^^^^^^^^^^^^^^^^^^^^^
  File "/opt/airflow/dags/financial_pipeline_dag.py", line 102, in make_dbt_group
    return DbtTaskGroup(
           ^^^^^^^^^^^^^
  File "/home/airflow/.local/lib/python3.11/site-packages/cosmos/airflow/task_group.py", line 28, in __init__
    DbtToAirflowConverter.__init__(self, *args, **specific_kwargs(**kwargs))
  File "/home/airflow/.local/lib/python3.11/site-packages/cosmos/converter.py", line 261, in __init__
    self.dbt_graph.load(method=render_config.load_method, execution_mode=execution_config.execution_mode)
  File "/home/airflow/.local/lib/python3.11/site-packages/cosmos/dbt/graph.py", line 440, in load
    load_method[method]()
  File "/home/airflow/.local/lib/python3.11/site-packages/cosmos/dbt/graph.py", line 748, in load_from_dbt_manifest
    config=node_dict["config"],
           ~~~~~~~~~^^^^^^^^^^
KeyError: 'config'
[2026-09-08T00:03:13.488+0000] {processor.py:842} WARNING - No viable dags retrieved from /opt/airflow/dags/financial_pipeline_dag.py
[2026-09-08T00:03:13.507+0000] {processor.py:183} INFO - Processing /opt/airflow/dags/financial_pipeline_dag.py took 0.177 seconds
[2026-09-08T00:03:27.523+0000] {processor.py:161} INFO - Started process (PID=180) to work on /opt/airflow/dags/financial_pipeline_dag.py
[2026-09-08T00:03:27.524+0000] {processor.py:830} INFO - Processing file /opt/airflow/dags/financial_pipeline_dag.py for tasks to queue
[2026-09-08T00:03:27.526+0000] {logging_mixin.py:188} INFO - [2026-09-08T00:03:27.526+0000] {dagbag.py:545} INFO - Filling up the DagBag from /opt/airflow/dags/financial_pipeline_dag.py
[2026-09-08T00:03:27.673+0000] {logging_mixin.py:188} INFO - [2026-09-08T00:03:27.673+0000] {graph.py:719} INFO - Trying to parse the dbt project `transformations` using a dbt manifest...
[2026-09-08T00:03:27.698+0000] {logging_mixin.py:188} INFO - [2026-09-08T00:03:27.694+0000] {dagbag.py:355} ERROR - Failed to import: /opt/airflow/dags/financial_pipeline_dag.py
Traceback (most recent call last):
  File "/home/airflow/.local/lib/python3.11/site-packages/airflow/models/dagbag.py", line 351, in parse
    loader.exec_module(new_module)
  File "<frozen importlib._bootstrap_external>", line 940, in exec_module
  File "<frozen importlib._bootstrap>", line 241, in _call_with_frames_removed
  File "/opt/airflow/dags/financial_pipeline_dag.py", line 115, in <module>
    dbt_stg_overview = make_dbt_group("dbt_stg_overview", "stg_overview")
                       ^^^^^^^^^^^^^^^^^^^^^^^^^^^^^^^^^^^^^^^^^^^^^^^^^^
  File "/opt/airflow/dags/financial_pipeline_dag.py", line 102, in make_dbt_group
    return DbtTaskGroup(
           ^^^^^^^^^^^^^
  File "/home/airflow/.local/lib/python3.11/site-packages/cosmos/airflow/task_group.py", line 28, in __init__
    DbtToAirflowConverter.__init__(self, *args, **specific_kwargs(**kwargs))
  File "/home/airflow/.local/lib/python3.11/site-packages/cosmos/converter.py", line 261, in __init__
    self.dbt_graph.load(method=render_config.load_method, execution_mode=execution_config.execution_mode)
  File "/home/airflow/.local/lib/python3.11/site-packages/cosmos/dbt/graph.py", line 440, in load
    load_method[method]()
  File "/home/airflow/.local/lib/python3.11/site-packages/cosmos/dbt/graph.py", line 748, in load_from_dbt_manifest
    config=node_dict["config"],
           ~~~~~~~~~^^^^^^^^^^
KeyError: 'config'
[2026-09-08T00:03:27.699+0000] {processor.py:842} WARNING - No viable dags retrieved from /opt/airflow/dags/financial_pipeline_dag.py
[2026-09-08T00:03:27.717+0000] {processor.py:183} INFO - Processing /opt/airflow/dags/financial_pipeline_dag.py took 0.201 seconds
[2026-09-08T00:03:42.430+0000] {processor.py:161} INFO - Started process (PID=180) to work on /opt/airflow/dags/financial_pipeline_dag.py
[2026-09-08T00:03:42.433+0000] {processor.py:830} INFO - Processing file /opt/airflow/dags/financial_pipeline_dag.py for tasks to queue
[2026-09-08T00:03:42.435+0000] {logging_mixin.py:188} INFO - [2026-09-08T00:03:42.434+0000] {dagbag.py:545} INFO - Filling up the DagBag from /opt/airflow/dags/financial_pipeline_dag.py
[2026-09-08T00:03:42.570+0000] {logging_mixin.py:188} INFO - [2026-09-08T00:03:42.569+0000] {graph.py:719} INFO - Trying to parse the dbt project `transformations` using a dbt manifest...
[2026-09-08T00:03:42.594+0000] {logging_mixin.py:188} INFO - [2026-09-08T00:03:42.588+0000] {dagbag.py:355} ERROR - Failed to import: /opt/airflow/dags/financial_pipeline_dag.py
Traceback (most recent call last):
  File "/home/airflow/.local/lib/python3.11/site-packages/airflow/models/dagbag.py", line 351, in parse
    loader.exec_module(new_module)
  File "<frozen importlib._bootstrap_external>", line 940, in exec_module
  File "<frozen importlib._bootstrap>", line 241, in _call_with_frames_removed
  File "/opt/airflow/dags/financial_pipeline_dag.py", line 115, in <module>
    dbt_stg_overview = make_dbt_group("dbt_stg_overview", "stg_overview")
                       ^^^^^^^^^^^^^^^^^^^^^^^^^^^^^^^^^^^^^^^^^^^^^^^^^^
  File "/opt/airflow/dags/financial_pipeline_dag.py", line 102, in make_dbt_group
    return DbtTaskGroup(
           ^^^^^^^^^^^^^
  File "/home/airflow/.local/lib/python3.11/site-packages/cosmos/airflow/task_group.py", line 28, in __init__
    DbtToAirflowConverter.__init__(self, *args, **specific_kwargs(**kwargs))
  File "/home/airflow/.local/lib/python3.11/site-packages/cosmos/converter.py", line 261, in __init__
    self.dbt_graph.load(method=render_config.load_method, execution_mode=execution_config.execution_mode)
  File "/home/airflow/.local/lib/python3.11/site-packages/cosmos/dbt/graph.py", line 440, in load
    load_method[method]()
  File "/home/airflow/.local/lib/python3.11/site-packages/cosmos/dbt/graph.py", line 748, in load_from_dbt_manifest
    config=node_dict["config"],
           ~~~~~~~~~^^^^^^^^^^
KeyError: 'config'
[2026-09-08T00:03:42.595+0000] {processor.py:842} WARNING - No viable dags retrieved from /opt/airflow/dags/financial_pipeline_dag.py
[2026-09-08T00:03:42.617+0000] {processor.py:183} INFO - Processing /opt/airflow/dags/financial_pipeline_dag.py took 0.199 seconds
[2026-09-08T00:03:56.495+0000] {processor.py:161} INFO - Started process (PID=180) to work on /opt/airflow/dags/financial_pipeline_dag.py
[2026-09-08T00:03:56.496+0000] {processor.py:830} INFO - Processing file /opt/airflow/dags/financial_pipeline_dag.py for tasks to queue
[2026-09-08T00:03:56.501+0000] {logging_mixin.py:188} INFO - [2026-09-08T00:03:56.500+0000] {dagbag.py:545} INFO - Filling up the DagBag from /opt/airflow/dags/financial_pipeline_dag.py
[2026-09-08T00:03:56.632+0000] {logging_mixin.py:188} INFO - [2026-09-08T00:03:56.631+0000] {graph.py:719} INFO - Trying to parse the dbt project `transformations` using a dbt manifest...
[2026-09-08T00:03:56.653+0000] {logging_mixin.py:188} INFO - [2026-09-08T00:03:56.649+0000] {dagbag.py:355} ERROR - Failed to import: /opt/airflow/dags/financial_pipeline_dag.py
Traceback (most recent call last):
  File "/home/airflow/.local/lib/python3.11/site-packages/airflow/models/dagbag.py", line 351, in parse
    loader.exec_module(new_module)
  File "<frozen importlib._bootstrap_external>", line 940, in exec_module
  File "<frozen importlib._bootstrap>", line 241, in _call_with_frames_removed
  File "/opt/airflow/dags/financial_pipeline_dag.py", line 115, in <module>
    dbt_stg_overview = make_dbt_group("dbt_stg_overview", "stg_overview")
                       ^^^^^^^^^^^^^^^^^^^^^^^^^^^^^^^^^^^^^^^^^^^^^^^^^^
  File "/opt/airflow/dags/financial_pipeline_dag.py", line 102, in make_dbt_group
    return DbtTaskGroup(
           ^^^^^^^^^^^^^
  File "/home/airflow/.local/lib/python3.11/site-packages/cosmos/airflow/task_group.py", line 28, in __init__
    DbtToAirflowConverter.__init__(self, *args, **specific_kwargs(**kwargs))
  File "/home/airflow/.local/lib/python3.11/site-packages/cosmos/converter.py", line 261, in __init__
    self.dbt_graph.load(method=render_config.load_method, execution_mode=execution_config.execution_mode)
  File "/home/airflow/.local/lib/python3.11/site-packages/cosmos/dbt/graph.py", line 440, in load
    load_method[method]()
  File "/home/airflow/.local/lib/python3.11/site-packages/cosmos/dbt/graph.py", line 748, in load_from_dbt_manifest
    config=node_dict["config"],
           ~~~~~~~~~^^^^^^^^^^
KeyError: 'config'
[2026-09-08T00:03:56.654+0000] {processor.py:842} WARNING - No viable dags retrieved from /opt/airflow/dags/financial_pipeline_dag.py
[2026-09-08T00:03:56.674+0000] {processor.py:183} INFO - Processing /opt/airflow/dags/financial_pipeline_dag.py took 0.187 seconds
[2026-09-08T00:04:10.698+0000] {processor.py:161} INFO - Started process (PID=181) to work on /opt/airflow/dags/financial_pipeline_dag.py
[2026-09-08T00:04:10.699+0000] {processor.py:830} INFO - Processing file /opt/airflow/dags/financial_pipeline_dag.py for tasks to queue
[2026-09-08T00:04:10.701+0000] {logging_mixin.py:188} INFO - [2026-09-08T00:04:10.701+0000] {dagbag.py:545} INFO - Filling up the DagBag from /opt/airflow/dags/financial_pipeline_dag.py
[2026-09-08T00:04:10.846+0000] {logging_mixin.py:188} INFO - [2026-09-08T00:04:10.845+0000] {graph.py:719} INFO - Trying to parse the dbt project `transformations` using a dbt manifest...
[2026-09-08T00:04:10.866+0000] {logging_mixin.py:188} INFO - [2026-09-08T00:04:10.862+0000] {dagbag.py:355} ERROR - Failed to import: /opt/airflow/dags/financial_pipeline_dag.py
Traceback (most recent call last):
  File "/home/airflow/.local/lib/python3.11/site-packages/airflow/models/dagbag.py", line 351, in parse
    loader.exec_module(new_module)
  File "<frozen importlib._bootstrap_external>", line 940, in exec_module
  File "<frozen importlib._bootstrap>", line 241, in _call_with_frames_removed
  File "/opt/airflow/dags/financial_pipeline_dag.py", line 115, in <module>
    dbt_stg_overview = make_dbt_group("dbt_stg_overview", "stg_overview")
                       ^^^^^^^^^^^^^^^^^^^^^^^^^^^^^^^^^^^^^^^^^^^^^^^^^^
  File "/opt/airflow/dags/financial_pipeline_dag.py", line 102, in make_dbt_group
    return DbtTaskGroup(
           ^^^^^^^^^^^^^
  File "/home/airflow/.local/lib/python3.11/site-packages/cosmos/airflow/task_group.py", line 28, in __init__
    DbtToAirflowConverter.__init__(self, *args, **specific_kwargs(**kwargs))
  File "/home/airflow/.local/lib/python3.11/site-packages/cosmos/converter.py", line 261, in __init__
    self.dbt_graph.load(method=render_config.load_method, execution_mode=execution_config.execution_mode)
  File "/home/airflow/.local/lib/python3.11/site-packages/cosmos/dbt/graph.py", line 440, in load
    load_method[method]()
  File "/home/airflow/.local/lib/python3.11/site-packages/cosmos/dbt/graph.py", line 748, in load_from_dbt_manifest
    config=node_dict["config"],
           ~~~~~~~~~^^^^^^^^^^
KeyError: 'config'
[2026-09-08T00:04:10.867+0000] {processor.py:842} WARNING - No viable dags retrieved from /opt/airflow/dags/financial_pipeline_dag.py
[2026-09-08T00:04:10.886+0000] {processor.py:183} INFO - Processing /opt/airflow/dags/financial_pipeline_dag.py took 0.197 seconds
[2026-09-08T00:04:24.822+0000] {processor.py:161} INFO - Started process (PID=180) to work on /opt/airflow/dags/financial_pipeline_dag.py
[2026-09-08T00:04:24.823+0000] {processor.py:830} INFO - Processing file /opt/airflow/dags/financial_pipeline_dag.py for tasks to queue
[2026-09-08T00:04:24.825+0000] {logging_mixin.py:188} INFO - [2026-09-08T00:04:24.825+0000] {dagbag.py:545} INFO - Filling up the DagBag from /opt/airflow/dags/financial_pipeline_dag.py
[2026-09-08T00:04:24.956+0000] {logging_mixin.py:188} INFO - [2026-09-08T00:04:24.956+0000] {graph.py:719} INFO - Trying to parse the dbt project `transformations` using a dbt manifest...
[2026-09-08T00:04:24.977+0000] {logging_mixin.py:188} INFO - [2026-09-08T00:04:24.973+0000] {dagbag.py:355} ERROR - Failed to import: /opt/airflow/dags/financial_pipeline_dag.py
Traceback (most recent call last):
  File "/home/airflow/.local/lib/python3.11/site-packages/airflow/models/dagbag.py", line 351, in parse
    loader.exec_module(new_module)
  File "<frozen importlib._bootstrap_external>", line 940, in exec_module
  File "<frozen importlib._bootstrap>", line 241, in _call_with_frames_removed
  File "/opt/airflow/dags/financial_pipeline_dag.py", line 115, in <module>
    dbt_stg_overview = make_dbt_group("dbt_stg_overview", "stg_overview")
                       ^^^^^^^^^^^^^^^^^^^^^^^^^^^^^^^^^^^^^^^^^^^^^^^^^^
  File "/opt/airflow/dags/financial_pipeline_dag.py", line 102, in make_dbt_group
    return DbtTaskGroup(
           ^^^^^^^^^^^^^
  File "/home/airflow/.local/lib/python3.11/site-packages/cosmos/airflow/task_group.py", line 28, in __init__
    DbtToAirflowConverter.__init__(self, *args, **specific_kwargs(**kwargs))
  File "/home/airflow/.local/lib/python3.11/site-packages/cosmos/converter.py", line 261, in __init__
    self.dbt_graph.load(method=render_config.load_method, execution_mode=execution_config.execution_mode)
  File "/home/airflow/.local/lib/python3.11/site-packages/cosmos/dbt/graph.py", line 440, in load
    load_method[method]()
  File "/home/airflow/.local/lib/python3.11/site-packages/cosmos/dbt/graph.py", line 748, in load_from_dbt_manifest
    config=node_dict["config"],
           ~~~~~~~~~^^^^^^^^^^
KeyError: 'config'
[2026-09-08T00:04:24.979+0000] {processor.py:842} WARNING - No viable dags retrieved from /opt/airflow/dags/financial_pipeline_dag.py
[2026-09-08T00:04:24.998+0000] {processor.py:183} INFO - Processing /opt/airflow/dags/financial_pipeline_dag.py took 0.183 seconds
[2026-09-08T00:04:38.990+0000] {processor.py:161} INFO - Started process (PID=180) to work on /opt/airflow/dags/financial_pipeline_dag.py
[2026-09-08T00:04:38.991+0000] {processor.py:830} INFO - Processing file /opt/airflow/dags/financial_pipeline_dag.py for tasks to queue
[2026-09-08T00:04:38.999+0000] {logging_mixin.py:188} INFO - [2026-09-08T00:04:38.999+0000] {dagbag.py:545} INFO - Filling up the DagBag from /opt/airflow/dags/financial_pipeline_dag.py
[2026-09-08T00:04:39.207+0000] {logging_mixin.py:188} INFO - [2026-09-08T00:04:39.207+0000] {graph.py:719} INFO - Trying to parse the dbt project `transformations` using a dbt manifest...
[2026-09-08T00:04:39.232+0000] {logging_mixin.py:188} INFO - [2026-09-08T00:04:39.228+0000] {dagbag.py:355} ERROR - Failed to import: /opt/airflow/dags/financial_pipeline_dag.py
Traceback (most recent call last):
  File "/home/airflow/.local/lib/python3.11/site-packages/airflow/models/dagbag.py", line 351, in parse
    loader.exec_module(new_module)
  File "<frozen importlib._bootstrap_external>", line 940, in exec_module
  File "<frozen importlib._bootstrap>", line 241, in _call_with_frames_removed
  File "/opt/airflow/dags/financial_pipeline_dag.py", line 115, in <module>
    dbt_stg_overview = make_dbt_group("dbt_stg_overview", "stg_overview")
                       ^^^^^^^^^^^^^^^^^^^^^^^^^^^^^^^^^^^^^^^^^^^^^^^^^^
  File "/opt/airflow/dags/financial_pipeline_dag.py", line 102, in make_dbt_group
    return DbtTaskGroup(
           ^^^^^^^^^^^^^
  File "/home/airflow/.local/lib/python3.11/site-packages/cosmos/airflow/task_group.py", line 28, in __init__
    DbtToAirflowConverter.__init__(self, *args, **specific_kwargs(**kwargs))
  File "/home/airflow/.local/lib/python3.11/site-packages/cosmos/converter.py", line 261, in __init__
    self.dbt_graph.load(method=render_config.load_method, execution_mode=execution_config.execution_mode)
  File "/home/airflow/.local/lib/python3.11/site-packages/cosmos/dbt/graph.py", line 440, in load
    load_method[method]()
  File "/home/airflow/.local/lib/python3.11/site-packages/cosmos/dbt/graph.py", line 748, in load_from_dbt_manifest
    config=node_dict["config"],
           ~~~~~~~~~^^^^^^^^^^
KeyError: 'config'
[2026-09-08T00:04:39.233+0000] {processor.py:842} WARNING - No viable dags retrieved from /opt/airflow/dags/financial_pipeline_dag.py
[2026-09-08T00:04:39.253+0000] {processor.py:183} INFO - Processing /opt/airflow/dags/financial_pipeline_dag.py took 0.273 seconds
[2026-09-08T00:04:53.631+0000] {processor.py:161} INFO - Started process (PID=181) to work on /opt/airflow/dags/financial_pipeline_dag.py
[2026-09-08T00:04:53.634+0000] {processor.py:830} INFO - Processing file /opt/airflow/dags/financial_pipeline_dag.py for tasks to queue
[2026-09-08T00:04:53.636+0000] {logging_mixin.py:188} INFO - [2026-09-08T00:04:53.636+0000] {dagbag.py:545} INFO - Filling up the DagBag from /opt/airflow/dags/financial_pipeline_dag.py
[2026-09-08T00:04:53.768+0000] {logging_mixin.py:188} INFO - [2026-09-08T00:04:53.767+0000] {graph.py:719} INFO - Trying to parse the dbt project `transformations` using a dbt manifest...
[2026-09-08T00:04:53.789+0000] {logging_mixin.py:188} INFO - [2026-09-08T00:04:53.785+0000] {dagbag.py:355} ERROR - Failed to import: /opt/airflow/dags/financial_pipeline_dag.py
Traceback (most recent call last):
  File "/home/airflow/.local/lib/python3.11/site-packages/airflow/models/dagbag.py", line 351, in parse
    loader.exec_module(new_module)
  File "<frozen importlib._bootstrap_external>", line 940, in exec_module
  File "<frozen importlib._bootstrap>", line 241, in _call_with_frames_removed
  File "/opt/airflow/dags/financial_pipeline_dag.py", line 115, in <module>
    dbt_stg_overview = make_dbt_group("dbt_stg_overview", "stg_overview")
                       ^^^^^^^^^^^^^^^^^^^^^^^^^^^^^^^^^^^^^^^^^^^^^^^^^^
  File "/opt/airflow/dags/financial_pipeline_dag.py", line 102, in make_dbt_group
    return DbtTaskGroup(
           ^^^^^^^^^^^^^
  File "/home/airflow/.local/lib/python3.11/site-packages/cosmos/airflow/task_group.py", line 28, in __init__
    DbtToAirflowConverter.__init__(self, *args, **specific_kwargs(**kwargs))
  File "/home/airflow/.local/lib/python3.11/site-packages/cosmos/converter.py", line 261, in __init__
    self.dbt_graph.load(method=render_config.load_method, execution_mode=execution_config.execution_mode)
  File "/home/airflow/.local/lib/python3.11/site-packages/cosmos/dbt/graph.py", line 440, in load
    load_method[method]()
  File "/home/airflow/.local/lib/python3.11/site-packages/cosmos/dbt/graph.py", line 748, in load_from_dbt_manifest
    config=node_dict["config"],
           ~~~~~~~~~^^^^^^^^^^
KeyError: 'config'
[2026-09-08T00:04:53.791+0000] {processor.py:842} WARNING - No viable dags retrieved from /opt/airflow/dags/financial_pipeline_dag.py
[2026-09-08T00:04:53.811+0000] {processor.py:183} INFO - Processing /opt/airflow/dags/financial_pipeline_dag.py took 0.189 seconds
[2026-09-08T00:05:07.857+0000] {processor.py:161} INFO - Started process (PID=181) to work on /opt/airflow/dags/financial_pipeline_dag.py
[2026-09-08T00:05:07.858+0000] {processor.py:830} INFO - Processing file /opt/airflow/dags/financial_pipeline_dag.py for tasks to queue
[2026-09-08T00:05:07.860+0000] {logging_mixin.py:188} INFO - [2026-09-08T00:05:07.860+0000] {dagbag.py:545} INFO - Filling up the DagBag from /opt/airflow/dags/financial_pipeline_dag.py
[2026-09-08T00:05:08.040+0000] {logging_mixin.py:188} INFO - [2026-09-08T00:05:08.038+0000] {graph.py:719} INFO - Trying to parse the dbt project `transformations` using a dbt manifest...
[2026-09-08T00:05:08.083+0000] {logging_mixin.py:188} INFO - [2026-09-08T00:05:08.074+0000] {dagbag.py:355} ERROR - Failed to import: /opt/airflow/dags/financial_pipeline_dag.py
Traceback (most recent call last):
  File "/home/airflow/.local/lib/python3.11/site-packages/airflow/models/dagbag.py", line 351, in parse
    loader.exec_module(new_module)
  File "<frozen importlib._bootstrap_external>", line 940, in exec_module
  File "<frozen importlib._bootstrap>", line 241, in _call_with_frames_removed
  File "/opt/airflow/dags/financial_pipeline_dag.py", line 115, in <module>
    dbt_stg_overview = make_dbt_group("dbt_stg_overview", "stg_overview")
                       ^^^^^^^^^^^^^^^^^^^^^^^^^^^^^^^^^^^^^^^^^^^^^^^^^^
  File "/opt/airflow/dags/financial_pipeline_dag.py", line 102, in make_dbt_group
    return DbtTaskGroup(
           ^^^^^^^^^^^^^
  File "/home/airflow/.local/lib/python3.11/site-packages/cosmos/airflow/task_group.py", line 28, in __init__
    DbtToAirflowConverter.__init__(self, *args, **specific_kwargs(**kwargs))
  File "/home/airflow/.local/lib/python3.11/site-packages/cosmos/converter.py", line 261, in __init__
    self.dbt_graph.load(method=render_config.load_method, execution_mode=execution_config.execution_mode)
  File "/home/airflow/.local/lib/python3.11/site-packages/cosmos/dbt/graph.py", line 440, in load
    load_method[method]()
  File "/home/airflow/.local/lib/python3.11/site-packages/cosmos/dbt/graph.py", line 748, in load_from_dbt_manifest
    config=node_dict["config"],
           ~~~~~~~~~^^^^^^^^^^
KeyError: 'config'
[2026-09-08T00:05:08.085+0000] {processor.py:842} WARNING - No viable dags retrieved from /opt/airflow/dags/financial_pipeline_dag.py
[2026-09-08T00:05:08.111+0000] {processor.py:183} INFO - Processing /opt/airflow/dags/financial_pipeline_dag.py took 0.263 seconds
[2026-09-08T00:05:22.214+0000] {processor.py:161} INFO - Started process (PID=180) to work on /opt/airflow/dags/financial_pipeline_dag.py
[2026-09-08T00:05:22.215+0000] {processor.py:830} INFO - Processing file /opt/airflow/dags/financial_pipeline_dag.py for tasks to queue
[2026-09-08T00:05:22.216+0000] {logging_mixin.py:188} INFO - [2026-09-08T00:05:22.216+0000] {dagbag.py:545} INFO - Filling up the DagBag from /opt/airflow/dags/financial_pipeline_dag.py
[2026-09-08T00:05:22.367+0000] {logging_mixin.py:188} INFO - [2026-09-08T00:05:22.367+0000] {graph.py:719} INFO - Trying to parse the dbt project `transformations` using a dbt manifest...
[2026-09-08T00:05:22.388+0000] {logging_mixin.py:188} INFO - [2026-09-08T00:05:22.384+0000] {dagbag.py:355} ERROR - Failed to import: /opt/airflow/dags/financial_pipeline_dag.py
Traceback (most recent call last):
  File "/home/airflow/.local/lib/python3.11/site-packages/airflow/models/dagbag.py", line 351, in parse
    loader.exec_module(new_module)
  File "<frozen importlib._bootstrap_external>", line 940, in exec_module
  File "<frozen importlib._bootstrap>", line 241, in _call_with_frames_removed
  File "/opt/airflow/dags/financial_pipeline_dag.py", line 115, in <module>
    dbt_stg_overview = make_dbt_group("dbt_stg_overview", "stg_overview")
                       ^^^^^^^^^^^^^^^^^^^^^^^^^^^^^^^^^^^^^^^^^^^^^^^^^^
  File "/opt/airflow/dags/financial_pipeline_dag.py", line 102, in make_dbt_group
    return DbtTaskGroup(
           ^^^^^^^^^^^^^
  File "/home/airflow/.local/lib/python3.11/site-packages/cosmos/airflow/task_group.py", line 28, in __init__
    DbtToAirflowConverter.__init__(self, *args, **specific_kwargs(**kwargs))
  File "/home/airflow/.local/lib/python3.11/site-packages/cosmos/converter.py", line 261, in __init__
    self.dbt_graph.load(method=render_config.load_method, execution_mode=execution_config.execution_mode)
  File "/home/airflow/.local/lib/python3.11/site-packages/cosmos/dbt/graph.py", line 440, in load
    load_method[method]()
  File "/home/airflow/.local/lib/python3.11/site-packages/cosmos/dbt/graph.py", line 748, in load_from_dbt_manifest
    config=node_dict["config"],
           ~~~~~~~~~^^^^^^^^^^
KeyError: 'config'
[2026-09-08T00:05:22.389+0000] {processor.py:842} WARNING - No viable dags retrieved from /opt/airflow/dags/financial_pipeline_dag.py
[2026-09-08T00:05:22.412+0000] {processor.py:183} INFO - Processing /opt/airflow/dags/financial_pipeline_dag.py took 0.208 seconds
[2026-09-08T00:05:36.073+0000] {processor.py:161} INFO - Started process (PID=180) to work on /opt/airflow/dags/financial_pipeline_dag.py
[2026-09-08T00:05:36.074+0000] {processor.py:830} INFO - Processing file /opt/airflow/dags/financial_pipeline_dag.py for tasks to queue
[2026-09-08T00:05:36.077+0000] {logging_mixin.py:188} INFO - [2026-09-08T00:05:36.076+0000] {dagbag.py:545} INFO - Filling up the DagBag from /opt/airflow/dags/financial_pipeline_dag.py
[2026-09-08T00:05:36.234+0000] {logging_mixin.py:188} INFO - [2026-09-08T00:05:36.234+0000] {graph.py:719} INFO - Trying to parse the dbt project `transformations` using a dbt manifest...
[2026-09-08T00:05:36.258+0000] {logging_mixin.py:188} INFO - [2026-09-08T00:05:36.253+0000] {dagbag.py:355} ERROR - Failed to import: /opt/airflow/dags/financial_pipeline_dag.py
Traceback (most recent call last):
  File "/home/airflow/.local/lib/python3.11/site-packages/airflow/models/dagbag.py", line 351, in parse
    loader.exec_module(new_module)
  File "<frozen importlib._bootstrap_external>", line 940, in exec_module
  File "<frozen importlib._bootstrap>", line 241, in _call_with_frames_removed
  File "/opt/airflow/dags/financial_pipeline_dag.py", line 115, in <module>
    dbt_stg_overview = make_dbt_group("dbt_stg_overview", "stg_overview")
                       ^^^^^^^^^^^^^^^^^^^^^^^^^^^^^^^^^^^^^^^^^^^^^^^^^^
  File "/opt/airflow/dags/financial_pipeline_dag.py", line 102, in make_dbt_group
    return DbtTaskGroup(
           ^^^^^^^^^^^^^
  File "/home/airflow/.local/lib/python3.11/site-packages/cosmos/airflow/task_group.py", line 28, in __init__
    DbtToAirflowConverter.__init__(self, *args, **specific_kwargs(**kwargs))
  File "/home/airflow/.local/lib/python3.11/site-packages/cosmos/converter.py", line 261, in __init__
    self.dbt_graph.load(method=render_config.load_method, execution_mode=execution_config.execution_mode)
  File "/home/airflow/.local/lib/python3.11/site-packages/cosmos/dbt/graph.py", line 440, in load
    load_method[method]()
  File "/home/airflow/.local/lib/python3.11/site-packages/cosmos/dbt/graph.py", line 748, in load_from_dbt_manifest
    config=node_dict["config"],
           ~~~~~~~~~^^^^^^^^^^
KeyError: 'config'
[2026-09-08T00:05:36.260+0000] {processor.py:842} WARNING - No viable dags retrieved from /opt/airflow/dags/financial_pipeline_dag.py
[2026-09-08T00:05:36.281+0000] {processor.py:183} INFO - Processing /opt/airflow/dags/financial_pipeline_dag.py took 0.217 seconds
[2026-09-08T00:05:50.791+0000] {processor.py:161} INFO - Started process (PID=180) to work on /opt/airflow/dags/financial_pipeline_dag.py
[2026-09-08T00:05:50.792+0000] {processor.py:830} INFO - Processing file /opt/airflow/dags/financial_pipeline_dag.py for tasks to queue
[2026-09-08T00:05:50.794+0000] {logging_mixin.py:188} INFO - [2026-09-08T00:05:50.794+0000] {dagbag.py:545} INFO - Filling up the DagBag from /opt/airflow/dags/financial_pipeline_dag.py
[2026-09-08T00:05:50.932+0000] {logging_mixin.py:188} INFO - [2026-09-08T00:05:50.932+0000] {graph.py:719} INFO - Trying to parse the dbt project `transformations` using a dbt manifest...
[2026-09-08T00:05:50.953+0000] {logging_mixin.py:188} INFO - [2026-09-08T00:05:50.949+0000] {dagbag.py:355} ERROR - Failed to import: /opt/airflow/dags/financial_pipeline_dag.py
Traceback (most recent call last):
  File "/home/airflow/.local/lib/python3.11/site-packages/airflow/models/dagbag.py", line 351, in parse
    loader.exec_module(new_module)
  File "<frozen importlib._bootstrap_external>", line 940, in exec_module
  File "<frozen importlib._bootstrap>", line 241, in _call_with_frames_removed
  File "/opt/airflow/dags/financial_pipeline_dag.py", line 115, in <module>
    dbt_stg_overview = make_dbt_group("dbt_stg_overview", "stg_overview")
                       ^^^^^^^^^^^^^^^^^^^^^^^^^^^^^^^^^^^^^^^^^^^^^^^^^^
  File "/opt/airflow/dags/financial_pipeline_dag.py", line 102, in make_dbt_group
    return DbtTaskGroup(
           ^^^^^^^^^^^^^
  File "/home/airflow/.local/lib/python3.11/site-packages/cosmos/airflow/task_group.py", line 28, in __init__
    DbtToAirflowConverter.__init__(self, *args, **specific_kwargs(**kwargs))
  File "/home/airflow/.local/lib/python3.11/site-packages/cosmos/converter.py", line 261, in __init__
    self.dbt_graph.load(method=render_config.load_method, execution_mode=execution_config.execution_mode)
  File "/home/airflow/.local/lib/python3.11/site-packages/cosmos/dbt/graph.py", line 440, in load
    load_method[method]()
  File "/home/airflow/.local/lib/python3.11/site-packages/cosmos/dbt/graph.py", line 748, in load_from_dbt_manifest
    config=node_dict["config"],
           ~~~~~~~~~^^^^^^^^^^
KeyError: 'config'
[2026-09-08T00:05:50.954+0000] {processor.py:842} WARNING - No viable dags retrieved from /opt/airflow/dags/financial_pipeline_dag.py
[2026-09-08T00:05:50.973+0000] {processor.py:183} INFO - Processing /opt/airflow/dags/financial_pipeline_dag.py took 0.191 seconds
[2026-09-08T00:06:05.604+0000] {processor.py:161} INFO - Started process (PID=180) to work on /opt/airflow/dags/financial_pipeline_dag.py
[2026-09-08T00:06:05.606+0000] {processor.py:830} INFO - Processing file /opt/airflow/dags/financial_pipeline_dag.py for tasks to queue
[2026-09-08T00:06:05.608+0000] {logging_mixin.py:188} INFO - [2026-09-08T00:06:05.608+0000] {dagbag.py:545} INFO - Filling up the DagBag from /opt/airflow/dags/financial_pipeline_dag.py
[2026-09-08T00:06:05.752+0000] {logging_mixin.py:188} INFO - [2026-09-08T00:06:05.752+0000] {graph.py:719} INFO - Trying to parse the dbt project `transformations` using a dbt manifest...
[2026-09-08T00:06:05.783+0000] {logging_mixin.py:188} INFO - [2026-09-08T00:06:05.776+0000] {dagbag.py:355} ERROR - Failed to import: /opt/airflow/dags/financial_pipeline_dag.py
Traceback (most recent call last):
  File "/home/airflow/.local/lib/python3.11/site-packages/airflow/models/dagbag.py", line 351, in parse
    loader.exec_module(new_module)
  File "<frozen importlib._bootstrap_external>", line 940, in exec_module
  File "<frozen importlib._bootstrap>", line 241, in _call_with_frames_removed
  File "/opt/airflow/dags/financial_pipeline_dag.py", line 115, in <module>
    dbt_stg_overview = make_dbt_group("dbt_stg_overview", "stg_overview")
                       ^^^^^^^^^^^^^^^^^^^^^^^^^^^^^^^^^^^^^^^^^^^^^^^^^^
  File "/opt/airflow/dags/financial_pipeline_dag.py", line 102, in make_dbt_group
    return DbtTaskGroup(
           ^^^^^^^^^^^^^
  File "/home/airflow/.local/lib/python3.11/site-packages/cosmos/airflow/task_group.py", line 28, in __init__
    DbtToAirflowConverter.__init__(self, *args, **specific_kwargs(**kwargs))
  File "/home/airflow/.local/lib/python3.11/site-packages/cosmos/converter.py", line 261, in __init__
    self.dbt_graph.load(method=render_config.load_method, execution_mode=execution_config.execution_mode)
  File "/home/airflow/.local/lib/python3.11/site-packages/cosmos/dbt/graph.py", line 440, in load
    load_method[method]()
  File "/home/airflow/.local/lib/python3.11/site-packages/cosmos/dbt/graph.py", line 748, in load_from_dbt_manifest
    config=node_dict["config"],
           ~~~~~~~~~^^^^^^^^^^
KeyError: 'config'
[2026-09-08T00:06:05.784+0000] {processor.py:842} WARNING - No viable dags retrieved from /opt/airflow/dags/financial_pipeline_dag.py
[2026-09-08T00:06:05.815+0000] {processor.py:183} INFO - Processing /opt/airflow/dags/financial_pipeline_dag.py took 0.220 seconds
[2026-09-08T00:06:20.500+0000] {processor.py:161} INFO - Started process (PID=182) to work on /opt/airflow/dags/financial_pipeline_dag.py
[2026-09-08T00:06:20.501+0000] {processor.py:830} INFO - Processing file /opt/airflow/dags/financial_pipeline_dag.py for tasks to queue
[2026-09-08T00:06:20.503+0000] {logging_mixin.py:188} INFO - [2026-09-08T00:06:20.503+0000] {dagbag.py:545} INFO - Filling up the DagBag from /opt/airflow/dags/financial_pipeline_dag.py
[2026-09-08T00:06:20.657+0000] {logging_mixin.py:188} INFO - [2026-09-08T00:06:20.657+0000] {graph.py:719} INFO - Trying to parse the dbt project `transformations` using a dbt manifest...
[2026-09-08T00:06:20.683+0000] {logging_mixin.py:188} INFO - [2026-09-08T00:06:20.678+0000] {dagbag.py:355} ERROR - Failed to import: /opt/airflow/dags/financial_pipeline_dag.py
Traceback (most recent call last):
  File "/home/airflow/.local/lib/python3.11/site-packages/airflow/models/dagbag.py", line 351, in parse
    loader.exec_module(new_module)
  File "<frozen importlib._bootstrap_external>", line 940, in exec_module
  File "<frozen importlib._bootstrap>", line 241, in _call_with_frames_removed
  File "/opt/airflow/dags/financial_pipeline_dag.py", line 115, in <module>
    dbt_stg_overview = make_dbt_group("dbt_stg_overview", "stg_overview")
                       ^^^^^^^^^^^^^^^^^^^^^^^^^^^^^^^^^^^^^^^^^^^^^^^^^^
  File "/opt/airflow/dags/financial_pipeline_dag.py", line 102, in make_dbt_group
    return DbtTaskGroup(
           ^^^^^^^^^^^^^
  File "/home/airflow/.local/lib/python3.11/site-packages/cosmos/airflow/task_group.py", line 28, in __init__
    DbtToAirflowConverter.__init__(self, *args, **specific_kwargs(**kwargs))
  File "/home/airflow/.local/lib/python3.11/site-packages/cosmos/converter.py", line 261, in __init__
    self.dbt_graph.load(method=render_config.load_method, execution_mode=execution_config.execution_mode)
  File "/home/airflow/.local/lib/python3.11/site-packages/cosmos/dbt/graph.py", line 440, in load
    load_method[method]()
  File "/home/airflow/.local/lib/python3.11/site-packages/cosmos/dbt/graph.py", line 748, in load_from_dbt_manifest
    config=node_dict["config"],
           ~~~~~~~~~^^^^^^^^^^
KeyError: 'config'
[2026-09-08T00:06:20.684+0000] {processor.py:842} WARNING - No viable dags retrieved from /opt/airflow/dags/financial_pipeline_dag.py
[2026-09-08T00:06:20.707+0000] {processor.py:183} INFO - Processing /opt/airflow/dags/financial_pipeline_dag.py took 0.213 seconds
[2026-09-08T00:06:35.154+0000] {processor.py:161} INFO - Started process (PID=180) to work on /opt/airflow/dags/financial_pipeline_dag.py
[2026-09-08T00:06:35.156+0000] {processor.py:830} INFO - Processing file /opt/airflow/dags/financial_pipeline_dag.py for tasks to queue
[2026-09-08T00:06:35.160+0000] {logging_mixin.py:188} INFO - [2026-09-08T00:06:35.159+0000] {dagbag.py:545} INFO - Filling up the DagBag from /opt/airflow/dags/financial_pipeline_dag.py
[2026-09-08T00:06:35.331+0000] {logging_mixin.py:188} INFO - [2026-09-08T00:06:35.330+0000] {graph.py:719} INFO - Trying to parse the dbt project `transformations` using a dbt manifest...
[2026-09-08T00:06:35.354+0000] {logging_mixin.py:188} INFO - [2026-09-08T00:06:35.350+0000] {dagbag.py:355} ERROR - Failed to import: /opt/airflow/dags/financial_pipeline_dag.py
Traceback (most recent call last):
  File "/home/airflow/.local/lib/python3.11/site-packages/airflow/models/dagbag.py", line 351, in parse
    loader.exec_module(new_module)
  File "<frozen importlib._bootstrap_external>", line 940, in exec_module
  File "<frozen importlib._bootstrap>", line 241, in _call_with_frames_removed
  File "/opt/airflow/dags/financial_pipeline_dag.py", line 115, in <module>
    dbt_stg_overview = make_dbt_group("dbt_stg_overview", "stg_overview")
                       ^^^^^^^^^^^^^^^^^^^^^^^^^^^^^^^^^^^^^^^^^^^^^^^^^^
  File "/opt/airflow/dags/financial_pipeline_dag.py", line 102, in make_dbt_group
    return DbtTaskGroup(
           ^^^^^^^^^^^^^
  File "/home/airflow/.local/lib/python3.11/site-packages/cosmos/airflow/task_group.py", line 28, in __init__
    DbtToAirflowConverter.__init__(self, *args, **specific_kwargs(**kwargs))
  File "/home/airflow/.local/lib/python3.11/site-packages/cosmos/converter.py", line 261, in __init__
    self.dbt_graph.load(method=render_config.load_method, execution_mode=execution_config.execution_mode)
  File "/home/airflow/.local/lib/python3.11/site-packages/cosmos/dbt/graph.py", line 440, in load
    load_method[method]()
  File "/home/airflow/.local/lib/python3.11/site-packages/cosmos/dbt/graph.py", line 748, in load_from_dbt_manifest
    config=node_dict["config"],
           ~~~~~~~~~^^^^^^^^^^
KeyError: 'config'
[2026-09-08T00:06:35.356+0000] {processor.py:842} WARNING - No viable dags retrieved from /opt/airflow/dags/financial_pipeline_dag.py
[2026-09-08T00:06:35.377+0000] {processor.py:183} INFO - Processing /opt/airflow/dags/financial_pipeline_dag.py took 0.234 seconds
[2026-09-08T00:06:50.107+0000] {processor.py:161} INFO - Started process (PID=180) to work on /opt/airflow/dags/financial_pipeline_dag.py
[2026-09-08T00:06:50.108+0000] {processor.py:830} INFO - Processing file /opt/airflow/dags/financial_pipeline_dag.py for tasks to queue
[2026-09-08T00:06:50.111+0000] {logging_mixin.py:188} INFO - [2026-09-08T00:06:50.110+0000] {dagbag.py:545} INFO - Filling up the DagBag from /opt/airflow/dags/financial_pipeline_dag.py
[2026-09-08T00:06:50.313+0000] {logging_mixin.py:188} INFO - [2026-09-08T00:06:50.313+0000] {graph.py:719} INFO - Trying to parse the dbt project `transformations` using a dbt manifest...
[2026-09-08T00:06:50.339+0000] {logging_mixin.py:188} INFO - [2026-09-08T00:06:50.334+0000] {dagbag.py:355} ERROR - Failed to import: /opt/airflow/dags/financial_pipeline_dag.py
Traceback (most recent call last):
  File "/home/airflow/.local/lib/python3.11/site-packages/airflow/models/dagbag.py", line 351, in parse
    loader.exec_module(new_module)
  File "<frozen importlib._bootstrap_external>", line 940, in exec_module
  File "<frozen importlib._bootstrap>", line 241, in _call_with_frames_removed
  File "/opt/airflow/dags/financial_pipeline_dag.py", line 115, in <module>
    dbt_stg_overview = make_dbt_group("dbt_stg_overview", "stg_overview")
                       ^^^^^^^^^^^^^^^^^^^^^^^^^^^^^^^^^^^^^^^^^^^^^^^^^^
  File "/opt/airflow/dags/financial_pipeline_dag.py", line 102, in make_dbt_group
    return DbtTaskGroup(
           ^^^^^^^^^^^^^
  File "/home/airflow/.local/lib/python3.11/site-packages/cosmos/airflow/task_group.py", line 28, in __init__
    DbtToAirflowConverter.__init__(self, *args, **specific_kwargs(**kwargs))
  File "/home/airflow/.local/lib/python3.11/site-packages/cosmos/converter.py", line 261, in __init__
    self.dbt_graph.load(method=render_config.load_method, execution_mode=execution_config.execution_mode)
  File "/home/airflow/.local/lib/python3.11/site-packages/cosmos/dbt/graph.py", line 440, in load
    load_method[method]()
  File "/home/airflow/.local/lib/python3.11/site-packages/cosmos/dbt/graph.py", line 748, in load_from_dbt_manifest
    config=node_dict["config"],
           ~~~~~~~~~^^^^^^^^^^
KeyError: 'config'
[2026-09-08T00:06:50.340+0000] {processor.py:842} WARNING - No viable dags retrieved from /opt/airflow/dags/financial_pipeline_dag.py
[2026-09-08T00:06:50.359+0000] {processor.py:183} INFO - Processing /opt/airflow/dags/financial_pipeline_dag.py took 0.260 seconds
[2026-09-08T00:07:05.070+0000] {processor.py:161} INFO - Started process (PID=181) to work on /opt/airflow/dags/financial_pipeline_dag.py
[2026-09-08T00:07:05.075+0000] {processor.py:830} INFO - Processing file /opt/airflow/dags/financial_pipeline_dag.py for tasks to queue
[2026-09-08T00:07:05.080+0000] {logging_mixin.py:188} INFO - [2026-09-08T00:07:05.078+0000] {dagbag.py:545} INFO - Filling up the DagBag from /opt/airflow/dags/financial_pipeline_dag.py
[2026-09-08T00:07:05.259+0000] {logging_mixin.py:188} INFO - [2026-09-08T00:07:05.259+0000] {graph.py:719} INFO - Trying to parse the dbt project `transformations` using a dbt manifest...
[2026-09-08T00:07:05.281+0000] {logging_mixin.py:188} INFO - [2026-09-08T00:07:05.277+0000] {dagbag.py:355} ERROR - Failed to import: /opt/airflow/dags/financial_pipeline_dag.py
Traceback (most recent call last):
  File "/home/airflow/.local/lib/python3.11/site-packages/airflow/models/dagbag.py", line 351, in parse
    loader.exec_module(new_module)
  File "<frozen importlib._bootstrap_external>", line 940, in exec_module
  File "<frozen importlib._bootstrap>", line 241, in _call_with_frames_removed
  File "/opt/airflow/dags/financial_pipeline_dag.py", line 115, in <module>
    dbt_stg_overview = make_dbt_group("dbt_stg_overview", "stg_overview")
                       ^^^^^^^^^^^^^^^^^^^^^^^^^^^^^^^^^^^^^^^^^^^^^^^^^^
  File "/opt/airflow/dags/financial_pipeline_dag.py", line 102, in make_dbt_group
    return DbtTaskGroup(
           ^^^^^^^^^^^^^
  File "/home/airflow/.local/lib/python3.11/site-packages/cosmos/airflow/task_group.py", line 28, in __init__
    DbtToAirflowConverter.__init__(self, *args, **specific_kwargs(**kwargs))
  File "/home/airflow/.local/lib/python3.11/site-packages/cosmos/converter.py", line 261, in __init__
    self.dbt_graph.load(method=render_config.load_method, execution_mode=execution_config.execution_mode)
  File "/home/airflow/.local/lib/python3.11/site-packages/cosmos/dbt/graph.py", line 440, in load
    load_method[method]()
  File "/home/airflow/.local/lib/python3.11/site-packages/cosmos/dbt/graph.py", line 748, in load_from_dbt_manifest
    config=node_dict["config"],
           ~~~~~~~~~^^^^^^^^^^
KeyError: 'config'
[2026-09-08T00:07:05.282+0000] {processor.py:842} WARNING - No viable dags retrieved from /opt/airflow/dags/financial_pipeline_dag.py
[2026-09-08T00:07:05.302+0000] {processor.py:183} INFO - Processing /opt/airflow/dags/financial_pipeline_dag.py took 0.240 seconds
[2026-09-08T00:07:20.433+0000] {processor.py:161} INFO - Started process (PID=180) to work on /opt/airflow/dags/financial_pipeline_dag.py
[2026-09-08T00:07:20.434+0000] {processor.py:830} INFO - Processing file /opt/airflow/dags/financial_pipeline_dag.py for tasks to queue
[2026-09-08T00:07:20.436+0000] {logging_mixin.py:188} INFO - [2026-09-08T00:07:20.435+0000] {dagbag.py:545} INFO - Filling up the DagBag from /opt/airflow/dags/financial_pipeline_dag.py
[2026-09-08T00:07:20.577+0000] {logging_mixin.py:188} INFO - [2026-09-08T00:07:20.576+0000] {graph.py:719} INFO - Trying to parse the dbt project `transformations` using a dbt manifest...
[2026-09-08T00:07:20.601+0000] {logging_mixin.py:188} INFO - [2026-09-08T00:07:20.597+0000] {dagbag.py:355} ERROR - Failed to import: /opt/airflow/dags/financial_pipeline_dag.py
Traceback (most recent call last):
  File "/home/airflow/.local/lib/python3.11/site-packages/airflow/models/dagbag.py", line 351, in parse
    loader.exec_module(new_module)
  File "<frozen importlib._bootstrap_external>", line 940, in exec_module
  File "<frozen importlib._bootstrap>", line 241, in _call_with_frames_removed
  File "/opt/airflow/dags/financial_pipeline_dag.py", line 115, in <module>
    dbt_stg_overview = make_dbt_group("dbt_stg_overview", "stg_overview")
                       ^^^^^^^^^^^^^^^^^^^^^^^^^^^^^^^^^^^^^^^^^^^^^^^^^^
  File "/opt/airflow/dags/financial_pipeline_dag.py", line 102, in make_dbt_group
    return DbtTaskGroup(
           ^^^^^^^^^^^^^
  File "/home/airflow/.local/lib/python3.11/site-packages/cosmos/airflow/task_group.py", line 28, in __init__
    DbtToAirflowConverter.__init__(self, *args, **specific_kwargs(**kwargs))
  File "/home/airflow/.local/lib/python3.11/site-packages/cosmos/converter.py", line 261, in __init__
    self.dbt_graph.load(method=render_config.load_method, execution_mode=execution_config.execution_mode)
  File "/home/airflow/.local/lib/python3.11/site-packages/cosmos/dbt/graph.py", line 440, in load
    load_method[method]()
  File "/home/airflow/.local/lib/python3.11/site-packages/cosmos/dbt/graph.py", line 748, in load_from_dbt_manifest
    config=node_dict["config"],
           ~~~~~~~~~^^^^^^^^^^
KeyError: 'config'
[2026-09-08T00:07:20.603+0000] {processor.py:842} WARNING - No viable dags retrieved from /opt/airflow/dags/financial_pipeline_dag.py
[2026-09-08T00:07:20.628+0000] {processor.py:183} INFO - Processing /opt/airflow/dags/financial_pipeline_dag.py took 0.203 seconds
[2026-09-08T00:07:34.757+0000] {processor.py:161} INFO - Started process (PID=180) to work on /opt/airflow/dags/financial_pipeline_dag.py
[2026-09-08T00:07:34.761+0000] {processor.py:830} INFO - Processing file /opt/airflow/dags/financial_pipeline_dag.py for tasks to queue
[2026-09-08T00:07:34.762+0000] {logging_mixin.py:188} INFO - [2026-09-08T00:07:34.762+0000] {dagbag.py:545} INFO - Filling up the DagBag from /opt/airflow/dags/financial_pipeline_dag.py
[2026-09-08T00:07:34.892+0000] {logging_mixin.py:188} INFO - [2026-09-08T00:07:34.892+0000] {graph.py:719} INFO - Trying to parse the dbt project `transformations` using a dbt manifest...
[2026-09-08T00:07:34.912+0000] {logging_mixin.py:188} INFO - [2026-09-08T00:07:34.909+0000] {dagbag.py:355} ERROR - Failed to import: /opt/airflow/dags/financial_pipeline_dag.py
Traceback (most recent call last):
  File "/home/airflow/.local/lib/python3.11/site-packages/airflow/models/dagbag.py", line 351, in parse
    loader.exec_module(new_module)
  File "<frozen importlib._bootstrap_external>", line 940, in exec_module
  File "<frozen importlib._bootstrap>", line 241, in _call_with_frames_removed
  File "/opt/airflow/dags/financial_pipeline_dag.py", line 115, in <module>
    dbt_stg_overview = make_dbt_group("dbt_stg_overview", "stg_overview")
                       ^^^^^^^^^^^^^^^^^^^^^^^^^^^^^^^^^^^^^^^^^^^^^^^^^^
  File "/opt/airflow/dags/financial_pipeline_dag.py", line 102, in make_dbt_group
    return DbtTaskGroup(
           ^^^^^^^^^^^^^
  File "/home/airflow/.local/lib/python3.11/site-packages/cosmos/airflow/task_group.py", line 28, in __init__
    DbtToAirflowConverter.__init__(self, *args, **specific_kwargs(**kwargs))
  File "/home/airflow/.local/lib/python3.11/site-packages/cosmos/converter.py", line 261, in __init__
    self.dbt_graph.load(method=render_config.load_method, execution_mode=execution_config.execution_mode)
  File "/home/airflow/.local/lib/python3.11/site-packages/cosmos/dbt/graph.py", line 440, in load
    load_method[method]()
  File "/home/airflow/.local/lib/python3.11/site-packages/cosmos/dbt/graph.py", line 748, in load_from_dbt_manifest
    config=node_dict["config"],
           ~~~~~~~~~^^^^^^^^^^
KeyError: 'config'
[2026-09-08T00:07:34.914+0000] {processor.py:842} WARNING - No viable dags retrieved from /opt/airflow/dags/financial_pipeline_dag.py
[2026-09-08T00:07:34.933+0000] {processor.py:183} INFO - Processing /opt/airflow/dags/financial_pipeline_dag.py took 0.184 seconds
[2026-09-08T00:07:49.480+0000] {processor.py:161} INFO - Started process (PID=180) to work on /opt/airflow/dags/financial_pipeline_dag.py
[2026-09-08T00:07:49.482+0000] {processor.py:830} INFO - Processing file /opt/airflow/dags/financial_pipeline_dag.py for tasks to queue
[2026-09-08T00:07:49.484+0000] {logging_mixin.py:188} INFO - [2026-09-08T00:07:49.483+0000] {dagbag.py:545} INFO - Filling up the DagBag from /opt/airflow/dags/financial_pipeline_dag.py
[2026-09-08T00:07:49.610+0000] {logging_mixin.py:188} INFO - [2026-09-08T00:07:49.610+0000] {graph.py:719} INFO - Trying to parse the dbt project `transformations` using a dbt manifest...
[2026-09-08T00:07:49.629+0000] {logging_mixin.py:188} INFO - [2026-09-08T00:07:49.626+0000] {dagbag.py:355} ERROR - Failed to import: /opt/airflow/dags/financial_pipeline_dag.py
Traceback (most recent call last):
  File "/home/airflow/.local/lib/python3.11/site-packages/airflow/models/dagbag.py", line 351, in parse
    loader.exec_module(new_module)
  File "<frozen importlib._bootstrap_external>", line 940, in exec_module
  File "<frozen importlib._bootstrap>", line 241, in _call_with_frames_removed
  File "/opt/airflow/dags/financial_pipeline_dag.py", line 115, in <module>
    dbt_stg_overview = make_dbt_group("dbt_stg_overview", "stg_overview")
                       ^^^^^^^^^^^^^^^^^^^^^^^^^^^^^^^^^^^^^^^^^^^^^^^^^^
  File "/opt/airflow/dags/financial_pipeline_dag.py", line 102, in make_dbt_group
    return DbtTaskGroup(
           ^^^^^^^^^^^^^
  File "/home/airflow/.local/lib/python3.11/site-packages/cosmos/airflow/task_group.py", line 28, in __init__
    DbtToAirflowConverter.__init__(self, *args, **specific_kwargs(**kwargs))
  File "/home/airflow/.local/lib/python3.11/site-packages/cosmos/converter.py", line 261, in __init__
    self.dbt_graph.load(method=render_config.load_method, execution_mode=execution_config.execution_mode)
  File "/home/airflow/.local/lib/python3.11/site-packages/cosmos/dbt/graph.py", line 440, in load
    load_method[method]()
  File "/home/airflow/.local/lib/python3.11/site-packages/cosmos/dbt/graph.py", line 748, in load_from_dbt_manifest
    config=node_dict["config"],
           ~~~~~~~~~^^^^^^^^^^
KeyError: 'config'
[2026-09-08T00:07:49.630+0000] {processor.py:842} WARNING - No viable dags retrieved from /opt/airflow/dags/financial_pipeline_dag.py
[2026-09-08T00:07:49.649+0000] {processor.py:183} INFO - Processing /opt/airflow/dags/financial_pipeline_dag.py took 0.176 seconds
[2026-09-08T00:08:04.490+0000] {processor.py:161} INFO - Started process (PID=180) to work on /opt/airflow/dags/financial_pipeline_dag.py
[2026-09-08T00:08:04.492+0000] {processor.py:830} INFO - Processing file /opt/airflow/dags/financial_pipeline_dag.py for tasks to queue
[2026-09-08T00:08:04.494+0000] {logging_mixin.py:188} INFO - [2026-09-08T00:08:04.493+0000] {dagbag.py:545} INFO - Filling up the DagBag from /opt/airflow/dags/financial_pipeline_dag.py
[2026-09-08T00:08:04.662+0000] {logging_mixin.py:188} INFO - [2026-09-08T00:08:04.661+0000] {graph.py:719} INFO - Trying to parse the dbt project `transformations` using a dbt manifest...
[2026-09-08T00:08:04.684+0000] {logging_mixin.py:188} INFO - [2026-09-08T00:08:04.680+0000] {dagbag.py:355} ERROR - Failed to import: /opt/airflow/dags/financial_pipeline_dag.py
Traceback (most recent call last):
  File "/home/airflow/.local/lib/python3.11/site-packages/airflow/models/dagbag.py", line 351, in parse
    loader.exec_module(new_module)
  File "<frozen importlib._bootstrap_external>", line 940, in exec_module
  File "<frozen importlib._bootstrap>", line 241, in _call_with_frames_removed
  File "/opt/airflow/dags/financial_pipeline_dag.py", line 115, in <module>
    dbt_stg_overview = make_dbt_group("dbt_stg_overview", "stg_overview")
                       ^^^^^^^^^^^^^^^^^^^^^^^^^^^^^^^^^^^^^^^^^^^^^^^^^^
  File "/opt/airflow/dags/financial_pipeline_dag.py", line 102, in make_dbt_group
    return DbtTaskGroup(
           ^^^^^^^^^^^^^
  File "/home/airflow/.local/lib/python3.11/site-packages/cosmos/airflow/task_group.py", line 28, in __init__
    DbtToAirflowConverter.__init__(self, *args, **specific_kwargs(**kwargs))
  File "/home/airflow/.local/lib/python3.11/site-packages/cosmos/converter.py", line 261, in __init__
    self.dbt_graph.load(method=render_config.load_method, execution_mode=execution_config.execution_mode)
  File "/home/airflow/.local/lib/python3.11/site-packages/cosmos/dbt/graph.py", line 440, in load
    load_method[method]()
  File "/home/airflow/.local/lib/python3.11/site-packages/cosmos/dbt/graph.py", line 748, in load_from_dbt_manifest
    config=node_dict["config"],
           ~~~~~~~~~^^^^^^^^^^
KeyError: 'config'
[2026-09-08T00:08:04.685+0000] {processor.py:842} WARNING - No viable dags retrieved from /opt/airflow/dags/financial_pipeline_dag.py
[2026-09-08T00:08:04.713+0000] {processor.py:183} INFO - Processing /opt/airflow/dags/financial_pipeline_dag.py took 0.234 seconds
[2026-09-08T00:08:19.116+0000] {processor.py:161} INFO - Started process (PID=180) to work on /opt/airflow/dags/financial_pipeline_dag.py
[2026-09-08T00:08:19.118+0000] {processor.py:830} INFO - Processing file /opt/airflow/dags/financial_pipeline_dag.py for tasks to queue
[2026-09-08T00:08:19.120+0000] {logging_mixin.py:188} INFO - [2026-09-08T00:08:19.119+0000] {dagbag.py:545} INFO - Filling up the DagBag from /opt/airflow/dags/financial_pipeline_dag.py
[2026-09-08T00:08:19.288+0000] {logging_mixin.py:188} INFO - [2026-09-08T00:08:19.288+0000] {graph.py:719} INFO - Trying to parse the dbt project `transformations` using a dbt manifest...
[2026-09-08T00:08:19.314+0000] {logging_mixin.py:188} INFO - [2026-09-08T00:08:19.310+0000] {dagbag.py:355} ERROR - Failed to import: /opt/airflow/dags/financial_pipeline_dag.py
Traceback (most recent call last):
  File "/home/airflow/.local/lib/python3.11/site-packages/airflow/models/dagbag.py", line 351, in parse
    loader.exec_module(new_module)
  File "<frozen importlib._bootstrap_external>", line 940, in exec_module
  File "<frozen importlib._bootstrap>", line 241, in _call_with_frames_removed
  File "/opt/airflow/dags/financial_pipeline_dag.py", line 115, in <module>
    dbt_stg_overview = make_dbt_group("dbt_stg_overview", "stg_overview")
                       ^^^^^^^^^^^^^^^^^^^^^^^^^^^^^^^^^^^^^^^^^^^^^^^^^^
  File "/opt/airflow/dags/financial_pipeline_dag.py", line 102, in make_dbt_group
    return DbtTaskGroup(
           ^^^^^^^^^^^^^
  File "/home/airflow/.local/lib/python3.11/site-packages/cosmos/airflow/task_group.py", line 28, in __init__
    DbtToAirflowConverter.__init__(self, *args, **specific_kwargs(**kwargs))
  File "/home/airflow/.local/lib/python3.11/site-packages/cosmos/converter.py", line 261, in __init__
    self.dbt_graph.load(method=render_config.load_method, execution_mode=execution_config.execution_mode)
  File "/home/airflow/.local/lib/python3.11/site-packages/cosmos/dbt/graph.py", line 440, in load
    load_method[method]()
  File "/home/airflow/.local/lib/python3.11/site-packages/cosmos/dbt/graph.py", line 748, in load_from_dbt_manifest
    config=node_dict["config"],
           ~~~~~~~~~^^^^^^^^^^
KeyError: 'config'
[2026-09-08T00:08:19.315+0000] {processor.py:842} WARNING - No viable dags retrieved from /opt/airflow/dags/financial_pipeline_dag.py
[2026-09-08T00:08:19.337+0000] {processor.py:183} INFO - Processing /opt/airflow/dags/financial_pipeline_dag.py took 0.230 seconds
[2026-09-08T00:08:33.764+0000] {processor.py:161} INFO - Started process (PID=180) to work on /opt/airflow/dags/financial_pipeline_dag.py
[2026-09-08T00:08:33.766+0000] {processor.py:830} INFO - Processing file /opt/airflow/dags/financial_pipeline_dag.py for tasks to queue
[2026-09-08T00:08:33.768+0000] {logging_mixin.py:188} INFO - [2026-09-08T00:08:33.768+0000] {dagbag.py:545} INFO - Filling up the DagBag from /opt/airflow/dags/financial_pipeline_dag.py
[2026-09-08T00:08:33.902+0000] {logging_mixin.py:188} INFO - [2026-09-08T00:08:33.902+0000] {graph.py:719} INFO - Trying to parse the dbt project `transformations` using a dbt manifest...
[2026-09-08T00:08:33.925+0000] {logging_mixin.py:188} INFO - [2026-09-08T00:08:33.920+0000] {dagbag.py:355} ERROR - Failed to import: /opt/airflow/dags/financial_pipeline_dag.py
Traceback (most recent call last):
  File "/home/airflow/.local/lib/python3.11/site-packages/airflow/models/dagbag.py", line 351, in parse
    loader.exec_module(new_module)
  File "<frozen importlib._bootstrap_external>", line 940, in exec_module
  File "<frozen importlib._bootstrap>", line 241, in _call_with_frames_removed
  File "/opt/airflow/dags/financial_pipeline_dag.py", line 115, in <module>
    dbt_stg_overview = make_dbt_group("dbt_stg_overview", "stg_overview")
                       ^^^^^^^^^^^^^^^^^^^^^^^^^^^^^^^^^^^^^^^^^^^^^^^^^^
  File "/opt/airflow/dags/financial_pipeline_dag.py", line 102, in make_dbt_group
    return DbtTaskGroup(
           ^^^^^^^^^^^^^
  File "/home/airflow/.local/lib/python3.11/site-packages/cosmos/airflow/task_group.py", line 28, in __init__
    DbtToAirflowConverter.__init__(self, *args, **specific_kwargs(**kwargs))
  File "/home/airflow/.local/lib/python3.11/site-packages/cosmos/converter.py", line 261, in __init__
    self.dbt_graph.load(method=render_config.load_method, execution_mode=execution_config.execution_mode)
  File "/home/airflow/.local/lib/python3.11/site-packages/cosmos/dbt/graph.py", line 440, in load
    load_method[method]()
  File "/home/airflow/.local/lib/python3.11/site-packages/cosmos/dbt/graph.py", line 748, in load_from_dbt_manifest
    config=node_dict["config"],
           ~~~~~~~~~^^^^^^^^^^
KeyError: 'config'
[2026-09-08T00:08:33.926+0000] {processor.py:842} WARNING - No viable dags retrieved from /opt/airflow/dags/financial_pipeline_dag.py
[2026-09-08T00:08:33.946+0000] {processor.py:183} INFO - Processing /opt/airflow/dags/financial_pipeline_dag.py took 0.190 seconds
[2026-09-08T00:08:48.287+0000] {processor.py:161} INFO - Started process (PID=180) to work on /opt/airflow/dags/financial_pipeline_dag.py
[2026-09-08T00:08:48.289+0000] {processor.py:830} INFO - Processing file /opt/airflow/dags/financial_pipeline_dag.py for tasks to queue
[2026-09-08T00:08:48.291+0000] {logging_mixin.py:188} INFO - [2026-09-08T00:08:48.291+0000] {dagbag.py:545} INFO - Filling up the DagBag from /opt/airflow/dags/financial_pipeline_dag.py
[2026-09-08T00:08:48.443+0000] {logging_mixin.py:188} INFO - [2026-09-08T00:08:48.443+0000] {graph.py:719} INFO - Trying to parse the dbt project `transformations` using a dbt manifest...
[2026-09-08T00:08:48.466+0000] {logging_mixin.py:188} INFO - [2026-09-08T00:08:48.462+0000] {dagbag.py:355} ERROR - Failed to import: /opt/airflow/dags/financial_pipeline_dag.py
Traceback (most recent call last):
  File "/home/airflow/.local/lib/python3.11/site-packages/airflow/models/dagbag.py", line 351, in parse
    loader.exec_module(new_module)
  File "<frozen importlib._bootstrap_external>", line 940, in exec_module
  File "<frozen importlib._bootstrap>", line 241, in _call_with_frames_removed
  File "/opt/airflow/dags/financial_pipeline_dag.py", line 115, in <module>
    dbt_stg_overview = make_dbt_group("dbt_stg_overview", "stg_overview")
                       ^^^^^^^^^^^^^^^^^^^^^^^^^^^^^^^^^^^^^^^^^^^^^^^^^^
  File "/opt/airflow/dags/financial_pipeline_dag.py", line 102, in make_dbt_group
    return DbtTaskGroup(
           ^^^^^^^^^^^^^
  File "/home/airflow/.local/lib/python3.11/site-packages/cosmos/airflow/task_group.py", line 28, in __init__
    DbtToAirflowConverter.__init__(self, *args, **specific_kwargs(**kwargs))
  File "/home/airflow/.local/lib/python3.11/site-packages/cosmos/converter.py", line 261, in __init__
    self.dbt_graph.load(method=render_config.load_method, execution_mode=execution_config.execution_mode)
  File "/home/airflow/.local/lib/python3.11/site-packages/cosmos/dbt/graph.py", line 440, in load
    load_method[method]()
  File "/home/airflow/.local/lib/python3.11/site-packages/cosmos/dbt/graph.py", line 748, in load_from_dbt_manifest
    config=node_dict["config"],
           ~~~~~~~~~^^^^^^^^^^
KeyError: 'config'
[2026-09-08T00:08:48.467+0000] {processor.py:842} WARNING - No viable dags retrieved from /opt/airflow/dags/financial_pipeline_dag.py
[2026-09-08T00:08:48.489+0000] {processor.py:183} INFO - Processing /opt/airflow/dags/financial_pipeline_dag.py took 0.211 seconds
[2026-09-08T00:09:05.007+0000] {processor.py:161} INFO - Started process (PID=180) to work on /opt/airflow/dags/financial_pipeline_dag.py
[2026-09-08T00:09:05.008+0000] {processor.py:830} INFO - Processing file /opt/airflow/dags/financial_pipeline_dag.py for tasks to queue
[2026-09-08T00:09:05.010+0000] {logging_mixin.py:188} INFO - [2026-09-08T00:09:05.010+0000] {dagbag.py:545} INFO - Filling up the DagBag from /opt/airflow/dags/financial_pipeline_dag.py
[2026-09-08T00:09:05.163+0000] {logging_mixin.py:188} INFO - [2026-09-08T00:09:05.163+0000] {graph.py:719} INFO - Trying to parse the dbt project `transformations` using a dbt manifest...
[2026-09-08T00:09:05.189+0000] {logging_mixin.py:188} INFO - [2026-09-08T00:09:05.183+0000] {dagbag.py:355} ERROR - Failed to import: /opt/airflow/dags/financial_pipeline_dag.py
Traceback (most recent call last):
  File "/home/airflow/.local/lib/python3.11/site-packages/airflow/models/dagbag.py", line 351, in parse
    loader.exec_module(new_module)
  File "<frozen importlib._bootstrap_external>", line 940, in exec_module
  File "<frozen importlib._bootstrap>", line 241, in _call_with_frames_removed
  File "/opt/airflow/dags/financial_pipeline_dag.py", line 115, in <module>
    dbt_stg_overview = make_dbt_group("dbt_stg_overview", "stg_overview")
                       ^^^^^^^^^^^^^^^^^^^^^^^^^^^^^^^^^^^^^^^^^^^^^^^^^^
  File "/opt/airflow/dags/financial_pipeline_dag.py", line 102, in make_dbt_group
    return DbtTaskGroup(
           ^^^^^^^^^^^^^
  File "/home/airflow/.local/lib/python3.11/site-packages/cosmos/airflow/task_group.py", line 28, in __init__
    DbtToAirflowConverter.__init__(self, *args, **specific_kwargs(**kwargs))
  File "/home/airflow/.local/lib/python3.11/site-packages/cosmos/converter.py", line 261, in __init__
    self.dbt_graph.load(method=render_config.load_method, execution_mode=execution_config.execution_mode)
  File "/home/airflow/.local/lib/python3.11/site-packages/cosmos/dbt/graph.py", line 440, in load
    load_method[method]()
  File "/home/airflow/.local/lib/python3.11/site-packages/cosmos/dbt/graph.py", line 748, in load_from_dbt_manifest
    config=node_dict["config"],
           ~~~~~~~~~^^^^^^^^^^
KeyError: 'config'
[2026-09-08T00:09:05.191+0000] {processor.py:842} WARNING - No viable dags retrieved from /opt/airflow/dags/financial_pipeline_dag.py
[2026-09-08T00:09:05.214+0000] {processor.py:183} INFO - Processing /opt/airflow/dags/financial_pipeline_dag.py took 0.216 seconds
[2026-09-08T00:09:20.999+0000] {processor.py:161} INFO - Started process (PID=181) to work on /opt/airflow/dags/financial_pipeline_dag.py
[2026-09-08T00:09:21.000+0000] {processor.py:830} INFO - Processing file /opt/airflow/dags/financial_pipeline_dag.py for tasks to queue
[2026-09-08T00:09:21.002+0000] {logging_mixin.py:188} INFO - [2026-09-08T00:09:21.002+0000] {dagbag.py:545} INFO - Filling up the DagBag from /opt/airflow/dags/financial_pipeline_dag.py
[2026-09-08T00:09:21.137+0000] {logging_mixin.py:188} INFO - [2026-09-08T00:09:21.137+0000] {graph.py:719} INFO - Trying to parse the dbt project `transformations` using a dbt manifest...
[2026-09-08T00:09:21.160+0000] {logging_mixin.py:188} INFO - [2026-09-08T00:09:21.155+0000] {dagbag.py:355} ERROR - Failed to import: /opt/airflow/dags/financial_pipeline_dag.py
Traceback (most recent call last):
  File "/home/airflow/.local/lib/python3.11/site-packages/airflow/models/dagbag.py", line 351, in parse
    loader.exec_module(new_module)
  File "<frozen importlib._bootstrap_external>", line 940, in exec_module
  File "<frozen importlib._bootstrap>", line 241, in _call_with_frames_removed
  File "/opt/airflow/dags/financial_pipeline_dag.py", line 115, in <module>
    dbt_stg_overview = make_dbt_group("dbt_stg_overview", "stg_overview")
                       ^^^^^^^^^^^^^^^^^^^^^^^^^^^^^^^^^^^^^^^^^^^^^^^^^^
  File "/opt/airflow/dags/financial_pipeline_dag.py", line 102, in make_dbt_group
    return DbtTaskGroup(
           ^^^^^^^^^^^^^
  File "/home/airflow/.local/lib/python3.11/site-packages/cosmos/airflow/task_group.py", line 28, in __init__
    DbtToAirflowConverter.__init__(self, *args, **specific_kwargs(**kwargs))
  File "/home/airflow/.local/lib/python3.11/site-packages/cosmos/converter.py", line 261, in __init__
    self.dbt_graph.load(method=render_config.load_method, execution_mode=execution_config.execution_mode)
  File "/home/airflow/.local/lib/python3.11/site-packages/cosmos/dbt/graph.py", line 440, in load
    load_method[method]()
  File "/home/airflow/.local/lib/python3.11/site-packages/cosmos/dbt/graph.py", line 748, in load_from_dbt_manifest
    config=node_dict["config"],
           ~~~~~~~~~^^^^^^^^^^
KeyError: 'config'
[2026-09-08T00:09:21.161+0000] {processor.py:842} WARNING - No viable dags retrieved from /opt/airflow/dags/financial_pipeline_dag.py
[2026-09-08T00:09:21.182+0000] {processor.py:183} INFO - Processing /opt/airflow/dags/financial_pipeline_dag.py took 0.191 seconds
[2026-09-08T00:09:35.184+0000] {processor.py:161} INFO - Started process (PID=180) to work on /opt/airflow/dags/financial_pipeline_dag.py
[2026-09-08T00:09:35.186+0000] {processor.py:830} INFO - Processing file /opt/airflow/dags/financial_pipeline_dag.py for tasks to queue
[2026-09-08T00:09:35.190+0000] {logging_mixin.py:188} INFO - [2026-09-08T00:09:35.189+0000] {dagbag.py:545} INFO - Filling up the DagBag from /opt/airflow/dags/financial_pipeline_dag.py
[2026-09-08T00:09:35.340+0000] {logging_mixin.py:188} INFO - [2026-09-08T00:09:35.340+0000] {graph.py:719} INFO - Trying to parse the dbt project `transformations` using a dbt manifest...
[2026-09-08T00:09:35.362+0000] {logging_mixin.py:188} INFO - [2026-09-08T00:09:35.358+0000] {dagbag.py:355} ERROR - Failed to import: /opt/airflow/dags/financial_pipeline_dag.py
Traceback (most recent call last):
  File "/home/airflow/.local/lib/python3.11/site-packages/airflow/models/dagbag.py", line 351, in parse
    loader.exec_module(new_module)
  File "<frozen importlib._bootstrap_external>", line 940, in exec_module
  File "<frozen importlib._bootstrap>", line 241, in _call_with_frames_removed
  File "/opt/airflow/dags/financial_pipeline_dag.py", line 115, in <module>
    dbt_stg_overview = make_dbt_group("dbt_stg_overview", "stg_overview")
                       ^^^^^^^^^^^^^^^^^^^^^^^^^^^^^^^^^^^^^^^^^^^^^^^^^^
  File "/opt/airflow/dags/financial_pipeline_dag.py", line 102, in make_dbt_group
    return DbtTaskGroup(
           ^^^^^^^^^^^^^
  File "/home/airflow/.local/lib/python3.11/site-packages/cosmos/airflow/task_group.py", line 28, in __init__
    DbtToAirflowConverter.__init__(self, *args, **specific_kwargs(**kwargs))
  File "/home/airflow/.local/lib/python3.11/site-packages/cosmos/converter.py", line 261, in __init__
    self.dbt_graph.load(method=render_config.load_method, execution_mode=execution_config.execution_mode)
  File "/home/airflow/.local/lib/python3.11/site-packages/cosmos/dbt/graph.py", line 440, in load
    load_method[method]()
  File "/home/airflow/.local/lib/python3.11/site-packages/cosmos/dbt/graph.py", line 748, in load_from_dbt_manifest
    config=node_dict["config"],
           ~~~~~~~~~^^^^^^^^^^
KeyError: 'config'
[2026-09-08T00:09:35.363+0000] {processor.py:842} WARNING - No viable dags retrieved from /opt/airflow/dags/financial_pipeline_dag.py
[2026-09-08T00:09:35.381+0000] {processor.py:183} INFO - Processing /opt/airflow/dags/financial_pipeline_dag.py took 0.206 seconds
[2026-09-08T00:09:49.227+0000] {processor.py:161} INFO - Started process (PID=181) to work on /opt/airflow/dags/financial_pipeline_dag.py
[2026-09-08T00:09:49.228+0000] {processor.py:830} INFO - Processing file /opt/airflow/dags/financial_pipeline_dag.py for tasks to queue
[2026-09-08T00:09:49.230+0000] {logging_mixin.py:188} INFO - [2026-09-08T00:09:49.230+0000] {dagbag.py:545} INFO - Filling up the DagBag from /opt/airflow/dags/financial_pipeline_dag.py
[2026-09-08T00:09:49.370+0000] {logging_mixin.py:188} INFO - [2026-09-08T00:09:49.370+0000] {graph.py:719} INFO - Trying to parse the dbt project `transformations` using a dbt manifest...
[2026-09-08T00:09:49.391+0000] {logging_mixin.py:188} INFO - [2026-09-08T00:09:49.387+0000] {dagbag.py:355} ERROR - Failed to import: /opt/airflow/dags/financial_pipeline_dag.py
Traceback (most recent call last):
  File "/home/airflow/.local/lib/python3.11/site-packages/airflow/models/dagbag.py", line 351, in parse
    loader.exec_module(new_module)
  File "<frozen importlib._bootstrap_external>", line 940, in exec_module
  File "<frozen importlib._bootstrap>", line 241, in _call_with_frames_removed
  File "/opt/airflow/dags/financial_pipeline_dag.py", line 115, in <module>
    dbt_stg_overview = make_dbt_group("dbt_stg_overview", "stg_overview")
                       ^^^^^^^^^^^^^^^^^^^^^^^^^^^^^^^^^^^^^^^^^^^^^^^^^^
  File "/opt/airflow/dags/financial_pipeline_dag.py", line 102, in make_dbt_group
    return DbtTaskGroup(
           ^^^^^^^^^^^^^
  File "/home/airflow/.local/lib/python3.11/site-packages/cosmos/airflow/task_group.py", line 28, in __init__
    DbtToAirflowConverter.__init__(self, *args, **specific_kwargs(**kwargs))
  File "/home/airflow/.local/lib/python3.11/site-packages/cosmos/converter.py", line 261, in __init__
    self.dbt_graph.load(method=render_config.load_method, execution_mode=execution_config.execution_mode)
  File "/home/airflow/.local/lib/python3.11/site-packages/cosmos/dbt/graph.py", line 440, in load
    load_method[method]()
  File "/home/airflow/.local/lib/python3.11/site-packages/cosmos/dbt/graph.py", line 748, in load_from_dbt_manifest
    config=node_dict["config"],
           ~~~~~~~~~^^^^^^^^^^
KeyError: 'config'
[2026-09-08T00:09:49.392+0000] {processor.py:842} WARNING - No viable dags retrieved from /opt/airflow/dags/financial_pipeline_dag.py
[2026-09-08T00:09:49.412+0000] {processor.py:183} INFO - Processing /opt/airflow/dags/financial_pipeline_dag.py took 0.199 seconds
[2026-09-08T00:10:03.116+0000] {processor.py:161} INFO - Started process (PID=180) to work on /opt/airflow/dags/financial_pipeline_dag.py
[2026-09-08T00:10:03.117+0000] {processor.py:830} INFO - Processing file /opt/airflow/dags/financial_pipeline_dag.py for tasks to queue
[2026-09-08T00:10:03.119+0000] {logging_mixin.py:188} INFO - [2026-09-08T00:10:03.119+0000] {dagbag.py:545} INFO - Filling up the DagBag from /opt/airflow/dags/financial_pipeline_dag.py
[2026-09-08T00:10:03.286+0000] {logging_mixin.py:188} INFO - [2026-09-08T00:10:03.285+0000] {graph.py:719} INFO - Trying to parse the dbt project `transformations` using a dbt manifest...
[2026-09-08T00:10:03.307+0000] {logging_mixin.py:188} INFO - [2026-09-08T00:10:03.303+0000] {dagbag.py:355} ERROR - Failed to import: /opt/airflow/dags/financial_pipeline_dag.py
Traceback (most recent call last):
  File "/home/airflow/.local/lib/python3.11/site-packages/airflow/models/dagbag.py", line 351, in parse
    loader.exec_module(new_module)
  File "<frozen importlib._bootstrap_external>", line 940, in exec_module
  File "<frozen importlib._bootstrap>", line 241, in _call_with_frames_removed
  File "/opt/airflow/dags/financial_pipeline_dag.py", line 115, in <module>
    dbt_stg_overview = make_dbt_group("dbt_stg_overview", "stg_overview")
                       ^^^^^^^^^^^^^^^^^^^^^^^^^^^^^^^^^^^^^^^^^^^^^^^^^^
  File "/opt/airflow/dags/financial_pipeline_dag.py", line 102, in make_dbt_group
    return DbtTaskGroup(
           ^^^^^^^^^^^^^
  File "/home/airflow/.local/lib/python3.11/site-packages/cosmos/airflow/task_group.py", line 28, in __init__
    DbtToAirflowConverter.__init__(self, *args, **specific_kwargs(**kwargs))
  File "/home/airflow/.local/lib/python3.11/site-packages/cosmos/converter.py", line 261, in __init__
    self.dbt_graph.load(method=render_config.load_method, execution_mode=execution_config.execution_mode)
  File "/home/airflow/.local/lib/python3.11/site-packages/cosmos/dbt/graph.py", line 440, in load
    load_method[method]()
  File "/home/airflow/.local/lib/python3.11/site-packages/cosmos/dbt/graph.py", line 748, in load_from_dbt_manifest
    config=node_dict["config"],
           ~~~~~~~~~^^^^^^^^^^
KeyError: 'config'
[2026-09-08T00:10:03.309+0000] {processor.py:842} WARNING - No viable dags retrieved from /opt/airflow/dags/financial_pipeline_dag.py
[2026-09-08T00:10:03.330+0000] {processor.py:183} INFO - Processing /opt/airflow/dags/financial_pipeline_dag.py took 0.221 seconds
[2026-09-08T00:10:17.649+0000] {processor.py:161} INFO - Started process (PID=180) to work on /opt/airflow/dags/financial_pipeline_dag.py
[2026-09-08T00:10:17.651+0000] {processor.py:830} INFO - Processing file /opt/airflow/dags/financial_pipeline_dag.py for tasks to queue
[2026-09-08T00:10:17.653+0000] {logging_mixin.py:188} INFO - [2026-09-08T00:10:17.653+0000] {dagbag.py:545} INFO - Filling up the DagBag from /opt/airflow/dags/financial_pipeline_dag.py
[2026-09-08T00:10:17.788+0000] {logging_mixin.py:188} INFO - [2026-09-08T00:10:17.788+0000] {graph.py:719} INFO - Trying to parse the dbt project `transformations` using a dbt manifest...
[2026-09-08T00:10:17.806+0000] {logging_mixin.py:188} INFO - [2026-09-08T00:10:17.803+0000] {dagbag.py:355} ERROR - Failed to import: /opt/airflow/dags/financial_pipeline_dag.py
Traceback (most recent call last):
  File "/home/airflow/.local/lib/python3.11/site-packages/airflow/models/dagbag.py", line 351, in parse
    loader.exec_module(new_module)
  File "<frozen importlib._bootstrap_external>", line 940, in exec_module
  File "<frozen importlib._bootstrap>", line 241, in _call_with_frames_removed
  File "/opt/airflow/dags/financial_pipeline_dag.py", line 115, in <module>
    dbt_stg_overview = make_dbt_group("dbt_stg_overview", "stg_overview")
                       ^^^^^^^^^^^^^^^^^^^^^^^^^^^^^^^^^^^^^^^^^^^^^^^^^^
  File "/opt/airflow/dags/financial_pipeline_dag.py", line 102, in make_dbt_group
    return DbtTaskGroup(
           ^^^^^^^^^^^^^
  File "/home/airflow/.local/lib/python3.11/site-packages/cosmos/airflow/task_group.py", line 28, in __init__
    DbtToAirflowConverter.__init__(self, *args, **specific_kwargs(**kwargs))
  File "/home/airflow/.local/lib/python3.11/site-packages/cosmos/converter.py", line 261, in __init__
    self.dbt_graph.load(method=render_config.load_method, execution_mode=execution_config.execution_mode)
  File "/home/airflow/.local/lib/python3.11/site-packages/cosmos/dbt/graph.py", line 440, in load
    load_method[method]()
  File "/home/airflow/.local/lib/python3.11/site-packages/cosmos/dbt/graph.py", line 748, in load_from_dbt_manifest
    config=node_dict["config"],
           ~~~~~~~~~^^^^^^^^^^
KeyError: 'config'
[2026-09-08T00:10:17.807+0000] {processor.py:842} WARNING - No viable dags retrieved from /opt/airflow/dags/financial_pipeline_dag.py
[2026-09-08T00:10:17.837+0000] {processor.py:183} INFO - Processing /opt/airflow/dags/financial_pipeline_dag.py took 0.198 seconds
[2026-09-08T00:10:31.930+0000] {processor.py:161} INFO - Started process (PID=180) to work on /opt/airflow/dags/financial_pipeline_dag.py
[2026-09-08T00:10:31.932+0000] {processor.py:830} INFO - Processing file /opt/airflow/dags/financial_pipeline_dag.py for tasks to queue
[2026-09-08T00:10:31.934+0000] {logging_mixin.py:188} INFO - [2026-09-08T00:10:31.933+0000] {dagbag.py:545} INFO - Filling up the DagBag from /opt/airflow/dags/financial_pipeline_dag.py
[2026-09-08T00:10:32.074+0000] {logging_mixin.py:188} INFO - [2026-09-08T00:10:32.073+0000] {graph.py:719} INFO - Trying to parse the dbt project `transformations` using a dbt manifest...
[2026-09-08T00:10:32.093+0000] {logging_mixin.py:188} INFO - [2026-09-08T00:10:32.089+0000] {dagbag.py:355} ERROR - Failed to import: /opt/airflow/dags/financial_pipeline_dag.py
Traceback (most recent call last):
  File "/home/airflow/.local/lib/python3.11/site-packages/airflow/models/dagbag.py", line 351, in parse
    loader.exec_module(new_module)
  File "<frozen importlib._bootstrap_external>", line 940, in exec_module
  File "<frozen importlib._bootstrap>", line 241, in _call_with_frames_removed
  File "/opt/airflow/dags/financial_pipeline_dag.py", line 115, in <module>
    dbt_stg_overview = make_dbt_group("dbt_stg_overview", "stg_overview")
                       ^^^^^^^^^^^^^^^^^^^^^^^^^^^^^^^^^^^^^^^^^^^^^^^^^^
  File "/opt/airflow/dags/financial_pipeline_dag.py", line 102, in make_dbt_group
    return DbtTaskGroup(
           ^^^^^^^^^^^^^
  File "/home/airflow/.local/lib/python3.11/site-packages/cosmos/airflow/task_group.py", line 28, in __init__
    DbtToAirflowConverter.__init__(self, *args, **specific_kwargs(**kwargs))
  File "/home/airflow/.local/lib/python3.11/site-packages/cosmos/converter.py", line 261, in __init__
    self.dbt_graph.load(method=render_config.load_method, execution_mode=execution_config.execution_mode)
  File "/home/airflow/.local/lib/python3.11/site-packages/cosmos/dbt/graph.py", line 440, in load
    load_method[method]()
  File "/home/airflow/.local/lib/python3.11/site-packages/cosmos/dbt/graph.py", line 748, in load_from_dbt_manifest
    config=node_dict["config"],
           ~~~~~~~~~^^^^^^^^^^
KeyError: 'config'
[2026-09-08T00:10:32.094+0000] {processor.py:842} WARNING - No viable dags retrieved from /opt/airflow/dags/financial_pipeline_dag.py
[2026-09-08T00:10:32.113+0000] {processor.py:183} INFO - Processing /opt/airflow/dags/financial_pipeline_dag.py took 0.192 seconds
[2026-09-08T00:10:45.872+0000] {processor.py:161} INFO - Started process (PID=180) to work on /opt/airflow/dags/financial_pipeline_dag.py
[2026-09-08T00:10:45.874+0000] {processor.py:830} INFO - Processing file /opt/airflow/dags/financial_pipeline_dag.py for tasks to queue
[2026-09-08T00:10:45.876+0000] {logging_mixin.py:188} INFO - [2026-09-08T00:10:45.875+0000] {dagbag.py:545} INFO - Filling up the DagBag from /opt/airflow/dags/financial_pipeline_dag.py
[2026-09-08T00:10:46.050+0000] {logging_mixin.py:188} INFO - [2026-09-08T00:10:46.049+0000] {graph.py:719} INFO - Trying to parse the dbt project `transformations` using a dbt manifest...
[2026-09-08T00:10:46.076+0000] {logging_mixin.py:188} INFO - [2026-09-08T00:10:46.072+0000] {dagbag.py:355} ERROR - Failed to import: /opt/airflow/dags/financial_pipeline_dag.py
Traceback (most recent call last):
  File "/home/airflow/.local/lib/python3.11/site-packages/airflow/models/dagbag.py", line 351, in parse
    loader.exec_module(new_module)
  File "<frozen importlib._bootstrap_external>", line 940, in exec_module
  File "<frozen importlib._bootstrap>", line 241, in _call_with_frames_removed
  File "/opt/airflow/dags/financial_pipeline_dag.py", line 115, in <module>
    dbt_stg_overview = make_dbt_group("dbt_stg_overview", "stg_overview")
                       ^^^^^^^^^^^^^^^^^^^^^^^^^^^^^^^^^^^^^^^^^^^^^^^^^^
  File "/opt/airflow/dags/financial_pipeline_dag.py", line 102, in make_dbt_group
    return DbtTaskGroup(
           ^^^^^^^^^^^^^
  File "/home/airflow/.local/lib/python3.11/site-packages/cosmos/airflow/task_group.py", line 28, in __init__
    DbtToAirflowConverter.__init__(self, *args, **specific_kwargs(**kwargs))
  File "/home/airflow/.local/lib/python3.11/site-packages/cosmos/converter.py", line 261, in __init__
    self.dbt_graph.load(method=render_config.load_method, execution_mode=execution_config.execution_mode)
  File "/home/airflow/.local/lib/python3.11/site-packages/cosmos/dbt/graph.py", line 440, in load
    load_method[method]()
  File "/home/airflow/.local/lib/python3.11/site-packages/cosmos/dbt/graph.py", line 748, in load_from_dbt_manifest
    config=node_dict["config"],
           ~~~~~~~~~^^^^^^^^^^
KeyError: 'config'
[2026-09-08T00:10:46.077+0000] {processor.py:842} WARNING - No viable dags retrieved from /opt/airflow/dags/financial_pipeline_dag.py
[2026-09-08T00:10:46.096+0000] {processor.py:183} INFO - Processing /opt/airflow/dags/financial_pipeline_dag.py took 0.234 seconds
[2026-09-08T00:11:00.180+0000] {processor.py:161} INFO - Started process (PID=180) to work on /opt/airflow/dags/financial_pipeline_dag.py
[2026-09-08T00:11:00.182+0000] {processor.py:830} INFO - Processing file /opt/airflow/dags/financial_pipeline_dag.py for tasks to queue
[2026-09-08T00:11:00.187+0000] {logging_mixin.py:188} INFO - [2026-09-08T00:11:00.186+0000] {dagbag.py:545} INFO - Filling up the DagBag from /opt/airflow/dags/financial_pipeline_dag.py
[2026-09-08T00:11:00.356+0000] {logging_mixin.py:188} INFO - [2026-09-08T00:11:00.356+0000] {graph.py:719} INFO - Trying to parse the dbt project `transformations` using a dbt manifest...
[2026-09-08T00:11:00.378+0000] {logging_mixin.py:188} INFO - [2026-09-08T00:11:00.374+0000] {dagbag.py:355} ERROR - Failed to import: /opt/airflow/dags/financial_pipeline_dag.py
Traceback (most recent call last):
  File "/home/airflow/.local/lib/python3.11/site-packages/airflow/models/dagbag.py", line 351, in parse
    loader.exec_module(new_module)
  File "<frozen importlib._bootstrap_external>", line 940, in exec_module
  File "<frozen importlib._bootstrap>", line 241, in _call_with_frames_removed
  File "/opt/airflow/dags/financial_pipeline_dag.py", line 115, in <module>
    dbt_stg_overview = make_dbt_group("dbt_stg_overview", "stg_overview")
                       ^^^^^^^^^^^^^^^^^^^^^^^^^^^^^^^^^^^^^^^^^^^^^^^^^^
  File "/opt/airflow/dags/financial_pipeline_dag.py", line 102, in make_dbt_group
    return DbtTaskGroup(
           ^^^^^^^^^^^^^
  File "/home/airflow/.local/lib/python3.11/site-packages/cosmos/airflow/task_group.py", line 28, in __init__
    DbtToAirflowConverter.__init__(self, *args, **specific_kwargs(**kwargs))
  File "/home/airflow/.local/lib/python3.11/site-packages/cosmos/converter.py", line 261, in __init__
    self.dbt_graph.load(method=render_config.load_method, execution_mode=execution_config.execution_mode)
  File "/home/airflow/.local/lib/python3.11/site-packages/cosmos/dbt/graph.py", line 440, in load
    load_method[method]()
  File "/home/airflow/.local/lib/python3.11/site-packages/cosmos/dbt/graph.py", line 748, in load_from_dbt_manifest
    config=node_dict["config"],
           ~~~~~~~~~^^^^^^^^^^
KeyError: 'config'
[2026-09-08T00:11:00.379+0000] {processor.py:842} WARNING - No viable dags retrieved from /opt/airflow/dags/financial_pipeline_dag.py
[2026-09-08T00:11:00.397+0000] {processor.py:183} INFO - Processing /opt/airflow/dags/financial_pipeline_dag.py took 0.225 seconds
[2026-09-08T00:11:15.102+0000] {processor.py:161} INFO - Started process (PID=180) to work on /opt/airflow/dags/financial_pipeline_dag.py
[2026-09-08T00:11:15.103+0000] {processor.py:830} INFO - Processing file /opt/airflow/dags/financial_pipeline_dag.py for tasks to queue
[2026-09-08T00:11:15.105+0000] {logging_mixin.py:188} INFO - [2026-09-08T00:11:15.105+0000] {dagbag.py:545} INFO - Filling up the DagBag from /opt/airflow/dags/financial_pipeline_dag.py
[2026-09-08T00:11:15.349+0000] {logging_mixin.py:188} INFO - [2026-09-08T00:11:15.348+0000] {graph.py:719} INFO - Trying to parse the dbt project `transformations` using a dbt manifest...
[2026-09-08T00:11:15.374+0000] {logging_mixin.py:188} INFO - [2026-09-08T00:11:15.369+0000] {dagbag.py:355} ERROR - Failed to import: /opt/airflow/dags/financial_pipeline_dag.py
Traceback (most recent call last):
  File "/home/airflow/.local/lib/python3.11/site-packages/airflow/models/dagbag.py", line 351, in parse
    loader.exec_module(new_module)
  File "<frozen importlib._bootstrap_external>", line 940, in exec_module
  File "<frozen importlib._bootstrap>", line 241, in _call_with_frames_removed
  File "/opt/airflow/dags/financial_pipeline_dag.py", line 115, in <module>
    dbt_stg_overview = make_dbt_group("dbt_stg_overview", "stg_overview")
                       ^^^^^^^^^^^^^^^^^^^^^^^^^^^^^^^^^^^^^^^^^^^^^^^^^^
  File "/opt/airflow/dags/financial_pipeline_dag.py", line 102, in make_dbt_group
    return DbtTaskGroup(
           ^^^^^^^^^^^^^
  File "/home/airflow/.local/lib/python3.11/site-packages/cosmos/airflow/task_group.py", line 28, in __init__
    DbtToAirflowConverter.__init__(self, *args, **specific_kwargs(**kwargs))
  File "/home/airflow/.local/lib/python3.11/site-packages/cosmos/converter.py", line 261, in __init__
    self.dbt_graph.load(method=render_config.load_method, execution_mode=execution_config.execution_mode)
  File "/home/airflow/.local/lib/python3.11/site-packages/cosmos/dbt/graph.py", line 440, in load
    load_method[method]()
  File "/home/airflow/.local/lib/python3.11/site-packages/cosmos/dbt/graph.py", line 748, in load_from_dbt_manifest
    config=node_dict["config"],
           ~~~~~~~~~^^^^^^^^^^
KeyError: 'config'
[2026-09-08T00:11:15.376+0000] {processor.py:842} WARNING - No viable dags retrieved from /opt/airflow/dags/financial_pipeline_dag.py
[2026-09-08T00:11:15.395+0000] {processor.py:183} INFO - Processing /opt/airflow/dags/financial_pipeline_dag.py took 0.303 seconds
[2026-09-08T00:11:30.287+0000] {processor.py:161} INFO - Started process (PID=180) to work on /opt/airflow/dags/financial_pipeline_dag.py
[2026-09-08T00:11:30.289+0000] {processor.py:830} INFO - Processing file /opt/airflow/dags/financial_pipeline_dag.py for tasks to queue
[2026-09-08T00:11:30.291+0000] {logging_mixin.py:188} INFO - [2026-09-08T00:11:30.290+0000] {dagbag.py:545} INFO - Filling up the DagBag from /opt/airflow/dags/financial_pipeline_dag.py
[2026-09-08T00:11:30.496+0000] {logging_mixin.py:188} INFO - [2026-09-08T00:11:30.496+0000] {graph.py:719} INFO - Trying to parse the dbt project `transformations` using a dbt manifest...
[2026-09-08T00:11:30.517+0000] {logging_mixin.py:188} INFO - [2026-09-08T00:11:30.514+0000] {dagbag.py:355} ERROR - Failed to import: /opt/airflow/dags/financial_pipeline_dag.py
Traceback (most recent call last):
  File "/home/airflow/.local/lib/python3.11/site-packages/airflow/models/dagbag.py", line 351, in parse
    loader.exec_module(new_module)
  File "<frozen importlib._bootstrap_external>", line 940, in exec_module
  File "<frozen importlib._bootstrap>", line 241, in _call_with_frames_removed
  File "/opt/airflow/dags/financial_pipeline_dag.py", line 115, in <module>
    dbt_stg_overview = make_dbt_group("dbt_stg_overview", "stg_overview")
                       ^^^^^^^^^^^^^^^^^^^^^^^^^^^^^^^^^^^^^^^^^^^^^^^^^^
  File "/opt/airflow/dags/financial_pipeline_dag.py", line 102, in make_dbt_group
    return DbtTaskGroup(
           ^^^^^^^^^^^^^
  File "/home/airflow/.local/lib/python3.11/site-packages/cosmos/airflow/task_group.py", line 28, in __init__
    DbtToAirflowConverter.__init__(self, *args, **specific_kwargs(**kwargs))
  File "/home/airflow/.local/lib/python3.11/site-packages/cosmos/converter.py", line 261, in __init__
    self.dbt_graph.load(method=render_config.load_method, execution_mode=execution_config.execution_mode)
  File "/home/airflow/.local/lib/python3.11/site-packages/cosmos/dbt/graph.py", line 440, in load
    load_method[method]()
  File "/home/airflow/.local/lib/python3.11/site-packages/cosmos/dbt/graph.py", line 748, in load_from_dbt_manifest
    config=node_dict["config"],
           ~~~~~~~~~^^^^^^^^^^
KeyError: 'config'
[2026-09-08T00:11:30.519+0000] {processor.py:842} WARNING - No viable dags retrieved from /opt/airflow/dags/financial_pipeline_dag.py
[2026-09-08T00:11:30.537+0000] {processor.py:183} INFO - Processing /opt/airflow/dags/financial_pipeline_dag.py took 0.263 seconds
[2026-09-08T00:11:44.833+0000] {processor.py:161} INFO - Started process (PID=180) to work on /opt/airflow/dags/financial_pipeline_dag.py
[2026-09-08T00:11:44.834+0000] {processor.py:830} INFO - Processing file /opt/airflow/dags/financial_pipeline_dag.py for tasks to queue
[2026-09-08T00:11:44.836+0000] {logging_mixin.py:188} INFO - [2026-09-08T00:11:44.835+0000] {dagbag.py:545} INFO - Filling up the DagBag from /opt/airflow/dags/financial_pipeline_dag.py
[2026-09-08T00:11:44.968+0000] {logging_mixin.py:188} INFO - [2026-09-08T00:11:44.968+0000] {graph.py:719} INFO - Trying to parse the dbt project `transformations` using a dbt manifest...
[2026-09-08T00:11:44.988+0000] {logging_mixin.py:188} INFO - [2026-09-08T00:11:44.984+0000] {dagbag.py:355} ERROR - Failed to import: /opt/airflow/dags/financial_pipeline_dag.py
Traceback (most recent call last):
  File "/home/airflow/.local/lib/python3.11/site-packages/airflow/models/dagbag.py", line 351, in parse
    loader.exec_module(new_module)
  File "<frozen importlib._bootstrap_external>", line 940, in exec_module
  File "<frozen importlib._bootstrap>", line 241, in _call_with_frames_removed
  File "/opt/airflow/dags/financial_pipeline_dag.py", line 115, in <module>
    dbt_stg_overview = make_dbt_group("dbt_stg_overview", "stg_overview")
                       ^^^^^^^^^^^^^^^^^^^^^^^^^^^^^^^^^^^^^^^^^^^^^^^^^^
  File "/opt/airflow/dags/financial_pipeline_dag.py", line 102, in make_dbt_group
    return DbtTaskGroup(
           ^^^^^^^^^^^^^
  File "/home/airflow/.local/lib/python3.11/site-packages/cosmos/airflow/task_group.py", line 28, in __init__
    DbtToAirflowConverter.__init__(self, *args, **specific_kwargs(**kwargs))
  File "/home/airflow/.local/lib/python3.11/site-packages/cosmos/converter.py", line 261, in __init__
    self.dbt_graph.load(method=render_config.load_method, execution_mode=execution_config.execution_mode)
  File "/home/airflow/.local/lib/python3.11/site-packages/cosmos/dbt/graph.py", line 440, in load
    load_method[method]()
  File "/home/airflow/.local/lib/python3.11/site-packages/cosmos/dbt/graph.py", line 748, in load_from_dbt_manifest
    config=node_dict["config"],
           ~~~~~~~~~^^^^^^^^^^
KeyError: 'config'
[2026-09-08T00:11:44.989+0000] {processor.py:842} WARNING - No viable dags retrieved from /opt/airflow/dags/financial_pipeline_dag.py
[2026-09-08T00:11:45.007+0000] {processor.py:183} INFO - Processing /opt/airflow/dags/financial_pipeline_dag.py took 0.186 seconds
[2026-09-08T00:11:59.360+0000] {processor.py:161} INFO - Started process (PID=180) to work on /opt/airflow/dags/financial_pipeline_dag.py
[2026-09-08T00:11:59.362+0000] {processor.py:830} INFO - Processing file /opt/airflow/dags/financial_pipeline_dag.py for tasks to queue
[2026-09-08T00:11:59.365+0000] {logging_mixin.py:188} INFO - [2026-09-08T00:11:59.364+0000] {dagbag.py:545} INFO - Filling up the DagBag from /opt/airflow/dags/financial_pipeline_dag.py
[2026-09-08T00:11:59.495+0000] {logging_mixin.py:188} INFO - [2026-09-08T00:11:59.494+0000] {graph.py:719} INFO - Trying to parse the dbt project `transformations` using a dbt manifest...
[2026-09-08T00:11:59.516+0000] {logging_mixin.py:188} INFO - [2026-09-08T00:11:59.511+0000] {dagbag.py:355} ERROR - Failed to import: /opt/airflow/dags/financial_pipeline_dag.py
Traceback (most recent call last):
  File "/home/airflow/.local/lib/python3.11/site-packages/airflow/models/dagbag.py", line 351, in parse
    loader.exec_module(new_module)
  File "<frozen importlib._bootstrap_external>", line 940, in exec_module
  File "<frozen importlib._bootstrap>", line 241, in _call_with_frames_removed
  File "/opt/airflow/dags/financial_pipeline_dag.py", line 115, in <module>
    dbt_stg_overview = make_dbt_group("dbt_stg_overview", "stg_overview")
                       ^^^^^^^^^^^^^^^^^^^^^^^^^^^^^^^^^^^^^^^^^^^^^^^^^^
  File "/opt/airflow/dags/financial_pipeline_dag.py", line 102, in make_dbt_group
    return DbtTaskGroup(
           ^^^^^^^^^^^^^
  File "/home/airflow/.local/lib/python3.11/site-packages/cosmos/airflow/task_group.py", line 28, in __init__
    DbtToAirflowConverter.__init__(self, *args, **specific_kwargs(**kwargs))
  File "/home/airflow/.local/lib/python3.11/site-packages/cosmos/converter.py", line 261, in __init__
    self.dbt_graph.load(method=render_config.load_method, execution_mode=execution_config.execution_mode)
  File "/home/airflow/.local/lib/python3.11/site-packages/cosmos/dbt/graph.py", line 440, in load
    load_method[method]()
  File "/home/airflow/.local/lib/python3.11/site-packages/cosmos/dbt/graph.py", line 748, in load_from_dbt_manifest
    config=node_dict["config"],
           ~~~~~~~~~^^^^^^^^^^
KeyError: 'config'
[2026-09-08T00:11:59.517+0000] {processor.py:842} WARNING - No viable dags retrieved from /opt/airflow/dags/financial_pipeline_dag.py
[2026-09-08T00:11:59.535+0000] {processor.py:183} INFO - Processing /opt/airflow/dags/financial_pipeline_dag.py took 0.184 seconds
[2026-09-08T00:12:13.957+0000] {processor.py:161} INFO - Started process (PID=180) to work on /opt/airflow/dags/financial_pipeline_dag.py
[2026-09-08T00:12:13.959+0000] {processor.py:830} INFO - Processing file /opt/airflow/dags/financial_pipeline_dag.py for tasks to queue
[2026-09-08T00:12:13.961+0000] {logging_mixin.py:188} INFO - [2026-09-08T00:12:13.960+0000] {dagbag.py:545} INFO - Filling up the DagBag from /opt/airflow/dags/financial_pipeline_dag.py
[2026-09-08T00:12:14.129+0000] {logging_mixin.py:188} INFO - [2026-09-08T00:12:14.129+0000] {graph.py:719} INFO - Trying to parse the dbt project `transformations` using a dbt manifest...
[2026-09-08T00:12:14.156+0000] {logging_mixin.py:188} INFO - [2026-09-08T00:12:14.151+0000] {dagbag.py:355} ERROR - Failed to import: /opt/airflow/dags/financial_pipeline_dag.py
Traceback (most recent call last):
  File "/home/airflow/.local/lib/python3.11/site-packages/airflow/models/dagbag.py", line 351, in parse
    loader.exec_module(new_module)
  File "<frozen importlib._bootstrap_external>", line 940, in exec_module
  File "<frozen importlib._bootstrap>", line 241, in _call_with_frames_removed
  File "/opt/airflow/dags/financial_pipeline_dag.py", line 115, in <module>
    dbt_stg_overview = make_dbt_group("dbt_stg_overview", "stg_overview")
                       ^^^^^^^^^^^^^^^^^^^^^^^^^^^^^^^^^^^^^^^^^^^^^^^^^^
  File "/opt/airflow/dags/financial_pipeline_dag.py", line 102, in make_dbt_group
    return DbtTaskGroup(
           ^^^^^^^^^^^^^
  File "/home/airflow/.local/lib/python3.11/site-packages/cosmos/airflow/task_group.py", line 28, in __init__
    DbtToAirflowConverter.__init__(self, *args, **specific_kwargs(**kwargs))
  File "/home/airflow/.local/lib/python3.11/site-packages/cosmos/converter.py", line 261, in __init__
    self.dbt_graph.load(method=render_config.load_method, execution_mode=execution_config.execution_mode)
  File "/home/airflow/.local/lib/python3.11/site-packages/cosmos/dbt/graph.py", line 440, in load
    load_method[method]()
  File "/home/airflow/.local/lib/python3.11/site-packages/cosmos/dbt/graph.py", line 748, in load_from_dbt_manifest
    config=node_dict["config"],
           ~~~~~~~~~^^^^^^^^^^
KeyError: 'config'
[2026-09-08T00:12:14.158+0000] {processor.py:842} WARNING - No viable dags retrieved from /opt/airflow/dags/financial_pipeline_dag.py
[2026-09-08T00:12:14.182+0000] {processor.py:183} INFO - Processing /opt/airflow/dags/financial_pipeline_dag.py took 0.236 seconds
[2026-09-08T00:12:28.765+0000] {processor.py:161} INFO - Started process (PID=180) to work on /opt/airflow/dags/financial_pipeline_dag.py
[2026-09-08T00:12:28.766+0000] {processor.py:830} INFO - Processing file /opt/airflow/dags/financial_pipeline_dag.py for tasks to queue
[2026-09-08T00:12:28.768+0000] {logging_mixin.py:188} INFO - [2026-09-08T00:12:28.768+0000] {dagbag.py:545} INFO - Filling up the DagBag from /opt/airflow/dags/financial_pipeline_dag.py
[2026-09-08T00:12:28.909+0000] {logging_mixin.py:188} INFO - [2026-09-08T00:12:28.909+0000] {graph.py:719} INFO - Trying to parse the dbt project `transformations` using a dbt manifest...
[2026-09-08T00:12:28.932+0000] {logging_mixin.py:188} INFO - [2026-09-08T00:12:28.927+0000] {dagbag.py:355} ERROR - Failed to import: /opt/airflow/dags/financial_pipeline_dag.py
Traceback (most recent call last):
  File "/home/airflow/.local/lib/python3.11/site-packages/airflow/models/dagbag.py", line 351, in parse
    loader.exec_module(new_module)
  File "<frozen importlib._bootstrap_external>", line 940, in exec_module
  File "<frozen importlib._bootstrap>", line 241, in _call_with_frames_removed
  File "/opt/airflow/dags/financial_pipeline_dag.py", line 115, in <module>
    dbt_stg_overview = make_dbt_group("dbt_stg_overview", "stg_overview")
                       ^^^^^^^^^^^^^^^^^^^^^^^^^^^^^^^^^^^^^^^^^^^^^^^^^^
  File "/opt/airflow/dags/financial_pipeline_dag.py", line 102, in make_dbt_group
    return DbtTaskGroup(
           ^^^^^^^^^^^^^
  File "/home/airflow/.local/lib/python3.11/site-packages/cosmos/airflow/task_group.py", line 28, in __init__
    DbtToAirflowConverter.__init__(self, *args, **specific_kwargs(**kwargs))
  File "/home/airflow/.local/lib/python3.11/site-packages/cosmos/converter.py", line 261, in __init__
    self.dbt_graph.load(method=render_config.load_method, execution_mode=execution_config.execution_mode)
  File "/home/airflow/.local/lib/python3.11/site-packages/cosmos/dbt/graph.py", line 440, in load
    load_method[method]()
  File "/home/airflow/.local/lib/python3.11/site-packages/cosmos/dbt/graph.py", line 748, in load_from_dbt_manifest
    config=node_dict["config"],
           ~~~~~~~~~^^^^^^^^^^
KeyError: 'config'
[2026-09-08T00:12:28.933+0000] {processor.py:842} WARNING - No viable dags retrieved from /opt/airflow/dags/financial_pipeline_dag.py
[2026-09-08T00:12:28.953+0000] {processor.py:183} INFO - Processing /opt/airflow/dags/financial_pipeline_dag.py took 0.196 seconds
[2026-09-08T00:12:43.549+0000] {processor.py:161} INFO - Started process (PID=180) to work on /opt/airflow/dags/financial_pipeline_dag.py
[2026-09-08T00:12:43.550+0000] {processor.py:830} INFO - Processing file /opt/airflow/dags/financial_pipeline_dag.py for tasks to queue
[2026-09-08T00:12:43.552+0000] {logging_mixin.py:188} INFO - [2026-09-08T00:12:43.551+0000] {dagbag.py:545} INFO - Filling up the DagBag from /opt/airflow/dags/financial_pipeline_dag.py
[2026-09-08T00:12:43.688+0000] {logging_mixin.py:188} INFO - [2026-09-08T00:12:43.688+0000] {graph.py:719} INFO - Trying to parse the dbt project `transformations` using a dbt manifest...
[2026-09-08T00:12:43.707+0000] {logging_mixin.py:188} INFO - [2026-09-08T00:12:43.704+0000] {dagbag.py:355} ERROR - Failed to import: /opt/airflow/dags/financial_pipeline_dag.py
Traceback (most recent call last):
  File "/home/airflow/.local/lib/python3.11/site-packages/airflow/models/dagbag.py", line 351, in parse
    loader.exec_module(new_module)
  File "<frozen importlib._bootstrap_external>", line 940, in exec_module
  File "<frozen importlib._bootstrap>", line 241, in _call_with_frames_removed
  File "/opt/airflow/dags/financial_pipeline_dag.py", line 115, in <module>
    dbt_stg_overview = make_dbt_group("dbt_stg_overview", "stg_overview")
                       ^^^^^^^^^^^^^^^^^^^^^^^^^^^^^^^^^^^^^^^^^^^^^^^^^^
  File "/opt/airflow/dags/financial_pipeline_dag.py", line 102, in make_dbt_group
    return DbtTaskGroup(
           ^^^^^^^^^^^^^
  File "/home/airflow/.local/lib/python3.11/site-packages/cosmos/airflow/task_group.py", line 28, in __init__
    DbtToAirflowConverter.__init__(self, *args, **specific_kwargs(**kwargs))
  File "/home/airflow/.local/lib/python3.11/site-packages/cosmos/converter.py", line 261, in __init__
    self.dbt_graph.load(method=render_config.load_method, execution_mode=execution_config.execution_mode)
  File "/home/airflow/.local/lib/python3.11/site-packages/cosmos/dbt/graph.py", line 440, in load
    load_method[method]()
  File "/home/airflow/.local/lib/python3.11/site-packages/cosmos/dbt/graph.py", line 748, in load_from_dbt_manifest
    config=node_dict["config"],
           ~~~~~~~~~^^^^^^^^^^
KeyError: 'config'
[2026-09-08T00:12:43.708+0000] {processor.py:842} WARNING - No viable dags retrieved from /opt/airflow/dags/financial_pipeline_dag.py
[2026-09-08T00:12:43.727+0000] {processor.py:183} INFO - Processing /opt/airflow/dags/financial_pipeline_dag.py took 0.188 seconds
[2026-09-08T00:12:58.068+0000] {processor.py:161} INFO - Started process (PID=180) to work on /opt/airflow/dags/financial_pipeline_dag.py
[2026-09-08T00:12:58.069+0000] {processor.py:830} INFO - Processing file /opt/airflow/dags/financial_pipeline_dag.py for tasks to queue
[2026-09-08T00:12:58.073+0000] {logging_mixin.py:188} INFO - [2026-09-08T00:12:58.072+0000] {dagbag.py:545} INFO - Filling up the DagBag from /opt/airflow/dags/financial_pipeline_dag.py
[2026-09-08T00:12:58.276+0000] {logging_mixin.py:188} INFO - [2026-09-08T00:12:58.275+0000] {graph.py:719} INFO - Trying to parse the dbt project `transformations` using a dbt manifest...
[2026-09-08T00:12:58.303+0000] {logging_mixin.py:188} INFO - [2026-09-08T00:12:58.297+0000] {dagbag.py:355} ERROR - Failed to import: /opt/airflow/dags/financial_pipeline_dag.py
Traceback (most recent call last):
  File "/home/airflow/.local/lib/python3.11/site-packages/airflow/models/dagbag.py", line 351, in parse
    loader.exec_module(new_module)
  File "<frozen importlib._bootstrap_external>", line 940, in exec_module
  File "<frozen importlib._bootstrap>", line 241, in _call_with_frames_removed
  File "/opt/airflow/dags/financial_pipeline_dag.py", line 115, in <module>
    dbt_stg_overview = make_dbt_group("dbt_stg_overview", "stg_overview")
                       ^^^^^^^^^^^^^^^^^^^^^^^^^^^^^^^^^^^^^^^^^^^^^^^^^^
  File "/opt/airflow/dags/financial_pipeline_dag.py", line 102, in make_dbt_group
    return DbtTaskGroup(
           ^^^^^^^^^^^^^
  File "/home/airflow/.local/lib/python3.11/site-packages/cosmos/airflow/task_group.py", line 28, in __init__
    DbtToAirflowConverter.__init__(self, *args, **specific_kwargs(**kwargs))
  File "/home/airflow/.local/lib/python3.11/site-packages/cosmos/converter.py", line 261, in __init__
    self.dbt_graph.load(method=render_config.load_method, execution_mode=execution_config.execution_mode)
  File "/home/airflow/.local/lib/python3.11/site-packages/cosmos/dbt/graph.py", line 440, in load
    load_method[method]()
  File "/home/airflow/.local/lib/python3.11/site-packages/cosmos/dbt/graph.py", line 748, in load_from_dbt_manifest
    config=node_dict["config"],
           ~~~~~~~~~^^^^^^^^^^
KeyError: 'config'
[2026-09-08T00:12:58.304+0000] {processor.py:842} WARNING - No viable dags retrieved from /opt/airflow/dags/financial_pipeline_dag.py
[2026-09-08T00:12:58.328+0000] {processor.py:183} INFO - Processing /opt/airflow/dags/financial_pipeline_dag.py took 0.276 seconds
[2026-09-08T00:13:12.614+0000] {processor.py:161} INFO - Started process (PID=180) to work on /opt/airflow/dags/financial_pipeline_dag.py
[2026-09-08T00:13:12.616+0000] {processor.py:830} INFO - Processing file /opt/airflow/dags/financial_pipeline_dag.py for tasks to queue
[2026-09-08T00:13:12.618+0000] {logging_mixin.py:188} INFO - [2026-09-08T00:13:12.617+0000] {dagbag.py:545} INFO - Filling up the DagBag from /opt/airflow/dags/financial_pipeline_dag.py
[2026-09-08T00:13:12.767+0000] {logging_mixin.py:188} INFO - [2026-09-08T00:13:12.767+0000] {graph.py:719} INFO - Trying to parse the dbt project `transformations` using a dbt manifest...
[2026-09-08T00:13:12.786+0000] {logging_mixin.py:188} INFO - [2026-09-08T00:13:12.783+0000] {dagbag.py:355} ERROR - Failed to import: /opt/airflow/dags/financial_pipeline_dag.py
Traceback (most recent call last):
  File "/home/airflow/.local/lib/python3.11/site-packages/airflow/models/dagbag.py", line 351, in parse
    loader.exec_module(new_module)
  File "<frozen importlib._bootstrap_external>", line 940, in exec_module
  File "<frozen importlib._bootstrap>", line 241, in _call_with_frames_removed
  File "/opt/airflow/dags/financial_pipeline_dag.py", line 115, in <module>
    dbt_stg_overview = make_dbt_group("dbt_stg_overview", "stg_overview")
                       ^^^^^^^^^^^^^^^^^^^^^^^^^^^^^^^^^^^^^^^^^^^^^^^^^^
  File "/opt/airflow/dags/financial_pipeline_dag.py", line 102, in make_dbt_group
    return DbtTaskGroup(
           ^^^^^^^^^^^^^
  File "/home/airflow/.local/lib/python3.11/site-packages/cosmos/airflow/task_group.py", line 28, in __init__
    DbtToAirflowConverter.__init__(self, *args, **specific_kwargs(**kwargs))
  File "/home/airflow/.local/lib/python3.11/site-packages/cosmos/converter.py", line 261, in __init__
    self.dbt_graph.load(method=render_config.load_method, execution_mode=execution_config.execution_mode)
  File "/home/airflow/.local/lib/python3.11/site-packages/cosmos/dbt/graph.py", line 440, in load
    load_method[method]()
  File "/home/airflow/.local/lib/python3.11/site-packages/cosmos/dbt/graph.py", line 748, in load_from_dbt_manifest
    config=node_dict["config"],
           ~~~~~~~~~^^^^^^^^^^
KeyError: 'config'
[2026-09-08T00:13:12.787+0000] {processor.py:842} WARNING - No viable dags retrieved from /opt/airflow/dags/financial_pipeline_dag.py
[2026-09-08T00:13:12.805+0000] {processor.py:183} INFO - Processing /opt/airflow/dags/financial_pipeline_dag.py took 0.200 seconds
[2026-09-08T00:13:27.416+0000] {processor.py:161} INFO - Started process (PID=180) to work on /opt/airflow/dags/financial_pipeline_dag.py
[2026-09-08T00:13:27.418+0000] {processor.py:830} INFO - Processing file /opt/airflow/dags/financial_pipeline_dag.py for tasks to queue
[2026-09-08T00:13:27.420+0000] {logging_mixin.py:188} INFO - [2026-09-08T00:13:27.419+0000] {dagbag.py:545} INFO - Filling up the DagBag from /opt/airflow/dags/financial_pipeline_dag.py
[2026-09-08T00:13:27.557+0000] {logging_mixin.py:188} INFO - [2026-09-08T00:13:27.556+0000] {graph.py:719} INFO - Trying to parse the dbt project `transformations` using a dbt manifest...
[2026-09-08T00:13:27.578+0000] {logging_mixin.py:188} INFO - [2026-09-08T00:13:27.573+0000] {dagbag.py:355} ERROR - Failed to import: /opt/airflow/dags/financial_pipeline_dag.py
Traceback (most recent call last):
  File "/home/airflow/.local/lib/python3.11/site-packages/airflow/models/dagbag.py", line 351, in parse
    loader.exec_module(new_module)
  File "<frozen importlib._bootstrap_external>", line 940, in exec_module
  File "<frozen importlib._bootstrap>", line 241, in _call_with_frames_removed
  File "/opt/airflow/dags/financial_pipeline_dag.py", line 115, in <module>
    dbt_stg_overview = make_dbt_group("dbt_stg_overview", "stg_overview")
                       ^^^^^^^^^^^^^^^^^^^^^^^^^^^^^^^^^^^^^^^^^^^^^^^^^^
  File "/opt/airflow/dags/financial_pipeline_dag.py", line 102, in make_dbt_group
    return DbtTaskGroup(
           ^^^^^^^^^^^^^
  File "/home/airflow/.local/lib/python3.11/site-packages/cosmos/airflow/task_group.py", line 28, in __init__
    DbtToAirflowConverter.__init__(self, *args, **specific_kwargs(**kwargs))
  File "/home/airflow/.local/lib/python3.11/site-packages/cosmos/converter.py", line 261, in __init__
    self.dbt_graph.load(method=render_config.load_method, execution_mode=execution_config.execution_mode)
  File "/home/airflow/.local/lib/python3.11/site-packages/cosmos/dbt/graph.py", line 440, in load
    load_method[method]()
  File "/home/airflow/.local/lib/python3.11/site-packages/cosmos/dbt/graph.py", line 748, in load_from_dbt_manifest
    config=node_dict["config"],
           ~~~~~~~~~^^^^^^^^^^
KeyError: 'config'
[2026-09-08T00:13:27.579+0000] {processor.py:842} WARNING - No viable dags retrieved from /opt/airflow/dags/financial_pipeline_dag.py
[2026-09-08T00:13:27.599+0000] {processor.py:183} INFO - Processing /opt/airflow/dags/financial_pipeline_dag.py took 0.191 seconds
[2026-09-08T00:13:42.699+0000] {processor.py:161} INFO - Started process (PID=180) to work on /opt/airflow/dags/financial_pipeline_dag.py
[2026-09-08T00:13:42.700+0000] {processor.py:830} INFO - Processing file /opt/airflow/dags/financial_pipeline_dag.py for tasks to queue
[2026-09-08T00:13:42.702+0000] {logging_mixin.py:188} INFO - [2026-09-08T00:13:42.701+0000] {dagbag.py:545} INFO - Filling up the DagBag from /opt/airflow/dags/financial_pipeline_dag.py
[2026-09-08T00:13:42.842+0000] {logging_mixin.py:188} INFO - [2026-09-08T00:13:42.841+0000] {graph.py:719} INFO - Trying to parse the dbt project `transformations` using a dbt manifest...
[2026-09-08T00:13:42.862+0000] {logging_mixin.py:188} INFO - [2026-09-08T00:13:42.858+0000] {dagbag.py:355} ERROR - Failed to import: /opt/airflow/dags/financial_pipeline_dag.py
Traceback (most recent call last):
  File "/home/airflow/.local/lib/python3.11/site-packages/airflow/models/dagbag.py", line 351, in parse
    loader.exec_module(new_module)
  File "<frozen importlib._bootstrap_external>", line 940, in exec_module
  File "<frozen importlib._bootstrap>", line 241, in _call_with_frames_removed
  File "/opt/airflow/dags/financial_pipeline_dag.py", line 115, in <module>
    dbt_stg_overview = make_dbt_group("dbt_stg_overview", "stg_overview")
                       ^^^^^^^^^^^^^^^^^^^^^^^^^^^^^^^^^^^^^^^^^^^^^^^^^^
  File "/opt/airflow/dags/financial_pipeline_dag.py", line 102, in make_dbt_group
    return DbtTaskGroup(
           ^^^^^^^^^^^^^
  File "/home/airflow/.local/lib/python3.11/site-packages/cosmos/airflow/task_group.py", line 28, in __init__
    DbtToAirflowConverter.__init__(self, *args, **specific_kwargs(**kwargs))
  File "/home/airflow/.local/lib/python3.11/site-packages/cosmos/converter.py", line 261, in __init__
    self.dbt_graph.load(method=render_config.load_method, execution_mode=execution_config.execution_mode)
  File "/home/airflow/.local/lib/python3.11/site-packages/cosmos/dbt/graph.py", line 440, in load
    load_method[method]()
  File "/home/airflow/.local/lib/python3.11/site-packages/cosmos/dbt/graph.py", line 748, in load_from_dbt_manifest
    config=node_dict["config"],
           ~~~~~~~~~^^^^^^^^^^
KeyError: 'config'
[2026-09-08T00:13:42.863+0000] {processor.py:842} WARNING - No viable dags retrieved from /opt/airflow/dags/financial_pipeline_dag.py
[2026-09-08T00:13:42.884+0000] {processor.py:183} INFO - Processing /opt/airflow/dags/financial_pipeline_dag.py took 0.195 seconds
[2026-09-08T00:13:57.148+0000] {processor.py:161} INFO - Started process (PID=180) to work on /opt/airflow/dags/financial_pipeline_dag.py
[2026-09-08T00:13:57.150+0000] {processor.py:830} INFO - Processing file /opt/airflow/dags/financial_pipeline_dag.py for tasks to queue
[2026-09-08T00:13:57.154+0000] {logging_mixin.py:188} INFO - [2026-09-08T00:13:57.153+0000] {dagbag.py:545} INFO - Filling up the DagBag from /opt/airflow/dags/financial_pipeline_dag.py
[2026-09-08T00:13:57.333+0000] {logging_mixin.py:188} INFO - [2026-09-08T00:13:57.333+0000] {graph.py:719} INFO - Trying to parse the dbt project `transformations` using a dbt manifest...
[2026-09-08T00:13:57.353+0000] {logging_mixin.py:188} INFO - [2026-09-08T00:13:57.349+0000] {dagbag.py:355} ERROR - Failed to import: /opt/airflow/dags/financial_pipeline_dag.py
Traceback (most recent call last):
  File "/home/airflow/.local/lib/python3.11/site-packages/airflow/models/dagbag.py", line 351, in parse
    loader.exec_module(new_module)
  File "<frozen importlib._bootstrap_external>", line 940, in exec_module
  File "<frozen importlib._bootstrap>", line 241, in _call_with_frames_removed
  File "/opt/airflow/dags/financial_pipeline_dag.py", line 115, in <module>
    dbt_stg_overview = make_dbt_group("dbt_stg_overview", "stg_overview")
                       ^^^^^^^^^^^^^^^^^^^^^^^^^^^^^^^^^^^^^^^^^^^^^^^^^^
  File "/opt/airflow/dags/financial_pipeline_dag.py", line 102, in make_dbt_group
    return DbtTaskGroup(
           ^^^^^^^^^^^^^
  File "/home/airflow/.local/lib/python3.11/site-packages/cosmos/airflow/task_group.py", line 28, in __init__
    DbtToAirflowConverter.__init__(self, *args, **specific_kwargs(**kwargs))
  File "/home/airflow/.local/lib/python3.11/site-packages/cosmos/converter.py", line 261, in __init__
    self.dbt_graph.load(method=render_config.load_method, execution_mode=execution_config.execution_mode)
  File "/home/airflow/.local/lib/python3.11/site-packages/cosmos/dbt/graph.py", line 440, in load
    load_method[method]()
  File "/home/airflow/.local/lib/python3.11/site-packages/cosmos/dbt/graph.py", line 748, in load_from_dbt_manifest
    config=node_dict["config"],
           ~~~~~~~~~^^^^^^^^^^
KeyError: 'config'
[2026-09-08T00:13:57.354+0000] {processor.py:842} WARNING - No viable dags retrieved from /opt/airflow/dags/financial_pipeline_dag.py
[2026-09-08T00:13:57.372+0000] {processor.py:183} INFO - Processing /opt/airflow/dags/financial_pipeline_dag.py took 0.243 seconds
[2026-09-08T00:14:11.449+0000] {processor.py:161} INFO - Started process (PID=180) to work on /opt/airflow/dags/financial_pipeline_dag.py
[2026-09-08T00:14:11.451+0000] {processor.py:830} INFO - Processing file /opt/airflow/dags/financial_pipeline_dag.py for tasks to queue
[2026-09-08T00:14:11.453+0000] {logging_mixin.py:188} INFO - [2026-09-08T00:14:11.453+0000] {dagbag.py:545} INFO - Filling up the DagBag from /opt/airflow/dags/financial_pipeline_dag.py
[2026-09-08T00:14:11.586+0000] {logging_mixin.py:188} INFO - [2026-09-08T00:14:11.586+0000] {graph.py:719} INFO - Trying to parse the dbt project `transformations` using a dbt manifest...
[2026-09-08T00:14:11.606+0000] {logging_mixin.py:188} INFO - [2026-09-08T00:14:11.603+0000] {dagbag.py:355} ERROR - Failed to import: /opt/airflow/dags/financial_pipeline_dag.py
Traceback (most recent call last):
  File "/home/airflow/.local/lib/python3.11/site-packages/airflow/models/dagbag.py", line 351, in parse
    loader.exec_module(new_module)
  File "<frozen importlib._bootstrap_external>", line 940, in exec_module
  File "<frozen importlib._bootstrap>", line 241, in _call_with_frames_removed
  File "/opt/airflow/dags/financial_pipeline_dag.py", line 115, in <module>
    dbt_stg_overview = make_dbt_group("dbt_stg_overview", "stg_overview")
                       ^^^^^^^^^^^^^^^^^^^^^^^^^^^^^^^^^^^^^^^^^^^^^^^^^^
  File "/opt/airflow/dags/financial_pipeline_dag.py", line 102, in make_dbt_group
    return DbtTaskGroup(
           ^^^^^^^^^^^^^
  File "/home/airflow/.local/lib/python3.11/site-packages/cosmos/airflow/task_group.py", line 28, in __init__
    DbtToAirflowConverter.__init__(self, *args, **specific_kwargs(**kwargs))
  File "/home/airflow/.local/lib/python3.11/site-packages/cosmos/converter.py", line 261, in __init__
    self.dbt_graph.load(method=render_config.load_method, execution_mode=execution_config.execution_mode)
  File "/home/airflow/.local/lib/python3.11/site-packages/cosmos/dbt/graph.py", line 440, in load
    load_method[method]()
  File "/home/airflow/.local/lib/python3.11/site-packages/cosmos/dbt/graph.py", line 748, in load_from_dbt_manifest
    config=node_dict["config"],
           ~~~~~~~~~^^^^^^^^^^
KeyError: 'config'
[2026-09-08T00:14:11.607+0000] {processor.py:842} WARNING - No viable dags retrieved from /opt/airflow/dags/financial_pipeline_dag.py
[2026-09-08T00:14:11.625+0000] {processor.py:183} INFO - Processing /opt/airflow/dags/financial_pipeline_dag.py took 0.185 seconds
[2026-09-08T00:14:25.834+0000] {processor.py:161} INFO - Started process (PID=180) to work on /opt/airflow/dags/financial_pipeline_dag.py
[2026-09-08T00:14:25.836+0000] {processor.py:830} INFO - Processing file /opt/airflow/dags/financial_pipeline_dag.py for tasks to queue
[2026-09-08T00:14:25.839+0000] {logging_mixin.py:188} INFO - [2026-09-08T00:14:25.839+0000] {dagbag.py:545} INFO - Filling up the DagBag from /opt/airflow/dags/financial_pipeline_dag.py
[2026-09-08T00:14:26.019+0000] {logging_mixin.py:188} INFO - [2026-09-08T00:14:26.019+0000] {graph.py:719} INFO - Trying to parse the dbt project `transformations` using a dbt manifest...
[2026-09-08T00:14:26.041+0000] {logging_mixin.py:188} INFO - [2026-09-08T00:14:26.037+0000] {dagbag.py:355} ERROR - Failed to import: /opt/airflow/dags/financial_pipeline_dag.py
Traceback (most recent call last):
  File "/home/airflow/.local/lib/python3.11/site-packages/airflow/models/dagbag.py", line 351, in parse
    loader.exec_module(new_module)
  File "<frozen importlib._bootstrap_external>", line 940, in exec_module
  File "<frozen importlib._bootstrap>", line 241, in _call_with_frames_removed
  File "/opt/airflow/dags/financial_pipeline_dag.py", line 115, in <module>
    dbt_stg_overview = make_dbt_group("dbt_stg_overview", "stg_overview")
                       ^^^^^^^^^^^^^^^^^^^^^^^^^^^^^^^^^^^^^^^^^^^^^^^^^^
  File "/opt/airflow/dags/financial_pipeline_dag.py", line 102, in make_dbt_group
    return DbtTaskGroup(
           ^^^^^^^^^^^^^
  File "/home/airflow/.local/lib/python3.11/site-packages/cosmos/airflow/task_group.py", line 28, in __init__
    DbtToAirflowConverter.__init__(self, *args, **specific_kwargs(**kwargs))
  File "/home/airflow/.local/lib/python3.11/site-packages/cosmos/converter.py", line 261, in __init__
    self.dbt_graph.load(method=render_config.load_method, execution_mode=execution_config.execution_mode)
  File "/home/airflow/.local/lib/python3.11/site-packages/cosmos/dbt/graph.py", line 440, in load
    load_method[method]()
  File "/home/airflow/.local/lib/python3.11/site-packages/cosmos/dbt/graph.py", line 748, in load_from_dbt_manifest
    config=node_dict["config"],
           ~~~~~~~~~^^^^^^^^^^
KeyError: 'config'
[2026-09-08T00:14:26.043+0000] {processor.py:842} WARNING - No viable dags retrieved from /opt/airflow/dags/financial_pipeline_dag.py
[2026-09-08T00:14:26.071+0000] {processor.py:183} INFO - Processing /opt/airflow/dags/financial_pipeline_dag.py took 0.250 seconds
[2026-09-08T00:14:41.517+0000] {processor.py:161} INFO - Started process (PID=180) to work on /opt/airflow/dags/financial_pipeline_dag.py
[2026-09-08T00:14:41.522+0000] {processor.py:830} INFO - Processing file /opt/airflow/dags/financial_pipeline_dag.py for tasks to queue
[2026-09-08T00:14:41.526+0000] {logging_mixin.py:188} INFO - [2026-09-08T00:14:41.525+0000] {dagbag.py:545} INFO - Filling up the DagBag from /opt/airflow/dags/financial_pipeline_dag.py
[2026-09-08T00:14:41.704+0000] {logging_mixin.py:188} INFO - [2026-09-08T00:14:41.704+0000] {graph.py:719} INFO - Trying to parse the dbt project `transformations` using a dbt manifest...
[2026-09-08T00:14:41.734+0000] {logging_mixin.py:188} INFO - [2026-09-08T00:14:41.727+0000] {dagbag.py:355} ERROR - Failed to import: /opt/airflow/dags/financial_pipeline_dag.py
Traceback (most recent call last):
  File "/home/airflow/.local/lib/python3.11/site-packages/airflow/models/dagbag.py", line 351, in parse
    loader.exec_module(new_module)
  File "<frozen importlib._bootstrap_external>", line 940, in exec_module
  File "<frozen importlib._bootstrap>", line 241, in _call_with_frames_removed
  File "/opt/airflow/dags/financial_pipeline_dag.py", line 115, in <module>
    dbt_stg_overview = make_dbt_group("dbt_stg_overview", "stg_overview")
                       ^^^^^^^^^^^^^^^^^^^^^^^^^^^^^^^^^^^^^^^^^^^^^^^^^^
  File "/opt/airflow/dags/financial_pipeline_dag.py", line 102, in make_dbt_group
    return DbtTaskGroup(
           ^^^^^^^^^^^^^
  File "/home/airflow/.local/lib/python3.11/site-packages/cosmos/airflow/task_group.py", line 28, in __init__
    DbtToAirflowConverter.__init__(self, *args, **specific_kwargs(**kwargs))
  File "/home/airflow/.local/lib/python3.11/site-packages/cosmos/converter.py", line 261, in __init__
    self.dbt_graph.load(method=render_config.load_method, execution_mode=execution_config.execution_mode)
  File "/home/airflow/.local/lib/python3.11/site-packages/cosmos/dbt/graph.py", line 440, in load
    load_method[method]()
  File "/home/airflow/.local/lib/python3.11/site-packages/cosmos/dbt/graph.py", line 748, in load_from_dbt_manifest
    config=node_dict["config"],
           ~~~~~~~~~^^^^^^^^^^
KeyError: 'config'
[2026-09-08T00:14:41.736+0000] {processor.py:842} WARNING - No viable dags retrieved from /opt/airflow/dags/financial_pipeline_dag.py
[2026-09-08T00:14:41.759+0000] {processor.py:183} INFO - Processing /opt/airflow/dags/financial_pipeline_dag.py took 0.253 seconds
[2026-09-08T00:14:56.346+0000] {processor.py:161} INFO - Started process (PID=180) to work on /opt/airflow/dags/financial_pipeline_dag.py
[2026-09-08T00:14:56.348+0000] {processor.py:830} INFO - Processing file /opt/airflow/dags/financial_pipeline_dag.py for tasks to queue
[2026-09-08T00:14:56.350+0000] {logging_mixin.py:188} INFO - [2026-09-08T00:14:56.350+0000] {dagbag.py:545} INFO - Filling up the DagBag from /opt/airflow/dags/financial_pipeline_dag.py
[2026-09-08T00:14:56.478+0000] {logging_mixin.py:188} INFO - [2026-09-08T00:14:56.477+0000] {graph.py:719} INFO - Trying to parse the dbt project `transformations` using a dbt manifest...
[2026-09-08T00:14:56.500+0000] {logging_mixin.py:188} INFO - [2026-09-08T00:14:56.495+0000] {dagbag.py:355} ERROR - Failed to import: /opt/airflow/dags/financial_pipeline_dag.py
Traceback (most recent call last):
  File "/home/airflow/.local/lib/python3.11/site-packages/airflow/models/dagbag.py", line 351, in parse
    loader.exec_module(new_module)
  File "<frozen importlib._bootstrap_external>", line 940, in exec_module
  File "<frozen importlib._bootstrap>", line 241, in _call_with_frames_removed
  File "/opt/airflow/dags/financial_pipeline_dag.py", line 115, in <module>
    dbt_stg_overview = make_dbt_group("dbt_stg_overview", "stg_overview")
                       ^^^^^^^^^^^^^^^^^^^^^^^^^^^^^^^^^^^^^^^^^^^^^^^^^^
  File "/opt/airflow/dags/financial_pipeline_dag.py", line 102, in make_dbt_group
    return DbtTaskGroup(
           ^^^^^^^^^^^^^
  File "/home/airflow/.local/lib/python3.11/site-packages/cosmos/airflow/task_group.py", line 28, in __init__
    DbtToAirflowConverter.__init__(self, *args, **specific_kwargs(**kwargs))
  File "/home/airflow/.local/lib/python3.11/site-packages/cosmos/converter.py", line 261, in __init__
    self.dbt_graph.load(method=render_config.load_method, execution_mode=execution_config.execution_mode)
  File "/home/airflow/.local/lib/python3.11/site-packages/cosmos/dbt/graph.py", line 440, in load
    load_method[method]()
  File "/home/airflow/.local/lib/python3.11/site-packages/cosmos/dbt/graph.py", line 748, in load_from_dbt_manifest
    config=node_dict["config"],
           ~~~~~~~~~^^^^^^^^^^
KeyError: 'config'
[2026-09-08T00:14:56.501+0000] {processor.py:842} WARNING - No viable dags retrieved from /opt/airflow/dags/financial_pipeline_dag.py
[2026-09-08T00:14:56.520+0000] {processor.py:183} INFO - Processing /opt/airflow/dags/financial_pipeline_dag.py took 0.184 seconds
[2026-09-08T00:15:10.895+0000] {processor.py:161} INFO - Started process (PID=180) to work on /opt/airflow/dags/financial_pipeline_dag.py
[2026-09-08T00:15:10.904+0000] {processor.py:830} INFO - Processing file /opt/airflow/dags/financial_pipeline_dag.py for tasks to queue
[2026-09-08T00:15:10.906+0000] {logging_mixin.py:188} INFO - [2026-09-08T00:15:10.906+0000] {dagbag.py:545} INFO - Filling up the DagBag from /opt/airflow/dags/financial_pipeline_dag.py
[2026-09-08T00:15:11.051+0000] {logging_mixin.py:188} INFO - [2026-09-08T00:15:11.051+0000] {graph.py:719} INFO - Trying to parse the dbt project `transformations` using a dbt manifest...
[2026-09-08T00:15:11.071+0000] {logging_mixin.py:188} INFO - [2026-09-08T00:15:11.067+0000] {dagbag.py:355} ERROR - Failed to import: /opt/airflow/dags/financial_pipeline_dag.py
Traceback (most recent call last):
  File "/home/airflow/.local/lib/python3.11/site-packages/airflow/models/dagbag.py", line 351, in parse
    loader.exec_module(new_module)
  File "<frozen importlib._bootstrap_external>", line 940, in exec_module
  File "<frozen importlib._bootstrap>", line 241, in _call_with_frames_removed
  File "/opt/airflow/dags/financial_pipeline_dag.py", line 115, in <module>
    dbt_stg_overview = make_dbt_group("dbt_stg_overview", "stg_overview")
                       ^^^^^^^^^^^^^^^^^^^^^^^^^^^^^^^^^^^^^^^^^^^^^^^^^^
  File "/opt/airflow/dags/financial_pipeline_dag.py", line 102, in make_dbt_group
    return DbtTaskGroup(
           ^^^^^^^^^^^^^
  File "/home/airflow/.local/lib/python3.11/site-packages/cosmos/airflow/task_group.py", line 28, in __init__
    DbtToAirflowConverter.__init__(self, *args, **specific_kwargs(**kwargs))
  File "/home/airflow/.local/lib/python3.11/site-packages/cosmos/converter.py", line 261, in __init__
    self.dbt_graph.load(method=render_config.load_method, execution_mode=execution_config.execution_mode)
  File "/home/airflow/.local/lib/python3.11/site-packages/cosmos/dbt/graph.py", line 440, in load
    load_method[method]()
  File "/home/airflow/.local/lib/python3.11/site-packages/cosmos/dbt/graph.py", line 748, in load_from_dbt_manifest
    config=node_dict["config"],
           ~~~~~~~~~^^^^^^^^^^
KeyError: 'config'
[2026-09-08T00:15:11.072+0000] {processor.py:842} WARNING - No viable dags retrieved from /opt/airflow/dags/financial_pipeline_dag.py
[2026-09-08T00:15:11.092+0000] {processor.py:183} INFO - Processing /opt/airflow/dags/financial_pipeline_dag.py took 0.207 seconds
[2026-09-08T00:15:25.318+0000] {processor.py:161} INFO - Started process (PID=180) to work on /opt/airflow/dags/financial_pipeline_dag.py
[2026-09-08T00:15:25.320+0000] {processor.py:830} INFO - Processing file /opt/airflow/dags/financial_pipeline_dag.py for tasks to queue
[2026-09-08T00:15:25.322+0000] {logging_mixin.py:188} INFO - [2026-09-08T00:15:25.321+0000] {dagbag.py:545} INFO - Filling up the DagBag from /opt/airflow/dags/financial_pipeline_dag.py
[2026-09-08T00:15:25.459+0000] {logging_mixin.py:188} INFO - [2026-09-08T00:15:25.459+0000] {graph.py:719} INFO - Trying to parse the dbt project `transformations` using a dbt manifest...
[2026-09-08T00:15:25.480+0000] {logging_mixin.py:188} INFO - [2026-09-08T00:15:25.476+0000] {dagbag.py:355} ERROR - Failed to import: /opt/airflow/dags/financial_pipeline_dag.py
Traceback (most recent call last):
  File "/home/airflow/.local/lib/python3.11/site-packages/airflow/models/dagbag.py", line 351, in parse
    loader.exec_module(new_module)
  File "<frozen importlib._bootstrap_external>", line 940, in exec_module
  File "<frozen importlib._bootstrap>", line 241, in _call_with_frames_removed
  File "/opt/airflow/dags/financial_pipeline_dag.py", line 115, in <module>
    dbt_stg_overview = make_dbt_group("dbt_stg_overview", "stg_overview")
                       ^^^^^^^^^^^^^^^^^^^^^^^^^^^^^^^^^^^^^^^^^^^^^^^^^^
  File "/opt/airflow/dags/financial_pipeline_dag.py", line 102, in make_dbt_group
    return DbtTaskGroup(
           ^^^^^^^^^^^^^
  File "/home/airflow/.local/lib/python3.11/site-packages/cosmos/airflow/task_group.py", line 28, in __init__
    DbtToAirflowConverter.__init__(self, *args, **specific_kwargs(**kwargs))
  File "/home/airflow/.local/lib/python3.11/site-packages/cosmos/converter.py", line 261, in __init__
    self.dbt_graph.load(method=render_config.load_method, execution_mode=execution_config.execution_mode)
  File "/home/airflow/.local/lib/python3.11/site-packages/cosmos/dbt/graph.py", line 440, in load
    load_method[method]()
  File "/home/airflow/.local/lib/python3.11/site-packages/cosmos/dbt/graph.py", line 748, in load_from_dbt_manifest
    config=node_dict["config"],
           ~~~~~~~~~^^^^^^^^^^
KeyError: 'config'
[2026-09-08T00:15:25.481+0000] {processor.py:842} WARNING - No viable dags retrieved from /opt/airflow/dags/financial_pipeline_dag.py
[2026-09-08T00:15:25.500+0000] {processor.py:183} INFO - Processing /opt/airflow/dags/financial_pipeline_dag.py took 0.197 seconds
[2026-09-08T00:15:40.286+0000] {processor.py:161} INFO - Started process (PID=180) to work on /opt/airflow/dags/financial_pipeline_dag.py
[2026-09-08T00:15:40.287+0000] {processor.py:830} INFO - Processing file /opt/airflow/dags/financial_pipeline_dag.py for tasks to queue
[2026-09-08T00:15:40.289+0000] {logging_mixin.py:188} INFO - [2026-09-08T00:15:40.289+0000] {dagbag.py:545} INFO - Filling up the DagBag from /opt/airflow/dags/financial_pipeline_dag.py
[2026-09-08T00:15:40.422+0000] {logging_mixin.py:188} INFO - [2026-09-08T00:15:40.422+0000] {graph.py:719} INFO - Trying to parse the dbt project `transformations` using a dbt manifest...
[2026-09-08T00:15:40.444+0000] {logging_mixin.py:188} INFO - [2026-09-08T00:15:40.439+0000] {dagbag.py:355} ERROR - Failed to import: /opt/airflow/dags/financial_pipeline_dag.py
Traceback (most recent call last):
  File "/home/airflow/.local/lib/python3.11/site-packages/airflow/models/dagbag.py", line 351, in parse
    loader.exec_module(new_module)
  File "<frozen importlib._bootstrap_external>", line 940, in exec_module
  File "<frozen importlib._bootstrap>", line 241, in _call_with_frames_removed
  File "/opt/airflow/dags/financial_pipeline_dag.py", line 115, in <module>
    dbt_stg_overview = make_dbt_group("dbt_stg_overview", "stg_overview")
                       ^^^^^^^^^^^^^^^^^^^^^^^^^^^^^^^^^^^^^^^^^^^^^^^^^^
  File "/opt/airflow/dags/financial_pipeline_dag.py", line 102, in make_dbt_group
    return DbtTaskGroup(
           ^^^^^^^^^^^^^
  File "/home/airflow/.local/lib/python3.11/site-packages/cosmos/airflow/task_group.py", line 28, in __init__
    DbtToAirflowConverter.__init__(self, *args, **specific_kwargs(**kwargs))
  File "/home/airflow/.local/lib/python3.11/site-packages/cosmos/converter.py", line 261, in __init__
    self.dbt_graph.load(method=render_config.load_method, execution_mode=execution_config.execution_mode)
  File "/home/airflow/.local/lib/python3.11/site-packages/cosmos/dbt/graph.py", line 440, in load
    load_method[method]()
  File "/home/airflow/.local/lib/python3.11/site-packages/cosmos/dbt/graph.py", line 748, in load_from_dbt_manifest
    config=node_dict["config"],
           ~~~~~~~~~^^^^^^^^^^
KeyError: 'config'
[2026-09-08T00:15:40.445+0000] {processor.py:842} WARNING - No viable dags retrieved from /opt/airflow/dags/financial_pipeline_dag.py
[2026-09-08T00:15:40.464+0000] {processor.py:183} INFO - Processing /opt/airflow/dags/financial_pipeline_dag.py took 0.188 seconds
[2026-09-08T00:15:55.210+0000] {processor.py:161} INFO - Started process (PID=180) to work on /opt/airflow/dags/financial_pipeline_dag.py
[2026-09-08T00:15:55.211+0000] {processor.py:830} INFO - Processing file /opt/airflow/dags/financial_pipeline_dag.py for tasks to queue
[2026-09-08T00:15:55.214+0000] {logging_mixin.py:188} INFO - [2026-09-08T00:15:55.213+0000] {dagbag.py:545} INFO - Filling up the DagBag from /opt/airflow/dags/financial_pipeline_dag.py
[2026-09-08T00:15:55.361+0000] {logging_mixin.py:188} INFO - [2026-09-08T00:15:55.361+0000] {graph.py:719} INFO - Trying to parse the dbt project `transformations` using a dbt manifest...
[2026-09-08T00:15:55.382+0000] {logging_mixin.py:188} INFO - [2026-09-08T00:15:55.378+0000] {dagbag.py:355} ERROR - Failed to import: /opt/airflow/dags/financial_pipeline_dag.py
Traceback (most recent call last):
  File "/home/airflow/.local/lib/python3.11/site-packages/airflow/models/dagbag.py", line 351, in parse
    loader.exec_module(new_module)
  File "<frozen importlib._bootstrap_external>", line 940, in exec_module
  File "<frozen importlib._bootstrap>", line 241, in _call_with_frames_removed
  File "/opt/airflow/dags/financial_pipeline_dag.py", line 115, in <module>
    dbt_stg_overview = make_dbt_group("dbt_stg_overview", "stg_overview")
                       ^^^^^^^^^^^^^^^^^^^^^^^^^^^^^^^^^^^^^^^^^^^^^^^^^^
  File "/opt/airflow/dags/financial_pipeline_dag.py", line 102, in make_dbt_group
    return DbtTaskGroup(
           ^^^^^^^^^^^^^
  File "/home/airflow/.local/lib/python3.11/site-packages/cosmos/airflow/task_group.py", line 28, in __init__
    DbtToAirflowConverter.__init__(self, *args, **specific_kwargs(**kwargs))
  File "/home/airflow/.local/lib/python3.11/site-packages/cosmos/converter.py", line 261, in __init__
    self.dbt_graph.load(method=render_config.load_method, execution_mode=execution_config.execution_mode)
  File "/home/airflow/.local/lib/python3.11/site-packages/cosmos/dbt/graph.py", line 440, in load
    load_method[method]()
  File "/home/airflow/.local/lib/python3.11/site-packages/cosmos/dbt/graph.py", line 748, in load_from_dbt_manifest
    config=node_dict["config"],
           ~~~~~~~~~^^^^^^^^^^
KeyError: 'config'
[2026-09-08T00:15:55.383+0000] {processor.py:842} WARNING - No viable dags retrieved from /opt/airflow/dags/financial_pipeline_dag.py
[2026-09-08T00:15:55.402+0000] {processor.py:183} INFO - Processing /opt/airflow/dags/financial_pipeline_dag.py took 0.204 seconds
[2026-09-08T00:16:09.782+0000] {processor.py:161} INFO - Started process (PID=180) to work on /opt/airflow/dags/financial_pipeline_dag.py
[2026-09-08T00:16:09.784+0000] {processor.py:830} INFO - Processing file /opt/airflow/dags/financial_pipeline_dag.py for tasks to queue
[2026-09-08T00:16:09.786+0000] {logging_mixin.py:188} INFO - [2026-09-08T00:16:09.785+0000] {dagbag.py:545} INFO - Filling up the DagBag from /opt/airflow/dags/financial_pipeline_dag.py
[2026-09-08T00:16:09.954+0000] {logging_mixin.py:188} INFO - [2026-09-08T00:16:09.954+0000] {graph.py:719} INFO - Trying to parse the dbt project `transformations` using a dbt manifest...
[2026-09-08T00:16:09.978+0000] {logging_mixin.py:188} INFO - [2026-09-08T00:16:09.973+0000] {dagbag.py:355} ERROR - Failed to import: /opt/airflow/dags/financial_pipeline_dag.py
Traceback (most recent call last):
  File "/home/airflow/.local/lib/python3.11/site-packages/airflow/models/dagbag.py", line 351, in parse
    loader.exec_module(new_module)
  File "<frozen importlib._bootstrap_external>", line 940, in exec_module
  File "<frozen importlib._bootstrap>", line 241, in _call_with_frames_removed
  File "/opt/airflow/dags/financial_pipeline_dag.py", line 115, in <module>
    dbt_stg_overview = make_dbt_group("dbt_stg_overview", "stg_overview")
                       ^^^^^^^^^^^^^^^^^^^^^^^^^^^^^^^^^^^^^^^^^^^^^^^^^^
  File "/opt/airflow/dags/financial_pipeline_dag.py", line 102, in make_dbt_group
    return DbtTaskGroup(
           ^^^^^^^^^^^^^
  File "/home/airflow/.local/lib/python3.11/site-packages/cosmos/airflow/task_group.py", line 28, in __init__
    DbtToAirflowConverter.__init__(self, *args, **specific_kwargs(**kwargs))
  File "/home/airflow/.local/lib/python3.11/site-packages/cosmos/converter.py", line 261, in __init__
    self.dbt_graph.load(method=render_config.load_method, execution_mode=execution_config.execution_mode)
  File "/home/airflow/.local/lib/python3.11/site-packages/cosmos/dbt/graph.py", line 440, in load
    load_method[method]()
  File "/home/airflow/.local/lib/python3.11/site-packages/cosmos/dbt/graph.py", line 748, in load_from_dbt_manifest
    config=node_dict["config"],
           ~~~~~~~~~^^^^^^^^^^
KeyError: 'config'
[2026-09-08T00:16:09.980+0000] {processor.py:842} WARNING - No viable dags retrieved from /opt/airflow/dags/financial_pipeline_dag.py
[2026-09-08T00:16:10.004+0000] {processor.py:183} INFO - Processing /opt/airflow/dags/financial_pipeline_dag.py took 0.233 seconds
[2026-09-08T00:16:24.273+0000] {processor.py:161} INFO - Started process (PID=180) to work on /opt/airflow/dags/financial_pipeline_dag.py
[2026-09-08T00:16:24.274+0000] {processor.py:830} INFO - Processing file /opt/airflow/dags/financial_pipeline_dag.py for tasks to queue
[2026-09-08T00:16:24.281+0000] {logging_mixin.py:188} INFO - [2026-09-08T00:16:24.281+0000] {dagbag.py:545} INFO - Filling up the DagBag from /opt/airflow/dags/financial_pipeline_dag.py
[2026-09-08T00:16:24.421+0000] {logging_mixin.py:188} INFO - [2026-09-08T00:16:24.421+0000] {graph.py:719} INFO - Trying to parse the dbt project `transformations` using a dbt manifest...
[2026-09-08T00:16:24.441+0000] {logging_mixin.py:188} INFO - [2026-09-08T00:16:24.437+0000] {dagbag.py:355} ERROR - Failed to import: /opt/airflow/dags/financial_pipeline_dag.py
Traceback (most recent call last):
  File "/home/airflow/.local/lib/python3.11/site-packages/airflow/models/dagbag.py", line 351, in parse
    loader.exec_module(new_module)
  File "<frozen importlib._bootstrap_external>", line 940, in exec_module
  File "<frozen importlib._bootstrap>", line 241, in _call_with_frames_removed
  File "/opt/airflow/dags/financial_pipeline_dag.py", line 115, in <module>
    dbt_stg_overview = make_dbt_group("dbt_stg_overview", "stg_overview")
                       ^^^^^^^^^^^^^^^^^^^^^^^^^^^^^^^^^^^^^^^^^^^^^^^^^^
  File "/opt/airflow/dags/financial_pipeline_dag.py", line 102, in make_dbt_group
    return DbtTaskGroup(
           ^^^^^^^^^^^^^
  File "/home/airflow/.local/lib/python3.11/site-packages/cosmos/airflow/task_group.py", line 28, in __init__
    DbtToAirflowConverter.__init__(self, *args, **specific_kwargs(**kwargs))
  File "/home/airflow/.local/lib/python3.11/site-packages/cosmos/converter.py", line 261, in __init__
    self.dbt_graph.load(method=render_config.load_method, execution_mode=execution_config.execution_mode)
  File "/home/airflow/.local/lib/python3.11/site-packages/cosmos/dbt/graph.py", line 440, in load
    load_method[method]()
  File "/home/airflow/.local/lib/python3.11/site-packages/cosmos/dbt/graph.py", line 748, in load_from_dbt_manifest
    config=node_dict["config"],
           ~~~~~~~~~^^^^^^^^^^
KeyError: 'config'
[2026-09-08T00:16:24.442+0000] {processor.py:842} WARNING - No viable dags retrieved from /opt/airflow/dags/financial_pipeline_dag.py
[2026-09-08T00:16:24.463+0000] {processor.py:183} INFO - Processing /opt/airflow/dags/financial_pipeline_dag.py took 0.201 seconds
[2026-09-08T00:16:38.906+0000] {processor.py:161} INFO - Started process (PID=180) to work on /opt/airflow/dags/financial_pipeline_dag.py
[2026-09-08T00:16:38.907+0000] {processor.py:830} INFO - Processing file /opt/airflow/dags/financial_pipeline_dag.py for tasks to queue
[2026-09-08T00:16:38.910+0000] {logging_mixin.py:188} INFO - [2026-09-08T00:16:38.909+0000] {dagbag.py:545} INFO - Filling up the DagBag from /opt/airflow/dags/financial_pipeline_dag.py
[2026-09-08T00:16:39.042+0000] {logging_mixin.py:188} INFO - [2026-09-08T00:16:39.042+0000] {graph.py:719} INFO - Trying to parse the dbt project `transformations` using a dbt manifest...
[2026-09-08T00:16:39.062+0000] {logging_mixin.py:188} INFO - [2026-09-08T00:16:39.059+0000] {dagbag.py:355} ERROR - Failed to import: /opt/airflow/dags/financial_pipeline_dag.py
Traceback (most recent call last):
  File "/home/airflow/.local/lib/python3.11/site-packages/airflow/models/dagbag.py", line 351, in parse
    loader.exec_module(new_module)
  File "<frozen importlib._bootstrap_external>", line 940, in exec_module
  File "<frozen importlib._bootstrap>", line 241, in _call_with_frames_removed
  File "/opt/airflow/dags/financial_pipeline_dag.py", line 115, in <module>
    dbt_stg_overview = make_dbt_group("dbt_stg_overview", "stg_overview")
                       ^^^^^^^^^^^^^^^^^^^^^^^^^^^^^^^^^^^^^^^^^^^^^^^^^^
  File "/opt/airflow/dags/financial_pipeline_dag.py", line 102, in make_dbt_group
    return DbtTaskGroup(
           ^^^^^^^^^^^^^
  File "/home/airflow/.local/lib/python3.11/site-packages/cosmos/airflow/task_group.py", line 28, in __init__
    DbtToAirflowConverter.__init__(self, *args, **specific_kwargs(**kwargs))
  File "/home/airflow/.local/lib/python3.11/site-packages/cosmos/converter.py", line 261, in __init__
    self.dbt_graph.load(method=render_config.load_method, execution_mode=execution_config.execution_mode)
  File "/home/airflow/.local/lib/python3.11/site-packages/cosmos/dbt/graph.py", line 440, in load
    load_method[method]()
  File "/home/airflow/.local/lib/python3.11/site-packages/cosmos/dbt/graph.py", line 748, in load_from_dbt_manifest
    config=node_dict["config"],
           ~~~~~~~~~^^^^^^^^^^
KeyError: 'config'
[2026-09-08T00:16:39.063+0000] {processor.py:842} WARNING - No viable dags retrieved from /opt/airflow/dags/financial_pipeline_dag.py
[2026-09-08T00:16:39.081+0000] {processor.py:183} INFO - Processing /opt/airflow/dags/financial_pipeline_dag.py took 0.183 seconds
[2026-09-08T00:16:54.259+0000] {processor.py:161} INFO - Started process (PID=180) to work on /opt/airflow/dags/financial_pipeline_dag.py
[2026-09-08T00:16:54.261+0000] {processor.py:830} INFO - Processing file /opt/airflow/dags/financial_pipeline_dag.py for tasks to queue
[2026-09-08T00:16:54.265+0000] {logging_mixin.py:188} INFO - [2026-09-08T00:16:54.264+0000] {dagbag.py:545} INFO - Filling up the DagBag from /opt/airflow/dags/financial_pipeline_dag.py
[2026-09-08T00:16:54.452+0000] {logging_mixin.py:188} INFO - [2026-09-08T00:16:54.452+0000] {graph.py:719} INFO - Trying to parse the dbt project `transformations` using a dbt manifest...
[2026-09-08T00:16:54.474+0000] {logging_mixin.py:188} INFO - [2026-09-08T00:16:54.470+0000] {dagbag.py:355} ERROR - Failed to import: /opt/airflow/dags/financial_pipeline_dag.py
Traceback (most recent call last):
  File "/home/airflow/.local/lib/python3.11/site-packages/airflow/models/dagbag.py", line 351, in parse
    loader.exec_module(new_module)
  File "<frozen importlib._bootstrap_external>", line 940, in exec_module
  File "<frozen importlib._bootstrap>", line 241, in _call_with_frames_removed
  File "/opt/airflow/dags/financial_pipeline_dag.py", line 115, in <module>
    dbt_stg_overview = make_dbt_group("dbt_stg_overview", "stg_overview")
                       ^^^^^^^^^^^^^^^^^^^^^^^^^^^^^^^^^^^^^^^^^^^^^^^^^^
  File "/opt/airflow/dags/financial_pipeline_dag.py", line 102, in make_dbt_group
    return DbtTaskGroup(
           ^^^^^^^^^^^^^
  File "/home/airflow/.local/lib/python3.11/site-packages/cosmos/airflow/task_group.py", line 28, in __init__
    DbtToAirflowConverter.__init__(self, *args, **specific_kwargs(**kwargs))
  File "/home/airflow/.local/lib/python3.11/site-packages/cosmos/converter.py", line 261, in __init__
    self.dbt_graph.load(method=render_config.load_method, execution_mode=execution_config.execution_mode)
  File "/home/airflow/.local/lib/python3.11/site-packages/cosmos/dbt/graph.py", line 440, in load
    load_method[method]()
  File "/home/airflow/.local/lib/python3.11/site-packages/cosmos/dbt/graph.py", line 748, in load_from_dbt_manifest
    config=node_dict["config"],
           ~~~~~~~~~^^^^^^^^^^
KeyError: 'config'
[2026-09-08T00:16:54.477+0000] {processor.py:842} WARNING - No viable dags retrieved from /opt/airflow/dags/financial_pipeline_dag.py
[2026-09-08T00:16:54.496+0000] {processor.py:183} INFO - Processing /opt/airflow/dags/financial_pipeline_dag.py took 0.247 seconds
[2026-09-08T00:17:08.900+0000] {processor.py:161} INFO - Started process (PID=180) to work on /opt/airflow/dags/financial_pipeline_dag.py
[2026-09-08T00:17:08.901+0000] {processor.py:830} INFO - Processing file /opt/airflow/dags/financial_pipeline_dag.py for tasks to queue
[2026-09-08T00:17:08.903+0000] {logging_mixin.py:188} INFO - [2026-09-08T00:17:08.903+0000] {dagbag.py:545} INFO - Filling up the DagBag from /opt/airflow/dags/financial_pipeline_dag.py
[2026-09-08T00:17:09.045+0000] {logging_mixin.py:188} INFO - [2026-09-08T00:17:09.044+0000] {graph.py:719} INFO - Trying to parse the dbt project `transformations` using a dbt manifest...
[2026-09-08T00:17:09.065+0000] {logging_mixin.py:188} INFO - [2026-09-08T00:17:09.061+0000] {dagbag.py:355} ERROR - Failed to import: /opt/airflow/dags/financial_pipeline_dag.py
Traceback (most recent call last):
  File "/home/airflow/.local/lib/python3.11/site-packages/airflow/models/dagbag.py", line 351, in parse
    loader.exec_module(new_module)
  File "<frozen importlib._bootstrap_external>", line 940, in exec_module
  File "<frozen importlib._bootstrap>", line 241, in _call_with_frames_removed
  File "/opt/airflow/dags/financial_pipeline_dag.py", line 115, in <module>
    dbt_stg_overview = make_dbt_group("dbt_stg_overview", "stg_overview")
                       ^^^^^^^^^^^^^^^^^^^^^^^^^^^^^^^^^^^^^^^^^^^^^^^^^^
  File "/opt/airflow/dags/financial_pipeline_dag.py", line 102, in make_dbt_group
    return DbtTaskGroup(
           ^^^^^^^^^^^^^
  File "/home/airflow/.local/lib/python3.11/site-packages/cosmos/airflow/task_group.py", line 28, in __init__
    DbtToAirflowConverter.__init__(self, *args, **specific_kwargs(**kwargs))
  File "/home/airflow/.local/lib/python3.11/site-packages/cosmos/converter.py", line 261, in __init__
    self.dbt_graph.load(method=render_config.load_method, execution_mode=execution_config.execution_mode)
  File "/home/airflow/.local/lib/python3.11/site-packages/cosmos/dbt/graph.py", line 440, in load
    load_method[method]()
  File "/home/airflow/.local/lib/python3.11/site-packages/cosmos/dbt/graph.py", line 748, in load_from_dbt_manifest
    config=node_dict["config"],
           ~~~~~~~~~^^^^^^^^^^
KeyError: 'config'
[2026-09-08T00:17:09.066+0000] {processor.py:842} WARNING - No viable dags retrieved from /opt/airflow/dags/financial_pipeline_dag.py
[2026-09-08T00:17:09.084+0000] {processor.py:183} INFO - Processing /opt/airflow/dags/financial_pipeline_dag.py took 0.193 seconds
[2026-09-08T00:17:23.118+0000] {processor.py:161} INFO - Started process (PID=180) to work on /opt/airflow/dags/financial_pipeline_dag.py
[2026-09-08T00:17:23.119+0000] {processor.py:830} INFO - Processing file /opt/airflow/dags/financial_pipeline_dag.py for tasks to queue
[2026-09-08T00:17:23.121+0000] {logging_mixin.py:188} INFO - [2026-09-08T00:17:23.120+0000] {dagbag.py:545} INFO - Filling up the DagBag from /opt/airflow/dags/financial_pipeline_dag.py
[2026-09-08T00:17:23.287+0000] {logging_mixin.py:188} INFO - [2026-09-08T00:17:23.286+0000] {graph.py:719} INFO - Trying to parse the dbt project `transformations` using a dbt manifest...
[2026-09-08T00:17:23.311+0000] {logging_mixin.py:188} INFO - [2026-09-08T00:17:23.305+0000] {dagbag.py:355} ERROR - Failed to import: /opt/airflow/dags/financial_pipeline_dag.py
Traceback (most recent call last):
  File "/home/airflow/.local/lib/python3.11/site-packages/airflow/models/dagbag.py", line 351, in parse
    loader.exec_module(new_module)
  File "<frozen importlib._bootstrap_external>", line 940, in exec_module
  File "<frozen importlib._bootstrap>", line 241, in _call_with_frames_removed
  File "/opt/airflow/dags/financial_pipeline_dag.py", line 115, in <module>
    dbt_stg_overview = make_dbt_group("dbt_stg_overview", "stg_overview")
                       ^^^^^^^^^^^^^^^^^^^^^^^^^^^^^^^^^^^^^^^^^^^^^^^^^^
  File "/opt/airflow/dags/financial_pipeline_dag.py", line 102, in make_dbt_group
    return DbtTaskGroup(
           ^^^^^^^^^^^^^
  File "/home/airflow/.local/lib/python3.11/site-packages/cosmos/airflow/task_group.py", line 28, in __init__
    DbtToAirflowConverter.__init__(self, *args, **specific_kwargs(**kwargs))
  File "/home/airflow/.local/lib/python3.11/site-packages/cosmos/converter.py", line 261, in __init__
    self.dbt_graph.load(method=render_config.load_method, execution_mode=execution_config.execution_mode)
  File "/home/airflow/.local/lib/python3.11/site-packages/cosmos/dbt/graph.py", line 440, in load
    load_method[method]()
  File "/home/airflow/.local/lib/python3.11/site-packages/cosmos/dbt/graph.py", line 748, in load_from_dbt_manifest
    config=node_dict["config"],
           ~~~~~~~~~^^^^^^^^^^
KeyError: 'config'
[2026-09-08T00:17:23.313+0000] {processor.py:842} WARNING - No viable dags retrieved from /opt/airflow/dags/financial_pipeline_dag.py
[2026-09-08T00:17:23.336+0000] {processor.py:183} INFO - Processing /opt/airflow/dags/financial_pipeline_dag.py took 0.231 seconds
[2026-09-08T00:17:37.864+0000] {processor.py:161} INFO - Started process (PID=181) to work on /opt/airflow/dags/financial_pipeline_dag.py
[2026-09-08T00:17:37.867+0000] {processor.py:830} INFO - Processing file /opt/airflow/dags/financial_pipeline_dag.py for tasks to queue
[2026-09-08T00:17:37.871+0000] {logging_mixin.py:188} INFO - [2026-09-08T00:17:37.870+0000] {dagbag.py:545} INFO - Filling up the DagBag from /opt/airflow/dags/financial_pipeline_dag.py
[2026-09-08T00:17:38.063+0000] {logging_mixin.py:188} INFO - [2026-09-08T00:17:38.062+0000] {graph.py:719} INFO - Trying to parse the dbt project `transformations` using a dbt manifest...
[2026-09-08T00:17:38.083+0000] {logging_mixin.py:188} INFO - [2026-09-08T00:17:38.079+0000] {dagbag.py:355} ERROR - Failed to import: /opt/airflow/dags/financial_pipeline_dag.py
Traceback (most recent call last):
  File "/home/airflow/.local/lib/python3.11/site-packages/airflow/models/dagbag.py", line 351, in parse
    loader.exec_module(new_module)
  File "<frozen importlib._bootstrap_external>", line 940, in exec_module
  File "<frozen importlib._bootstrap>", line 241, in _call_with_frames_removed
  File "/opt/airflow/dags/financial_pipeline_dag.py", line 115, in <module>
    dbt_stg_overview = make_dbt_group("dbt_stg_overview", "stg_overview")
                       ^^^^^^^^^^^^^^^^^^^^^^^^^^^^^^^^^^^^^^^^^^^^^^^^^^
  File "/opt/airflow/dags/financial_pipeline_dag.py", line 102, in make_dbt_group
    return DbtTaskGroup(
           ^^^^^^^^^^^^^
  File "/home/airflow/.local/lib/python3.11/site-packages/cosmos/airflow/task_group.py", line 28, in __init__
    DbtToAirflowConverter.__init__(self, *args, **specific_kwargs(**kwargs))
  File "/home/airflow/.local/lib/python3.11/site-packages/cosmos/converter.py", line 261, in __init__
    self.dbt_graph.load(method=render_config.load_method, execution_mode=execution_config.execution_mode)
  File "/home/airflow/.local/lib/python3.11/site-packages/cosmos/dbt/graph.py", line 440, in load
    load_method[method]()
  File "/home/airflow/.local/lib/python3.11/site-packages/cosmos/dbt/graph.py", line 748, in load_from_dbt_manifest
    config=node_dict["config"],
           ~~~~~~~~~^^^^^^^^^^
KeyError: 'config'
[2026-09-08T00:17:38.084+0000] {processor.py:842} WARNING - No viable dags retrieved from /opt/airflow/dags/financial_pipeline_dag.py
[2026-09-08T00:17:38.102+0000] {processor.py:183} INFO - Processing /opt/airflow/dags/financial_pipeline_dag.py took 0.251 seconds
[2026-09-08T00:17:52.639+0000] {processor.py:161} INFO - Started process (PID=180) to work on /opt/airflow/dags/financial_pipeline_dag.py
[2026-09-08T00:17:52.641+0000] {processor.py:830} INFO - Processing file /opt/airflow/dags/financial_pipeline_dag.py for tasks to queue
[2026-09-08T00:17:52.643+0000] {logging_mixin.py:188} INFO - [2026-09-08T00:17:52.643+0000] {dagbag.py:545} INFO - Filling up the DagBag from /opt/airflow/dags/financial_pipeline_dag.py
[2026-09-08T00:17:52.788+0000] {logging_mixin.py:188} INFO - [2026-09-08T00:17:52.787+0000] {graph.py:719} INFO - Trying to parse the dbt project `transformations` using a dbt manifest...
[2026-09-08T00:17:52.809+0000] {logging_mixin.py:188} INFO - [2026-09-08T00:17:52.805+0000] {dagbag.py:355} ERROR - Failed to import: /opt/airflow/dags/financial_pipeline_dag.py
Traceback (most recent call last):
  File "/home/airflow/.local/lib/python3.11/site-packages/airflow/models/dagbag.py", line 351, in parse
    loader.exec_module(new_module)
  File "<frozen importlib._bootstrap_external>", line 940, in exec_module
  File "<frozen importlib._bootstrap>", line 241, in _call_with_frames_removed
  File "/opt/airflow/dags/financial_pipeline_dag.py", line 115, in <module>
    dbt_stg_overview = make_dbt_group("dbt_stg_overview", "stg_overview")
                       ^^^^^^^^^^^^^^^^^^^^^^^^^^^^^^^^^^^^^^^^^^^^^^^^^^
  File "/opt/airflow/dags/financial_pipeline_dag.py", line 102, in make_dbt_group
    return DbtTaskGroup(
           ^^^^^^^^^^^^^
  File "/home/airflow/.local/lib/python3.11/site-packages/cosmos/airflow/task_group.py", line 28, in __init__
    DbtToAirflowConverter.__init__(self, *args, **specific_kwargs(**kwargs))
  File "/home/airflow/.local/lib/python3.11/site-packages/cosmos/converter.py", line 261, in __init__
    self.dbt_graph.load(method=render_config.load_method, execution_mode=execution_config.execution_mode)
  File "/home/airflow/.local/lib/python3.11/site-packages/cosmos/dbt/graph.py", line 440, in load
    load_method[method]()
  File "/home/airflow/.local/lib/python3.11/site-packages/cosmos/dbt/graph.py", line 748, in load_from_dbt_manifest
    config=node_dict["config"],
           ~~~~~~~~~^^^^^^^^^^
KeyError: 'config'
[2026-09-08T00:17:52.811+0000] {processor.py:842} WARNING - No viable dags retrieved from /opt/airflow/dags/financial_pipeline_dag.py
[2026-09-08T00:17:52.832+0000] {processor.py:183} INFO - Processing /opt/airflow/dags/financial_pipeline_dag.py took 0.204 seconds
[2026-09-08T00:18:07.526+0000] {processor.py:161} INFO - Started process (PID=180) to work on /opt/airflow/dags/financial_pipeline_dag.py
[2026-09-08T00:18:07.527+0000] {processor.py:830} INFO - Processing file /opt/airflow/dags/financial_pipeline_dag.py for tasks to queue
[2026-09-08T00:18:07.529+0000] {logging_mixin.py:188} INFO - [2026-09-08T00:18:07.529+0000] {dagbag.py:545} INFO - Filling up the DagBag from /opt/airflow/dags/financial_pipeline_dag.py
[2026-09-08T00:18:07.678+0000] {logging_mixin.py:188} INFO - [2026-09-08T00:18:07.678+0000] {graph.py:719} INFO - Trying to parse the dbt project `transformations` using a dbt manifest...
[2026-09-08T00:18:07.699+0000] {logging_mixin.py:188} INFO - [2026-09-08T00:18:07.695+0000] {dagbag.py:355} ERROR - Failed to import: /opt/airflow/dags/financial_pipeline_dag.py
Traceback (most recent call last):
  File "/home/airflow/.local/lib/python3.11/site-packages/airflow/models/dagbag.py", line 351, in parse
    loader.exec_module(new_module)
  File "<frozen importlib._bootstrap_external>", line 940, in exec_module
  File "<frozen importlib._bootstrap>", line 241, in _call_with_frames_removed
  File "/opt/airflow/dags/financial_pipeline_dag.py", line 115, in <module>
    dbt_stg_overview = make_dbt_group("dbt_stg_overview", "stg_overview")
                       ^^^^^^^^^^^^^^^^^^^^^^^^^^^^^^^^^^^^^^^^^^^^^^^^^^
  File "/opt/airflow/dags/financial_pipeline_dag.py", line 102, in make_dbt_group
    return DbtTaskGroup(
           ^^^^^^^^^^^^^
  File "/home/airflow/.local/lib/python3.11/site-packages/cosmos/airflow/task_group.py", line 28, in __init__
    DbtToAirflowConverter.__init__(self, *args, **specific_kwargs(**kwargs))
  File "/home/airflow/.local/lib/python3.11/site-packages/cosmos/converter.py", line 261, in __init__
    self.dbt_graph.load(method=render_config.load_method, execution_mode=execution_config.execution_mode)
  File "/home/airflow/.local/lib/python3.11/site-packages/cosmos/dbt/graph.py", line 440, in load
    load_method[method]()
  File "/home/airflow/.local/lib/python3.11/site-packages/cosmos/dbt/graph.py", line 748, in load_from_dbt_manifest
    config=node_dict["config"],
           ~~~~~~~~~^^^^^^^^^^
KeyError: 'config'
[2026-09-08T00:18:07.700+0000] {processor.py:842} WARNING - No viable dags retrieved from /opt/airflow/dags/financial_pipeline_dag.py
[2026-09-08T00:18:07.721+0000] {processor.py:183} INFO - Processing /opt/airflow/dags/financial_pipeline_dag.py took 0.205 seconds
[2026-09-08T00:18:21.779+0000] {processor.py:161} INFO - Started process (PID=198) to work on /opt/airflow/dags/financial_pipeline_dag.py
[2026-09-08T00:18:21.780+0000] {processor.py:830} INFO - Processing file /opt/airflow/dags/financial_pipeline_dag.py for tasks to queue
[2026-09-08T00:18:21.781+0000] {logging_mixin.py:188} INFO - [2026-09-08T00:18:21.781+0000] {dagbag.py:545} INFO - Filling up the DagBag from /opt/airflow/dags/financial_pipeline_dag.py
[2026-09-08T00:18:21.885+0000] {logging_mixin.py:188} INFO - [2026-09-08T00:18:21.885+0000] {graph.py:719} INFO - Trying to parse the dbt project `transformations` using a dbt manifest...
[2026-09-08T00:18:21.907+0000] {logging_mixin.py:188} INFO - [2026-09-08T00:18:21.903+0000] {dagbag.py:355} ERROR - Failed to import: /opt/airflow/dags/financial_pipeline_dag.py
Traceback (most recent call last):
  File "/home/airflow/.local/lib/python3.11/site-packages/airflow/models/dagbag.py", line 351, in parse
    loader.exec_module(new_module)
  File "<frozen importlib._bootstrap_external>", line 940, in exec_module
  File "<frozen importlib._bootstrap>", line 241, in _call_with_frames_removed
  File "/opt/airflow/dags/financial_pipeline_dag.py", line 115, in <module>
    dbt_stg_overview = make_dbt_group("dbt_stg_overview", "stg_overview")
                       ^^^^^^^^^^^^^^^^^^^^^^^^^^^^^^^^^^^^^^^^^^^^^^^^^^
  File "/opt/airflow/dags/financial_pipeline_dag.py", line 102, in make_dbt_group
    return DbtTaskGroup(
           ^^^^^^^^^^^^^
  File "/home/airflow/.local/lib/python3.11/site-packages/cosmos/airflow/task_group.py", line 28, in __init__
    DbtToAirflowConverter.__init__(self, *args, **specific_kwargs(**kwargs))
  File "/home/airflow/.local/lib/python3.11/site-packages/cosmos/converter.py", line 261, in __init__
    self.dbt_graph.load(method=render_config.load_method, execution_mode=execution_config.execution_mode)
  File "/home/airflow/.local/lib/python3.11/site-packages/cosmos/dbt/graph.py", line 440, in load
    load_method[method]()
  File "/home/airflow/.local/lib/python3.11/site-packages/cosmos/dbt/graph.py", line 748, in load_from_dbt_manifest
    config=node_dict["config"],
           ~~~~~~~~~^^^^^^^^^^
KeyError: 'config'
[2026-09-08T00:18:21.908+0000] {processor.py:842} WARNING - No viable dags retrieved from /opt/airflow/dags/financial_pipeline_dag.py
[2026-09-08T00:18:21.928+0000] {processor.py:183} INFO - Processing /opt/airflow/dags/financial_pipeline_dag.py took 0.155 seconds
[2026-09-08T00:18:35.804+0000] {processor.py:161} INFO - Started process (PID=180) to work on /opt/airflow/dags/financial_pipeline_dag.py
[2026-09-08T00:18:35.806+0000] {processor.py:830} INFO - Processing file /opt/airflow/dags/financial_pipeline_dag.py for tasks to queue
[2026-09-08T00:18:35.808+0000] {logging_mixin.py:188} INFO - [2026-09-08T00:18:35.808+0000] {dagbag.py:545} INFO - Filling up the DagBag from /opt/airflow/dags/financial_pipeline_dag.py
[2026-09-08T00:18:35.951+0000] {logging_mixin.py:188} INFO - [2026-09-08T00:18:35.950+0000] {graph.py:719} INFO - Trying to parse the dbt project `transformations` using a dbt manifest...
[2026-09-08T00:18:35.971+0000] {logging_mixin.py:188} INFO - [2026-09-08T00:18:35.967+0000] {dagbag.py:355} ERROR - Failed to import: /opt/airflow/dags/financial_pipeline_dag.py
Traceback (most recent call last):
  File "/home/airflow/.local/lib/python3.11/site-packages/airflow/models/dagbag.py", line 351, in parse
    loader.exec_module(new_module)
  File "<frozen importlib._bootstrap_external>", line 940, in exec_module
  File "<frozen importlib._bootstrap>", line 241, in _call_with_frames_removed
  File "/opt/airflow/dags/financial_pipeline_dag.py", line 115, in <module>
    dbt_stg_overview = make_dbt_group("dbt_stg_overview", "stg_overview")
                       ^^^^^^^^^^^^^^^^^^^^^^^^^^^^^^^^^^^^^^^^^^^^^^^^^^
  File "/opt/airflow/dags/financial_pipeline_dag.py", line 102, in make_dbt_group
    return DbtTaskGroup(
           ^^^^^^^^^^^^^
  File "/home/airflow/.local/lib/python3.11/site-packages/cosmos/airflow/task_group.py", line 28, in __init__
    DbtToAirflowConverter.__init__(self, *args, **specific_kwargs(**kwargs))
  File "/home/airflow/.local/lib/python3.11/site-packages/cosmos/converter.py", line 261, in __init__
    self.dbt_graph.load(method=render_config.load_method, execution_mode=execution_config.execution_mode)
  File "/home/airflow/.local/lib/python3.11/site-packages/cosmos/dbt/graph.py", line 440, in load
    load_method[method]()
  File "/home/airflow/.local/lib/python3.11/site-packages/cosmos/dbt/graph.py", line 748, in load_from_dbt_manifest
    config=node_dict["config"],
           ~~~~~~~~~^^^^^^^^^^
KeyError: 'config'
[2026-09-08T00:18:35.972+0000] {processor.py:842} WARNING - No viable dags retrieved from /opt/airflow/dags/financial_pipeline_dag.py
[2026-09-08T00:18:35.990+0000] {processor.py:183} INFO - Processing /opt/airflow/dags/financial_pipeline_dag.py took 0.196 seconds
[2026-09-08T00:18:49.898+0000] {processor.py:161} INFO - Started process (PID=180) to work on /opt/airflow/dags/financial_pipeline_dag.py
[2026-09-08T00:18:49.899+0000] {processor.py:830} INFO - Processing file /opt/airflow/dags/financial_pipeline_dag.py for tasks to queue
[2026-09-08T00:18:49.902+0000] {logging_mixin.py:188} INFO - [2026-09-08T00:18:49.901+0000] {dagbag.py:545} INFO - Filling up the DagBag from /opt/airflow/dags/financial_pipeline_dag.py
[2026-09-08T00:18:50.043+0000] {logging_mixin.py:188} INFO - [2026-09-08T00:18:50.043+0000] {graph.py:719} INFO - Trying to parse the dbt project `transformations` using a dbt manifest...
[2026-09-08T00:18:50.063+0000] {logging_mixin.py:188} INFO - [2026-09-08T00:18:50.059+0000] {dagbag.py:355} ERROR - Failed to import: /opt/airflow/dags/financial_pipeline_dag.py
Traceback (most recent call last):
  File "/home/airflow/.local/lib/python3.11/site-packages/airflow/models/dagbag.py", line 351, in parse
    loader.exec_module(new_module)
  File "<frozen importlib._bootstrap_external>", line 940, in exec_module
  File "<frozen importlib._bootstrap>", line 241, in _call_with_frames_removed
  File "/opt/airflow/dags/financial_pipeline_dag.py", line 115, in <module>
    dbt_stg_overview = make_dbt_group("dbt_stg_overview", "stg_overview")
                       ^^^^^^^^^^^^^^^^^^^^^^^^^^^^^^^^^^^^^^^^^^^^^^^^^^
  File "/opt/airflow/dags/financial_pipeline_dag.py", line 102, in make_dbt_group
    return DbtTaskGroup(
           ^^^^^^^^^^^^^
  File "/home/airflow/.local/lib/python3.11/site-packages/cosmos/airflow/task_group.py", line 28, in __init__
    DbtToAirflowConverter.__init__(self, *args, **specific_kwargs(**kwargs))
  File "/home/airflow/.local/lib/python3.11/site-packages/cosmos/converter.py", line 261, in __init__
    self.dbt_graph.load(method=render_config.load_method, execution_mode=execution_config.execution_mode)
  File "/home/airflow/.local/lib/python3.11/site-packages/cosmos/dbt/graph.py", line 440, in load
    load_method[method]()
  File "/home/airflow/.local/lib/python3.11/site-packages/cosmos/dbt/graph.py", line 748, in load_from_dbt_manifest
    config=node_dict["config"],
           ~~~~~~~~~^^^^^^^^^^
KeyError: 'config'
[2026-09-08T00:18:50.064+0000] {processor.py:842} WARNING - No viable dags retrieved from /opt/airflow/dags/financial_pipeline_dag.py
[2026-09-08T00:18:50.083+0000] {processor.py:183} INFO - Processing /opt/airflow/dags/financial_pipeline_dag.py took 0.194 seconds
[2026-09-08T00:19:05.199+0000] {processor.py:161} INFO - Started process (PID=180) to work on /opt/airflow/dags/financial_pipeline_dag.py
[2026-09-08T00:19:05.201+0000] {processor.py:830} INFO - Processing file /opt/airflow/dags/financial_pipeline_dag.py for tasks to queue
[2026-09-08T00:19:05.203+0000] {logging_mixin.py:188} INFO - [2026-09-08T00:19:05.202+0000] {dagbag.py:545} INFO - Filling up the DagBag from /opt/airflow/dags/financial_pipeline_dag.py
[2026-09-08T00:19:05.358+0000] {logging_mixin.py:188} INFO - [2026-09-08T00:19:05.358+0000] {graph.py:719} INFO - Trying to parse the dbt project `transformations` using a dbt manifest...
[2026-09-08T00:19:05.380+0000] {logging_mixin.py:188} INFO - [2026-09-08T00:19:05.375+0000] {dagbag.py:355} ERROR - Failed to import: /opt/airflow/dags/financial_pipeline_dag.py
Traceback (most recent call last):
  File "/home/airflow/.local/lib/python3.11/site-packages/airflow/models/dagbag.py", line 351, in parse
    loader.exec_module(new_module)
  File "<frozen importlib._bootstrap_external>", line 940, in exec_module
  File "<frozen importlib._bootstrap>", line 241, in _call_with_frames_removed
  File "/opt/airflow/dags/financial_pipeline_dag.py", line 115, in <module>
    dbt_stg_overview = make_dbt_group("dbt_stg_overview", "stg_overview")
                       ^^^^^^^^^^^^^^^^^^^^^^^^^^^^^^^^^^^^^^^^^^^^^^^^^^
  File "/opt/airflow/dags/financial_pipeline_dag.py", line 102, in make_dbt_group
    return DbtTaskGroup(
           ^^^^^^^^^^^^^
  File "/home/airflow/.local/lib/python3.11/site-packages/cosmos/airflow/task_group.py", line 28, in __init__
    DbtToAirflowConverter.__init__(self, *args, **specific_kwargs(**kwargs))
  File "/home/airflow/.local/lib/python3.11/site-packages/cosmos/converter.py", line 261, in __init__
    self.dbt_graph.load(method=render_config.load_method, execution_mode=execution_config.execution_mode)
  File "/home/airflow/.local/lib/python3.11/site-packages/cosmos/dbt/graph.py", line 440, in load
    load_method[method]()
  File "/home/airflow/.local/lib/python3.11/site-packages/cosmos/dbt/graph.py", line 748, in load_from_dbt_manifest
    config=node_dict["config"],
           ~~~~~~~~~^^^^^^^^^^
KeyError: 'config'
[2026-09-08T00:19:05.381+0000] {processor.py:842} WARNING - No viable dags retrieved from /opt/airflow/dags/financial_pipeline_dag.py
[2026-09-08T00:19:05.400+0000] {processor.py:183} INFO - Processing /opt/airflow/dags/financial_pipeline_dag.py took 0.212 seconds
[2026-09-08T00:19:19.835+0000] {processor.py:161} INFO - Started process (PID=180) to work on /opt/airflow/dags/financial_pipeline_dag.py
[2026-09-08T00:19:19.836+0000] {processor.py:830} INFO - Processing file /opt/airflow/dags/financial_pipeline_dag.py for tasks to queue
[2026-09-08T00:19:19.838+0000] {logging_mixin.py:188} INFO - [2026-09-08T00:19:19.838+0000] {dagbag.py:545} INFO - Filling up the DagBag from /opt/airflow/dags/financial_pipeline_dag.py
[2026-09-08T00:19:20.015+0000] {logging_mixin.py:188} INFO - [2026-09-08T00:19:20.015+0000] {graph.py:719} INFO - Trying to parse the dbt project `transformations` using a dbt manifest...
[2026-09-08T00:19:20.042+0000] {logging_mixin.py:188} INFO - [2026-09-08T00:19:20.035+0000] {dagbag.py:355} ERROR - Failed to import: /opt/airflow/dags/financial_pipeline_dag.py
Traceback (most recent call last):
  File "/home/airflow/.local/lib/python3.11/site-packages/airflow/models/dagbag.py", line 351, in parse
    loader.exec_module(new_module)
  File "<frozen importlib._bootstrap_external>", line 940, in exec_module
  File "<frozen importlib._bootstrap>", line 241, in _call_with_frames_removed
  File "/opt/airflow/dags/financial_pipeline_dag.py", line 115, in <module>
    dbt_stg_overview = make_dbt_group("dbt_stg_overview", "stg_overview")
                       ^^^^^^^^^^^^^^^^^^^^^^^^^^^^^^^^^^^^^^^^^^^^^^^^^^
  File "/opt/airflow/dags/financial_pipeline_dag.py", line 102, in make_dbt_group
    return DbtTaskGroup(
           ^^^^^^^^^^^^^
  File "/home/airflow/.local/lib/python3.11/site-packages/cosmos/airflow/task_group.py", line 28, in __init__
    DbtToAirflowConverter.__init__(self, *args, **specific_kwargs(**kwargs))
  File "/home/airflow/.local/lib/python3.11/site-packages/cosmos/converter.py", line 261, in __init__
    self.dbt_graph.load(method=render_config.load_method, execution_mode=execution_config.execution_mode)
  File "/home/airflow/.local/lib/python3.11/site-packages/cosmos/dbt/graph.py", line 440, in load
    load_method[method]()
  File "/home/airflow/.local/lib/python3.11/site-packages/cosmos/dbt/graph.py", line 748, in load_from_dbt_manifest
    config=node_dict["config"],
           ~~~~~~~~~^^^^^^^^^^
KeyError: 'config'
[2026-09-08T00:19:20.044+0000] {processor.py:842} WARNING - No viable dags retrieved from /opt/airflow/dags/financial_pipeline_dag.py
[2026-09-08T00:19:20.068+0000] {processor.py:183} INFO - Processing /opt/airflow/dags/financial_pipeline_dag.py took 0.244 seconds
[2026-09-08T00:19:34.420+0000] {processor.py:161} INFO - Started process (PID=180) to work on /opt/airflow/dags/financial_pipeline_dag.py
[2026-09-08T00:19:34.420+0000] {processor.py:830} INFO - Processing file /opt/airflow/dags/financial_pipeline_dag.py for tasks to queue
[2026-09-08T00:19:34.423+0000] {logging_mixin.py:188} INFO - [2026-09-08T00:19:34.422+0000] {dagbag.py:545} INFO - Filling up the DagBag from /opt/airflow/dags/financial_pipeline_dag.py
[2026-09-08T00:19:34.567+0000] {logging_mixin.py:188} INFO - [2026-09-08T00:19:34.567+0000] {graph.py:719} INFO - Trying to parse the dbt project `transformations` using a dbt manifest...
[2026-09-08T00:19:34.587+0000] {logging_mixin.py:188} INFO - [2026-09-08T00:19:34.583+0000] {dagbag.py:355} ERROR - Failed to import: /opt/airflow/dags/financial_pipeline_dag.py
Traceback (most recent call last):
  File "/home/airflow/.local/lib/python3.11/site-packages/airflow/models/dagbag.py", line 351, in parse
    loader.exec_module(new_module)
  File "<frozen importlib._bootstrap_external>", line 940, in exec_module
  File "<frozen importlib._bootstrap>", line 241, in _call_with_frames_removed
  File "/opt/airflow/dags/financial_pipeline_dag.py", line 115, in <module>
    dbt_stg_overview = make_dbt_group("dbt_stg_overview", "stg_overview")
                       ^^^^^^^^^^^^^^^^^^^^^^^^^^^^^^^^^^^^^^^^^^^^^^^^^^
  File "/opt/airflow/dags/financial_pipeline_dag.py", line 102, in make_dbt_group
    return DbtTaskGroup(
           ^^^^^^^^^^^^^
  File "/home/airflow/.local/lib/python3.11/site-packages/cosmos/airflow/task_group.py", line 28, in __init__
    DbtToAirflowConverter.__init__(self, *args, **specific_kwargs(**kwargs))
  File "/home/airflow/.local/lib/python3.11/site-packages/cosmos/converter.py", line 261, in __init__
    self.dbt_graph.load(method=render_config.load_method, execution_mode=execution_config.execution_mode)
  File "/home/airflow/.local/lib/python3.11/site-packages/cosmos/dbt/graph.py", line 440, in load
    load_method[method]()
  File "/home/airflow/.local/lib/python3.11/site-packages/cosmos/dbt/graph.py", line 748, in load_from_dbt_manifest
    config=node_dict["config"],
           ~~~~~~~~~^^^^^^^^^^
KeyError: 'config'
[2026-09-08T00:19:34.588+0000] {processor.py:842} WARNING - No viable dags retrieved from /opt/airflow/dags/financial_pipeline_dag.py
[2026-09-08T00:19:34.608+0000] {processor.py:183} INFO - Processing /opt/airflow/dags/financial_pipeline_dag.py took 0.194 seconds
[2026-09-08T00:19:48.915+0000] {processor.py:161} INFO - Started process (PID=192) to work on /opt/airflow/dags/financial_pipeline_dag.py
[2026-09-08T00:19:48.916+0000] {processor.py:830} INFO - Processing file /opt/airflow/dags/financial_pipeline_dag.py for tasks to queue
[2026-09-08T00:19:48.924+0000] {logging_mixin.py:188} INFO - [2026-09-08T00:19:48.923+0000] {dagbag.py:545} INFO - Filling up the DagBag from /opt/airflow/dags/financial_pipeline_dag.py
[2026-09-08T00:19:49.038+0000] {logging_mixin.py:188} INFO - [2026-09-08T00:19:49.037+0000] {graph.py:719} INFO - Trying to parse the dbt project `transformations` using a dbt manifest...
[2026-09-08T00:19:49.060+0000] {logging_mixin.py:188} INFO - [2026-09-08T00:19:49.056+0000] {dagbag.py:355} ERROR - Failed to import: /opt/airflow/dags/financial_pipeline_dag.py
Traceback (most recent call last):
  File "/home/airflow/.local/lib/python3.11/site-packages/airflow/models/dagbag.py", line 351, in parse
    loader.exec_module(new_module)
  File "<frozen importlib._bootstrap_external>", line 940, in exec_module
  File "<frozen importlib._bootstrap>", line 241, in _call_with_frames_removed
  File "/opt/airflow/dags/financial_pipeline_dag.py", line 115, in <module>
    dbt_stg_overview = make_dbt_group("dbt_stg_overview", "stg_overview")
                       ^^^^^^^^^^^^^^^^^^^^^^^^^^^^^^^^^^^^^^^^^^^^^^^^^^
  File "/opt/airflow/dags/financial_pipeline_dag.py", line 102, in make_dbt_group
    return DbtTaskGroup(
           ^^^^^^^^^^^^^
  File "/home/airflow/.local/lib/python3.11/site-packages/cosmos/airflow/task_group.py", line 28, in __init__
    DbtToAirflowConverter.__init__(self, *args, **specific_kwargs(**kwargs))
  File "/home/airflow/.local/lib/python3.11/site-packages/cosmos/converter.py", line 261, in __init__
    self.dbt_graph.load(method=render_config.load_method, execution_mode=execution_config.execution_mode)
  File "/home/airflow/.local/lib/python3.11/site-packages/cosmos/dbt/graph.py", line 440, in load
    load_method[method]()
  File "/home/airflow/.local/lib/python3.11/site-packages/cosmos/dbt/graph.py", line 748, in load_from_dbt_manifest
    config=node_dict["config"],
           ~~~~~~~~~^^^^^^^^^^
KeyError: 'config'
[2026-09-08T00:19:49.061+0000] {processor.py:842} WARNING - No viable dags retrieved from /opt/airflow/dags/financial_pipeline_dag.py
[2026-09-08T00:19:49.083+0000] {processor.py:183} INFO - Processing /opt/airflow/dags/financial_pipeline_dag.py took 0.173 seconds
[2026-09-08T00:20:03.927+0000] {processor.py:161} INFO - Started process (PID=180) to work on /opt/airflow/dags/financial_pipeline_dag.py
[2026-09-08T00:20:03.928+0000] {processor.py:830} INFO - Processing file /opt/airflow/dags/financial_pipeline_dag.py for tasks to queue
[2026-09-08T00:20:03.930+0000] {logging_mixin.py:188} INFO - [2026-09-08T00:20:03.930+0000] {dagbag.py:545} INFO - Filling up the DagBag from /opt/airflow/dags/financial_pipeline_dag.py
[2026-09-08T00:20:04.082+0000] {logging_mixin.py:188} INFO - [2026-09-08T00:20:04.082+0000] {graph.py:719} INFO - Trying to parse the dbt project `transformations` using a dbt manifest...
[2026-09-08T00:20:04.104+0000] {logging_mixin.py:188} INFO - [2026-09-08T00:20:04.100+0000] {dagbag.py:355} ERROR - Failed to import: /opt/airflow/dags/financial_pipeline_dag.py
Traceback (most recent call last):
  File "/home/airflow/.local/lib/python3.11/site-packages/airflow/models/dagbag.py", line 351, in parse
    loader.exec_module(new_module)
  File "<frozen importlib._bootstrap_external>", line 940, in exec_module
  File "<frozen importlib._bootstrap>", line 241, in _call_with_frames_removed
  File "/opt/airflow/dags/financial_pipeline_dag.py", line 115, in <module>
    dbt_stg_overview = make_dbt_group("dbt_stg_overview", "stg_overview")
                       ^^^^^^^^^^^^^^^^^^^^^^^^^^^^^^^^^^^^^^^^^^^^^^^^^^
  File "/opt/airflow/dags/financial_pipeline_dag.py", line 102, in make_dbt_group
    return DbtTaskGroup(
           ^^^^^^^^^^^^^
  File "/home/airflow/.local/lib/python3.11/site-packages/cosmos/airflow/task_group.py", line 28, in __init__
    DbtToAirflowConverter.__init__(self, *args, **specific_kwargs(**kwargs))
  File "/home/airflow/.local/lib/python3.11/site-packages/cosmos/converter.py", line 261, in __init__
    self.dbt_graph.load(method=render_config.load_method, execution_mode=execution_config.execution_mode)
  File "/home/airflow/.local/lib/python3.11/site-packages/cosmos/dbt/graph.py", line 440, in load
    load_method[method]()
  File "/home/airflow/.local/lib/python3.11/site-packages/cosmos/dbt/graph.py", line 748, in load_from_dbt_manifest
    config=node_dict["config"],
           ~~~~~~~~~^^^^^^^^^^
KeyError: 'config'
[2026-09-08T00:20:04.106+0000] {processor.py:842} WARNING - No viable dags retrieved from /opt/airflow/dags/financial_pipeline_dag.py
[2026-09-08T00:20:04.131+0000] {processor.py:183} INFO - Processing /opt/airflow/dags/financial_pipeline_dag.py took 0.214 seconds
[2026-09-08T00:20:18.647+0000] {processor.py:161} INFO - Started process (PID=180) to work on /opt/airflow/dags/financial_pipeline_dag.py
[2026-09-08T00:20:18.649+0000] {processor.py:830} INFO - Processing file /opt/airflow/dags/financial_pipeline_dag.py for tasks to queue
[2026-09-08T00:20:18.651+0000] {logging_mixin.py:188} INFO - [2026-09-08T00:20:18.651+0000] {dagbag.py:545} INFO - Filling up the DagBag from /opt/airflow/dags/financial_pipeline_dag.py
[2026-09-08T00:20:18.827+0000] {logging_mixin.py:188} INFO - [2026-09-08T00:20:18.827+0000] {graph.py:719} INFO - Trying to parse the dbt project `transformations` using a dbt manifest...
[2026-09-08T00:20:18.853+0000] {logging_mixin.py:188} INFO - [2026-09-08T00:20:18.848+0000] {dagbag.py:355} ERROR - Failed to import: /opt/airflow/dags/financial_pipeline_dag.py
Traceback (most recent call last):
  File "/home/airflow/.local/lib/python3.11/site-packages/airflow/models/dagbag.py", line 351, in parse
    loader.exec_module(new_module)
  File "<frozen importlib._bootstrap_external>", line 940, in exec_module
  File "<frozen importlib._bootstrap>", line 241, in _call_with_frames_removed
  File "/opt/airflow/dags/financial_pipeline_dag.py", line 115, in <module>
    dbt_stg_overview = make_dbt_group("dbt_stg_overview", "stg_overview")
                       ^^^^^^^^^^^^^^^^^^^^^^^^^^^^^^^^^^^^^^^^^^^^^^^^^^
  File "/opt/airflow/dags/financial_pipeline_dag.py", line 102, in make_dbt_group
    return DbtTaskGroup(
           ^^^^^^^^^^^^^
  File "/home/airflow/.local/lib/python3.11/site-packages/cosmos/airflow/task_group.py", line 28, in __init__
    DbtToAirflowConverter.__init__(self, *args, **specific_kwargs(**kwargs))
  File "/home/airflow/.local/lib/python3.11/site-packages/cosmos/converter.py", line 261, in __init__
    self.dbt_graph.load(method=render_config.load_method, execution_mode=execution_config.execution_mode)
  File "/home/airflow/.local/lib/python3.11/site-packages/cosmos/dbt/graph.py", line 440, in load
    load_method[method]()
  File "/home/airflow/.local/lib/python3.11/site-packages/cosmos/dbt/graph.py", line 748, in load_from_dbt_manifest
    config=node_dict["config"],
           ~~~~~~~~~^^^^^^^^^^
KeyError: 'config'
[2026-09-08T00:20:18.854+0000] {processor.py:842} WARNING - No viable dags retrieved from /opt/airflow/dags/financial_pipeline_dag.py
[2026-09-08T00:20:18.877+0000] {processor.py:183} INFO - Processing /opt/airflow/dags/financial_pipeline_dag.py took 0.239 seconds
[2026-09-08T00:20:32.864+0000] {processor.py:161} INFO - Started process (PID=180) to work on /opt/airflow/dags/financial_pipeline_dag.py
[2026-09-08T00:20:32.865+0000] {processor.py:830} INFO - Processing file /opt/airflow/dags/financial_pipeline_dag.py for tasks to queue
[2026-09-08T00:20:32.867+0000] {logging_mixin.py:188} INFO - [2026-09-08T00:20:32.867+0000] {dagbag.py:545} INFO - Filling up the DagBag from /opt/airflow/dags/financial_pipeline_dag.py
[2026-09-08T00:20:33.010+0000] {logging_mixin.py:188} INFO - [2026-09-08T00:20:33.010+0000] {graph.py:719} INFO - Trying to parse the dbt project `transformations` using a dbt manifest...
[2026-09-08T00:20:33.032+0000] {logging_mixin.py:188} INFO - [2026-09-08T00:20:33.028+0000] {dagbag.py:355} ERROR - Failed to import: /opt/airflow/dags/financial_pipeline_dag.py
Traceback (most recent call last):
  File "/home/airflow/.local/lib/python3.11/site-packages/airflow/models/dagbag.py", line 351, in parse
    loader.exec_module(new_module)
  File "<frozen importlib._bootstrap_external>", line 940, in exec_module
  File "<frozen importlib._bootstrap>", line 241, in _call_with_frames_removed
  File "/opt/airflow/dags/financial_pipeline_dag.py", line 115, in <module>
    dbt_stg_overview = make_dbt_group("dbt_stg_overview", "stg_overview")
                       ^^^^^^^^^^^^^^^^^^^^^^^^^^^^^^^^^^^^^^^^^^^^^^^^^^
  File "/opt/airflow/dags/financial_pipeline_dag.py", line 102, in make_dbt_group
    return DbtTaskGroup(
           ^^^^^^^^^^^^^
  File "/home/airflow/.local/lib/python3.11/site-packages/cosmos/airflow/task_group.py", line 28, in __init__
    DbtToAirflowConverter.__init__(self, *args, **specific_kwargs(**kwargs))
  File "/home/airflow/.local/lib/python3.11/site-packages/cosmos/converter.py", line 261, in __init__
    self.dbt_graph.load(method=render_config.load_method, execution_mode=execution_config.execution_mode)
  File "/home/airflow/.local/lib/python3.11/site-packages/cosmos/dbt/graph.py", line 440, in load
    load_method[method]()
  File "/home/airflow/.local/lib/python3.11/site-packages/cosmos/dbt/graph.py", line 748, in load_from_dbt_manifest
    config=node_dict["config"],
           ~~~~~~~~~^^^^^^^^^^
KeyError: 'config'
[2026-09-08T00:20:33.033+0000] {processor.py:842} WARNING - No viable dags retrieved from /opt/airflow/dags/financial_pipeline_dag.py
[2026-09-08T00:20:33.052+0000] {processor.py:183} INFO - Processing /opt/airflow/dags/financial_pipeline_dag.py took 0.197 seconds
[2026-09-08T00:20:47.407+0000] {processor.py:161} INFO - Started process (PID=180) to work on /opt/airflow/dags/financial_pipeline_dag.py
[2026-09-08T00:20:47.408+0000] {processor.py:830} INFO - Processing file /opt/airflow/dags/financial_pipeline_dag.py for tasks to queue
[2026-09-08T00:20:47.410+0000] {logging_mixin.py:188} INFO - [2026-09-08T00:20:47.409+0000] {dagbag.py:545} INFO - Filling up the DagBag from /opt/airflow/dags/financial_pipeline_dag.py
[2026-09-08T00:20:47.539+0000] {logging_mixin.py:188} INFO - [2026-09-08T00:20:47.539+0000] {graph.py:719} INFO - Trying to parse the dbt project `transformations` using a dbt manifest...
[2026-09-08T00:20:47.558+0000] {logging_mixin.py:188} INFO - [2026-09-08T00:20:47.555+0000] {dagbag.py:355} ERROR - Failed to import: /opt/airflow/dags/financial_pipeline_dag.py
Traceback (most recent call last):
  File "/home/airflow/.local/lib/python3.11/site-packages/airflow/models/dagbag.py", line 351, in parse
    loader.exec_module(new_module)
  File "<frozen importlib._bootstrap_external>", line 940, in exec_module
  File "<frozen importlib._bootstrap>", line 241, in _call_with_frames_removed
  File "/opt/airflow/dags/financial_pipeline_dag.py", line 115, in <module>
    dbt_stg_overview = make_dbt_group("dbt_stg_overview", "stg_overview")
                       ^^^^^^^^^^^^^^^^^^^^^^^^^^^^^^^^^^^^^^^^^^^^^^^^^^
  File "/opt/airflow/dags/financial_pipeline_dag.py", line 102, in make_dbt_group
    return DbtTaskGroup(
           ^^^^^^^^^^^^^
  File "/home/airflow/.local/lib/python3.11/site-packages/cosmos/airflow/task_group.py", line 28, in __init__
    DbtToAirflowConverter.__init__(self, *args, **specific_kwargs(**kwargs))
  File "/home/airflow/.local/lib/python3.11/site-packages/cosmos/converter.py", line 261, in __init__
    self.dbt_graph.load(method=render_config.load_method, execution_mode=execution_config.execution_mode)
  File "/home/airflow/.local/lib/python3.11/site-packages/cosmos/dbt/graph.py", line 440, in load
    load_method[method]()
  File "/home/airflow/.local/lib/python3.11/site-packages/cosmos/dbt/graph.py", line 748, in load_from_dbt_manifest
    config=node_dict["config"],
           ~~~~~~~~~^^^^^^^^^^
KeyError: 'config'
[2026-09-08T00:20:47.560+0000] {processor.py:842} WARNING - No viable dags retrieved from /opt/airflow/dags/financial_pipeline_dag.py
[2026-09-08T00:20:47.579+0000] {processor.py:183} INFO - Processing /opt/airflow/dags/financial_pipeline_dag.py took 0.179 seconds
[2026-09-08T00:21:02.065+0000] {processor.py:161} INFO - Started process (PID=180) to work on /opt/airflow/dags/financial_pipeline_dag.py
[2026-09-08T00:21:02.066+0000] {processor.py:830} INFO - Processing file /opt/airflow/dags/financial_pipeline_dag.py for tasks to queue
[2026-09-08T00:21:02.068+0000] {logging_mixin.py:188} INFO - [2026-09-08T00:21:02.067+0000] {dagbag.py:545} INFO - Filling up the DagBag from /opt/airflow/dags/financial_pipeline_dag.py
[2026-09-08T00:21:02.207+0000] {logging_mixin.py:188} INFO - [2026-09-08T00:21:02.207+0000] {graph.py:719} INFO - Trying to parse the dbt project `transformations` using a dbt manifest...
[2026-09-08T00:21:02.228+0000] {logging_mixin.py:188} INFO - [2026-09-08T00:21:02.225+0000] {dagbag.py:355} ERROR - Failed to import: /opt/airflow/dags/financial_pipeline_dag.py
Traceback (most recent call last):
  File "/home/airflow/.local/lib/python3.11/site-packages/airflow/models/dagbag.py", line 351, in parse
    loader.exec_module(new_module)
  File "<frozen importlib._bootstrap_external>", line 940, in exec_module
  File "<frozen importlib._bootstrap>", line 241, in _call_with_frames_removed
  File "/opt/airflow/dags/financial_pipeline_dag.py", line 115, in <module>
    dbt_stg_overview = make_dbt_group("dbt_stg_overview", "stg_overview")
                       ^^^^^^^^^^^^^^^^^^^^^^^^^^^^^^^^^^^^^^^^^^^^^^^^^^
  File "/opt/airflow/dags/financial_pipeline_dag.py", line 102, in make_dbt_group
    return DbtTaskGroup(
           ^^^^^^^^^^^^^
  File "/home/airflow/.local/lib/python3.11/site-packages/cosmos/airflow/task_group.py", line 28, in __init__
    DbtToAirflowConverter.__init__(self, *args, **specific_kwargs(**kwargs))
  File "/home/airflow/.local/lib/python3.11/site-packages/cosmos/converter.py", line 261, in __init__
    self.dbt_graph.load(method=render_config.load_method, execution_mode=execution_config.execution_mode)
  File "/home/airflow/.local/lib/python3.11/site-packages/cosmos/dbt/graph.py", line 440, in load
    load_method[method]()
  File "/home/airflow/.local/lib/python3.11/site-packages/cosmos/dbt/graph.py", line 748, in load_from_dbt_manifest
    config=node_dict["config"],
           ~~~~~~~~~^^^^^^^^^^
KeyError: 'config'
[2026-09-08T00:21:02.230+0000] {processor.py:842} WARNING - No viable dags retrieved from /opt/airflow/dags/financial_pipeline_dag.py
[2026-09-08T00:21:02.249+0000] {processor.py:183} INFO - Processing /opt/airflow/dags/financial_pipeline_dag.py took 0.192 seconds
[2026-09-08T00:21:17.052+0000] {processor.py:161} INFO - Started process (PID=180) to work on /opt/airflow/dags/financial_pipeline_dag.py
[2026-09-08T00:21:17.054+0000] {processor.py:830} INFO - Processing file /opt/airflow/dags/financial_pipeline_dag.py for tasks to queue
[2026-09-08T00:21:17.057+0000] {logging_mixin.py:188} INFO - [2026-09-08T00:21:17.056+0000] {dagbag.py:545} INFO - Filling up the DagBag from /opt/airflow/dags/financial_pipeline_dag.py
[2026-09-08T00:21:17.238+0000] {logging_mixin.py:188} INFO - [2026-09-08T00:21:17.238+0000] {graph.py:719} INFO - Trying to parse the dbt project `transformations` using a dbt manifest...
[2026-09-08T00:21:17.261+0000] {logging_mixin.py:188} INFO - [2026-09-08T00:21:17.257+0000] {dagbag.py:355} ERROR - Failed to import: /opt/airflow/dags/financial_pipeline_dag.py
Traceback (most recent call last):
  File "/home/airflow/.local/lib/python3.11/site-packages/airflow/models/dagbag.py", line 351, in parse
    loader.exec_module(new_module)
  File "<frozen importlib._bootstrap_external>", line 940, in exec_module
  File "<frozen importlib._bootstrap>", line 241, in _call_with_frames_removed
  File "/opt/airflow/dags/financial_pipeline_dag.py", line 115, in <module>
    dbt_stg_overview = make_dbt_group("dbt_stg_overview", "stg_overview")
                       ^^^^^^^^^^^^^^^^^^^^^^^^^^^^^^^^^^^^^^^^^^^^^^^^^^
  File "/opt/airflow/dags/financial_pipeline_dag.py", line 102, in make_dbt_group
    return DbtTaskGroup(
           ^^^^^^^^^^^^^
  File "/home/airflow/.local/lib/python3.11/site-packages/cosmos/airflow/task_group.py", line 28, in __init__
    DbtToAirflowConverter.__init__(self, *args, **specific_kwargs(**kwargs))
  File "/home/airflow/.local/lib/python3.11/site-packages/cosmos/converter.py", line 261, in __init__
    self.dbt_graph.load(method=render_config.load_method, execution_mode=execution_config.execution_mode)
  File "/home/airflow/.local/lib/python3.11/site-packages/cosmos/dbt/graph.py", line 440, in load
    load_method[method]()
  File "/home/airflow/.local/lib/python3.11/site-packages/cosmos/dbt/graph.py", line 748, in load_from_dbt_manifest
    config=node_dict["config"],
           ~~~~~~~~~^^^^^^^^^^
KeyError: 'config'
[2026-09-08T00:21:17.262+0000] {processor.py:842} WARNING - No viable dags retrieved from /opt/airflow/dags/financial_pipeline_dag.py
[2026-09-08T00:21:17.283+0000] {processor.py:183} INFO - Processing /opt/airflow/dags/financial_pipeline_dag.py took 0.241 seconds
[2026-09-08T00:21:31.617+0000] {processor.py:161} INFO - Started process (PID=180) to work on /opt/airflow/dags/financial_pipeline_dag.py
[2026-09-08T00:21:31.618+0000] {processor.py:830} INFO - Processing file /opt/airflow/dags/financial_pipeline_dag.py for tasks to queue
[2026-09-08T00:21:31.620+0000] {logging_mixin.py:188} INFO - [2026-09-08T00:21:31.620+0000] {dagbag.py:545} INFO - Filling up the DagBag from /opt/airflow/dags/financial_pipeline_dag.py
[2026-09-08T00:21:31.761+0000] {logging_mixin.py:188} INFO - [2026-09-08T00:21:31.761+0000] {graph.py:719} INFO - Trying to parse the dbt project `transformations` using a dbt manifest...
[2026-09-08T00:21:31.782+0000] {logging_mixin.py:188} INFO - [2026-09-08T00:21:31.778+0000] {dagbag.py:355} ERROR - Failed to import: /opt/airflow/dags/financial_pipeline_dag.py
Traceback (most recent call last):
  File "/home/airflow/.local/lib/python3.11/site-packages/airflow/models/dagbag.py", line 351, in parse
    loader.exec_module(new_module)
  File "<frozen importlib._bootstrap_external>", line 940, in exec_module
  File "<frozen importlib._bootstrap>", line 241, in _call_with_frames_removed
  File "/opt/airflow/dags/financial_pipeline_dag.py", line 115, in <module>
    dbt_stg_overview = make_dbt_group("dbt_stg_overview", "stg_overview")
                       ^^^^^^^^^^^^^^^^^^^^^^^^^^^^^^^^^^^^^^^^^^^^^^^^^^
  File "/opt/airflow/dags/financial_pipeline_dag.py", line 102, in make_dbt_group
    return DbtTaskGroup(
           ^^^^^^^^^^^^^
  File "/home/airflow/.local/lib/python3.11/site-packages/cosmos/airflow/task_group.py", line 28, in __init__
    DbtToAirflowConverter.__init__(self, *args, **specific_kwargs(**kwargs))
  File "/home/airflow/.local/lib/python3.11/site-packages/cosmos/converter.py", line 261, in __init__
    self.dbt_graph.load(method=render_config.load_method, execution_mode=execution_config.execution_mode)
  File "/home/airflow/.local/lib/python3.11/site-packages/cosmos/dbt/graph.py", line 440, in load
    load_method[method]()
  File "/home/airflow/.local/lib/python3.11/site-packages/cosmos/dbt/graph.py", line 748, in load_from_dbt_manifest
    config=node_dict["config"],
           ~~~~~~~~~^^^^^^^^^^
KeyError: 'config'
[2026-09-08T00:21:31.783+0000] {processor.py:842} WARNING - No viable dags retrieved from /opt/airflow/dags/financial_pipeline_dag.py
[2026-09-08T00:21:31.803+0000] {processor.py:183} INFO - Processing /opt/airflow/dags/financial_pipeline_dag.py took 0.196 seconds
[2026-09-08T00:21:46.004+0000] {processor.py:161} INFO - Started process (PID=180) to work on /opt/airflow/dags/financial_pipeline_dag.py
[2026-09-08T00:21:46.005+0000] {processor.py:830} INFO - Processing file /opt/airflow/dags/financial_pipeline_dag.py for tasks to queue
[2026-09-08T00:21:46.008+0000] {logging_mixin.py:188} INFO - [2026-09-08T00:21:46.007+0000] {dagbag.py:545} INFO - Filling up the DagBag from /opt/airflow/dags/financial_pipeline_dag.py
[2026-09-08T00:21:46.151+0000] {logging_mixin.py:188} INFO - [2026-09-08T00:21:46.151+0000] {graph.py:719} INFO - Trying to parse the dbt project `transformations` using a dbt manifest...
[2026-09-08T00:21:46.176+0000] {logging_mixin.py:188} INFO - [2026-09-08T00:21:46.172+0000] {dagbag.py:355} ERROR - Failed to import: /opt/airflow/dags/financial_pipeline_dag.py
Traceback (most recent call last):
  File "/home/airflow/.local/lib/python3.11/site-packages/airflow/models/dagbag.py", line 351, in parse
    loader.exec_module(new_module)
  File "<frozen importlib._bootstrap_external>", line 940, in exec_module
  File "<frozen importlib._bootstrap>", line 241, in _call_with_frames_removed
  File "/opt/airflow/dags/financial_pipeline_dag.py", line 115, in <module>
    dbt_stg_overview = make_dbt_group("dbt_stg_overview", "stg_overview")
                       ^^^^^^^^^^^^^^^^^^^^^^^^^^^^^^^^^^^^^^^^^^^^^^^^^^
  File "/opt/airflow/dags/financial_pipeline_dag.py", line 102, in make_dbt_group
    return DbtTaskGroup(
           ^^^^^^^^^^^^^
  File "/home/airflow/.local/lib/python3.11/site-packages/cosmos/airflow/task_group.py", line 28, in __init__
    DbtToAirflowConverter.__init__(self, *args, **specific_kwargs(**kwargs))
  File "/home/airflow/.local/lib/python3.11/site-packages/cosmos/converter.py", line 261, in __init__
    self.dbt_graph.load(method=render_config.load_method, execution_mode=execution_config.execution_mode)
  File "/home/airflow/.local/lib/python3.11/site-packages/cosmos/dbt/graph.py", line 440, in load
    load_method[method]()
  File "/home/airflow/.local/lib/python3.11/site-packages/cosmos/dbt/graph.py", line 748, in load_from_dbt_manifest
    config=node_dict["config"],
           ~~~~~~~~~^^^^^^^^^^
KeyError: 'config'
[2026-09-08T00:21:46.178+0000] {processor.py:842} WARNING - No viable dags retrieved from /opt/airflow/dags/financial_pipeline_dag.py
[2026-09-08T00:21:46.200+0000] {processor.py:183} INFO - Processing /opt/airflow/dags/financial_pipeline_dag.py took 0.206 seconds
[2026-09-08T00:22:00.600+0000] {processor.py:161} INFO - Started process (PID=180) to work on /opt/airflow/dags/financial_pipeline_dag.py
[2026-09-08T00:22:00.602+0000] {processor.py:830} INFO - Processing file /opt/airflow/dags/financial_pipeline_dag.py for tasks to queue
[2026-09-08T00:22:00.604+0000] {logging_mixin.py:188} INFO - [2026-09-08T00:22:00.604+0000] {dagbag.py:545} INFO - Filling up the DagBag from /opt/airflow/dags/financial_pipeline_dag.py
[2026-09-08T00:22:00.756+0000] {logging_mixin.py:188} INFO - [2026-09-08T00:22:00.755+0000] {graph.py:719} INFO - Trying to parse the dbt project `transformations` using a dbt manifest...
[2026-09-08T00:22:00.778+0000] {logging_mixin.py:188} INFO - [2026-09-08T00:22:00.774+0000] {dagbag.py:355} ERROR - Failed to import: /opt/airflow/dags/financial_pipeline_dag.py
Traceback (most recent call last):
  File "/home/airflow/.local/lib/python3.11/site-packages/airflow/models/dagbag.py", line 351, in parse
    loader.exec_module(new_module)
  File "<frozen importlib._bootstrap_external>", line 940, in exec_module
  File "<frozen importlib._bootstrap>", line 241, in _call_with_frames_removed
  File "/opt/airflow/dags/financial_pipeline_dag.py", line 115, in <module>
    dbt_stg_overview = make_dbt_group("dbt_stg_overview", "stg_overview")
                       ^^^^^^^^^^^^^^^^^^^^^^^^^^^^^^^^^^^^^^^^^^^^^^^^^^
  File "/opt/airflow/dags/financial_pipeline_dag.py", line 102, in make_dbt_group
    return DbtTaskGroup(
           ^^^^^^^^^^^^^
  File "/home/airflow/.local/lib/python3.11/site-packages/cosmos/airflow/task_group.py", line 28, in __init__
    DbtToAirflowConverter.__init__(self, *args, **specific_kwargs(**kwargs))
  File "/home/airflow/.local/lib/python3.11/site-packages/cosmos/converter.py", line 261, in __init__
    self.dbt_graph.load(method=render_config.load_method, execution_mode=execution_config.execution_mode)
  File "/home/airflow/.local/lib/python3.11/site-packages/cosmos/dbt/graph.py", line 440, in load
    load_method[method]()
  File "/home/airflow/.local/lib/python3.11/site-packages/cosmos/dbt/graph.py", line 748, in load_from_dbt_manifest
    config=node_dict["config"],
           ~~~~~~~~~^^^^^^^^^^
KeyError: 'config'
[2026-09-08T00:22:00.779+0000] {processor.py:842} WARNING - No viable dags retrieved from /opt/airflow/dags/financial_pipeline_dag.py
[2026-09-08T00:22:00.800+0000] {processor.py:183} INFO - Processing /opt/airflow/dags/financial_pipeline_dag.py took 0.208 seconds
[2026-09-08T00:22:15.692+0000] {processor.py:161} INFO - Started process (PID=180) to work on /opt/airflow/dags/financial_pipeline_dag.py
[2026-09-08T00:22:15.693+0000] {processor.py:830} INFO - Processing file /opt/airflow/dags/financial_pipeline_dag.py for tasks to queue
[2026-09-08T00:22:15.696+0000] {logging_mixin.py:188} INFO - [2026-09-08T00:22:15.695+0000] {dagbag.py:545} INFO - Filling up the DagBag from /opt/airflow/dags/financial_pipeline_dag.py
[2026-09-08T00:22:15.828+0000] {logging_mixin.py:188} INFO - [2026-09-08T00:22:15.828+0000] {graph.py:719} INFO - Trying to parse the dbt project `transformations` using a dbt manifest...
[2026-09-08T00:22:15.850+0000] {logging_mixin.py:188} INFO - [2026-09-08T00:22:15.845+0000] {dagbag.py:355} ERROR - Failed to import: /opt/airflow/dags/financial_pipeline_dag.py
Traceback (most recent call last):
  File "/home/airflow/.local/lib/python3.11/site-packages/airflow/models/dagbag.py", line 351, in parse
    loader.exec_module(new_module)
  File "<frozen importlib._bootstrap_external>", line 940, in exec_module
  File "<frozen importlib._bootstrap>", line 241, in _call_with_frames_removed
  File "/opt/airflow/dags/financial_pipeline_dag.py", line 115, in <module>
    dbt_stg_overview = make_dbt_group("dbt_stg_overview", "stg_overview")
                       ^^^^^^^^^^^^^^^^^^^^^^^^^^^^^^^^^^^^^^^^^^^^^^^^^^
  File "/opt/airflow/dags/financial_pipeline_dag.py", line 102, in make_dbt_group
    return DbtTaskGroup(
           ^^^^^^^^^^^^^
  File "/home/airflow/.local/lib/python3.11/site-packages/cosmos/airflow/task_group.py", line 28, in __init__
    DbtToAirflowConverter.__init__(self, *args, **specific_kwargs(**kwargs))
  File "/home/airflow/.local/lib/python3.11/site-packages/cosmos/converter.py", line 261, in __init__
    self.dbt_graph.load(method=render_config.load_method, execution_mode=execution_config.execution_mode)
  File "/home/airflow/.local/lib/python3.11/site-packages/cosmos/dbt/graph.py", line 440, in load
    load_method[method]()
  File "/home/airflow/.local/lib/python3.11/site-packages/cosmos/dbt/graph.py", line 748, in load_from_dbt_manifest
    config=node_dict["config"],
           ~~~~~~~~~^^^^^^^^^^
KeyError: 'config'
[2026-09-08T00:22:15.852+0000] {processor.py:842} WARNING - No viable dags retrieved from /opt/airflow/dags/financial_pipeline_dag.py
[2026-09-08T00:22:15.871+0000] {processor.py:183} INFO - Processing /opt/airflow/dags/financial_pipeline_dag.py took 0.188 seconds
[2026-09-08T00:22:30.493+0000] {processor.py:161} INFO - Started process (PID=180) to work on /opt/airflow/dags/financial_pipeline_dag.py
[2026-09-08T00:22:30.494+0000] {processor.py:830} INFO - Processing file /opt/airflow/dags/financial_pipeline_dag.py for tasks to queue
[2026-09-08T00:22:30.497+0000] {logging_mixin.py:188} INFO - [2026-09-08T00:22:30.496+0000] {dagbag.py:545} INFO - Filling up the DagBag from /opt/airflow/dags/financial_pipeline_dag.py
[2026-09-08T00:22:30.674+0000] {logging_mixin.py:188} INFO - [2026-09-08T00:22:30.674+0000] {graph.py:719} INFO - Trying to parse the dbt project `transformations` using a dbt manifest...
[2026-09-08T00:22:30.698+0000] {logging_mixin.py:188} INFO - [2026-09-08T00:22:30.694+0000] {dagbag.py:355} ERROR - Failed to import: /opt/airflow/dags/financial_pipeline_dag.py
Traceback (most recent call last):
  File "/home/airflow/.local/lib/python3.11/site-packages/airflow/models/dagbag.py", line 351, in parse
    loader.exec_module(new_module)
  File "<frozen importlib._bootstrap_external>", line 940, in exec_module
  File "<frozen importlib._bootstrap>", line 241, in _call_with_frames_removed
  File "/opt/airflow/dags/financial_pipeline_dag.py", line 115, in <module>
    dbt_stg_overview = make_dbt_group("dbt_stg_overview", "stg_overview")
                       ^^^^^^^^^^^^^^^^^^^^^^^^^^^^^^^^^^^^^^^^^^^^^^^^^^
  File "/opt/airflow/dags/financial_pipeline_dag.py", line 102, in make_dbt_group
    return DbtTaskGroup(
           ^^^^^^^^^^^^^
  File "/home/airflow/.local/lib/python3.11/site-packages/cosmos/airflow/task_group.py", line 28, in __init__
    DbtToAirflowConverter.__init__(self, *args, **specific_kwargs(**kwargs))
  File "/home/airflow/.local/lib/python3.11/site-packages/cosmos/converter.py", line 261, in __init__
    self.dbt_graph.load(method=render_config.load_method, execution_mode=execution_config.execution_mode)
  File "/home/airflow/.local/lib/python3.11/site-packages/cosmos/dbt/graph.py", line 440, in load
    load_method[method]()
  File "/home/airflow/.local/lib/python3.11/site-packages/cosmos/dbt/graph.py", line 748, in load_from_dbt_manifest
    config=node_dict["config"],
           ~~~~~~~~~^^^^^^^^^^
KeyError: 'config'
[2026-09-08T00:22:30.700+0000] {processor.py:842} WARNING - No viable dags retrieved from /opt/airflow/dags/financial_pipeline_dag.py
[2026-09-08T00:22:30.727+0000] {processor.py:183} INFO - Processing /opt/airflow/dags/financial_pipeline_dag.py took 0.247 seconds
[2026-09-08T00:22:44.811+0000] {processor.py:161} INFO - Started process (PID=181) to work on /opt/airflow/dags/financial_pipeline_dag.py
[2026-09-08T00:22:44.812+0000] {processor.py:830} INFO - Processing file /opt/airflow/dags/financial_pipeline_dag.py for tasks to queue
[2026-09-08T00:22:44.814+0000] {logging_mixin.py:188} INFO - [2026-09-08T00:22:44.814+0000] {dagbag.py:545} INFO - Filling up the DagBag from /opt/airflow/dags/financial_pipeline_dag.py
[2026-09-08T00:22:44.944+0000] {logging_mixin.py:188} INFO - [2026-09-08T00:22:44.943+0000] {graph.py:719} INFO - Trying to parse the dbt project `transformations` using a dbt manifest...
[2026-09-08T00:22:44.964+0000] {logging_mixin.py:188} INFO - [2026-09-08T00:22:44.960+0000] {dagbag.py:355} ERROR - Failed to import: /opt/airflow/dags/financial_pipeline_dag.py
Traceback (most recent call last):
  File "/home/airflow/.local/lib/python3.11/site-packages/airflow/models/dagbag.py", line 351, in parse
    loader.exec_module(new_module)
  File "<frozen importlib._bootstrap_external>", line 940, in exec_module
  File "<frozen importlib._bootstrap>", line 241, in _call_with_frames_removed
  File "/opt/airflow/dags/financial_pipeline_dag.py", line 115, in <module>
    dbt_stg_overview = make_dbt_group("dbt_stg_overview", "stg_overview")
                       ^^^^^^^^^^^^^^^^^^^^^^^^^^^^^^^^^^^^^^^^^^^^^^^^^^
  File "/opt/airflow/dags/financial_pipeline_dag.py", line 102, in make_dbt_group
    return DbtTaskGroup(
           ^^^^^^^^^^^^^
  File "/home/airflow/.local/lib/python3.11/site-packages/cosmos/airflow/task_group.py", line 28, in __init__
    DbtToAirflowConverter.__init__(self, *args, **specific_kwargs(**kwargs))
  File "/home/airflow/.local/lib/python3.11/site-packages/cosmos/converter.py", line 261, in __init__
    self.dbt_graph.load(method=render_config.load_method, execution_mode=execution_config.execution_mode)
  File "/home/airflow/.local/lib/python3.11/site-packages/cosmos/dbt/graph.py", line 440, in load
    load_method[method]()
  File "/home/airflow/.local/lib/python3.11/site-packages/cosmos/dbt/graph.py", line 748, in load_from_dbt_manifest
    config=node_dict["config"],
           ~~~~~~~~~^^^^^^^^^^
KeyError: 'config'
[2026-09-08T00:22:44.965+0000] {processor.py:842} WARNING - No viable dags retrieved from /opt/airflow/dags/financial_pipeline_dag.py
[2026-09-08T00:22:44.984+0000] {processor.py:183} INFO - Processing /opt/airflow/dags/financial_pipeline_dag.py took 0.182 seconds
[2026-09-08T00:22:59.490+0000] {processor.py:161} INFO - Started process (PID=180) to work on /opt/airflow/dags/financial_pipeline_dag.py
[2026-09-08T00:22:59.491+0000] {processor.py:830} INFO - Processing file /opt/airflow/dags/financial_pipeline_dag.py for tasks to queue
[2026-09-08T00:22:59.493+0000] {logging_mixin.py:188} INFO - [2026-09-08T00:22:59.493+0000] {dagbag.py:545} INFO - Filling up the DagBag from /opt/airflow/dags/financial_pipeline_dag.py
[2026-09-08T00:22:59.628+0000] {logging_mixin.py:188} INFO - [2026-09-08T00:22:59.627+0000] {graph.py:719} INFO - Trying to parse the dbt project `transformations` using a dbt manifest...
[2026-09-08T00:22:59.648+0000] {logging_mixin.py:188} INFO - [2026-09-08T00:22:59.644+0000] {dagbag.py:355} ERROR - Failed to import: /opt/airflow/dags/financial_pipeline_dag.py
Traceback (most recent call last):
  File "/home/airflow/.local/lib/python3.11/site-packages/airflow/models/dagbag.py", line 351, in parse
    loader.exec_module(new_module)
  File "<frozen importlib._bootstrap_external>", line 940, in exec_module
  File "<frozen importlib._bootstrap>", line 241, in _call_with_frames_removed
  File "/opt/airflow/dags/financial_pipeline_dag.py", line 115, in <module>
    dbt_stg_overview = make_dbt_group("dbt_stg_overview", "stg_overview")
                       ^^^^^^^^^^^^^^^^^^^^^^^^^^^^^^^^^^^^^^^^^^^^^^^^^^
  File "/opt/airflow/dags/financial_pipeline_dag.py", line 102, in make_dbt_group
    return DbtTaskGroup(
           ^^^^^^^^^^^^^
  File "/home/airflow/.local/lib/python3.11/site-packages/cosmos/airflow/task_group.py", line 28, in __init__
    DbtToAirflowConverter.__init__(self, *args, **specific_kwargs(**kwargs))
  File "/home/airflow/.local/lib/python3.11/site-packages/cosmos/converter.py", line 261, in __init__
    self.dbt_graph.load(method=render_config.load_method, execution_mode=execution_config.execution_mode)
  File "/home/airflow/.local/lib/python3.11/site-packages/cosmos/dbt/graph.py", line 440, in load
    load_method[method]()
  File "/home/airflow/.local/lib/python3.11/site-packages/cosmos/dbt/graph.py", line 748, in load_from_dbt_manifest
    config=node_dict["config"],
           ~~~~~~~~~^^^^^^^^^^
KeyError: 'config'
[2026-09-08T00:22:59.649+0000] {processor.py:842} WARNING - No viable dags retrieved from /opt/airflow/dags/financial_pipeline_dag.py
[2026-09-08T00:22:59.666+0000] {processor.py:183} INFO - Processing /opt/airflow/dags/financial_pipeline_dag.py took 0.187 seconds
[2026-09-08T00:23:14.288+0000] {processor.py:161} INFO - Started process (PID=207) to work on /opt/airflow/dags/financial_pipeline_dag.py
[2026-09-08T00:23:14.289+0000] {processor.py:830} INFO - Processing file /opt/airflow/dags/financial_pipeline_dag.py for tasks to queue
[2026-09-08T00:23:14.291+0000] {logging_mixin.py:188} INFO - [2026-09-08T00:23:14.290+0000] {dagbag.py:545} INFO - Filling up the DagBag from /opt/airflow/dags/financial_pipeline_dag.py
[2026-09-08T00:23:14.398+0000] {logging_mixin.py:188} INFO - [2026-09-08T00:23:14.398+0000] {graph.py:719} INFO - Trying to parse the dbt project `transformations` using a dbt manifest...
[2026-09-08T00:23:14.420+0000] {logging_mixin.py:188} INFO - [2026-09-08T00:23:14.415+0000] {dagbag.py:355} ERROR - Failed to import: /opt/airflow/dags/financial_pipeline_dag.py
Traceback (most recent call last):
  File "/home/airflow/.local/lib/python3.11/site-packages/airflow/models/dagbag.py", line 351, in parse
    loader.exec_module(new_module)
  File "<frozen importlib._bootstrap_external>", line 940, in exec_module
  File "<frozen importlib._bootstrap>", line 241, in _call_with_frames_removed
  File "/opt/airflow/dags/financial_pipeline_dag.py", line 115, in <module>
    dbt_stg_overview = make_dbt_group("dbt_stg_overview", "stg_overview")
                       ^^^^^^^^^^^^^^^^^^^^^^^^^^^^^^^^^^^^^^^^^^^^^^^^^^
  File "/opt/airflow/dags/financial_pipeline_dag.py", line 102, in make_dbt_group
    return DbtTaskGroup(
           ^^^^^^^^^^^^^
  File "/home/airflow/.local/lib/python3.11/site-packages/cosmos/airflow/task_group.py", line 28, in __init__
    DbtToAirflowConverter.__init__(self, *args, **specific_kwargs(**kwargs))
  File "/home/airflow/.local/lib/python3.11/site-packages/cosmos/converter.py", line 261, in __init__
    self.dbt_graph.load(method=render_config.load_method, execution_mode=execution_config.execution_mode)
  File "/home/airflow/.local/lib/python3.11/site-packages/cosmos/dbt/graph.py", line 440, in load
    load_method[method]()
  File "/home/airflow/.local/lib/python3.11/site-packages/cosmos/dbt/graph.py", line 748, in load_from_dbt_manifest
    config=node_dict["config"],
           ~~~~~~~~~^^^^^^^^^^
KeyError: 'config'
[2026-09-08T00:23:14.422+0000] {processor.py:842} WARNING - No viable dags retrieved from /opt/airflow/dags/financial_pipeline_dag.py
[2026-09-08T00:23:14.442+0000] {processor.py:183} INFO - Processing /opt/airflow/dags/financial_pipeline_dag.py took 0.160 seconds
[2026-09-08T00:23:29.246+0000] {processor.py:161} INFO - Started process (PID=180) to work on /opt/airflow/dags/financial_pipeline_dag.py
[2026-09-08T00:23:29.247+0000] {processor.py:830} INFO - Processing file /opt/airflow/dags/financial_pipeline_dag.py for tasks to queue
[2026-09-08T00:23:29.248+0000] {logging_mixin.py:188} INFO - [2026-09-08T00:23:29.248+0000] {dagbag.py:545} INFO - Filling up the DagBag from /opt/airflow/dags/financial_pipeline_dag.py
[2026-09-08T00:23:29.402+0000] {logging_mixin.py:188} INFO - [2026-09-08T00:23:29.401+0000] {graph.py:719} INFO - Trying to parse the dbt project `transformations` using a dbt manifest...
[2026-09-08T00:23:29.424+0000] {logging_mixin.py:188} INFO - [2026-09-08T00:23:29.420+0000] {dagbag.py:355} ERROR - Failed to import: /opt/airflow/dags/financial_pipeline_dag.py
Traceback (most recent call last):
  File "/home/airflow/.local/lib/python3.11/site-packages/airflow/models/dagbag.py", line 351, in parse
    loader.exec_module(new_module)
  File "<frozen importlib._bootstrap_external>", line 940, in exec_module
  File "<frozen importlib._bootstrap>", line 241, in _call_with_frames_removed
  File "/opt/airflow/dags/financial_pipeline_dag.py", line 115, in <module>
    dbt_stg_overview = make_dbt_group("dbt_stg_overview", "stg_overview")
                       ^^^^^^^^^^^^^^^^^^^^^^^^^^^^^^^^^^^^^^^^^^^^^^^^^^
  File "/opt/airflow/dags/financial_pipeline_dag.py", line 102, in make_dbt_group
    return DbtTaskGroup(
           ^^^^^^^^^^^^^
  File "/home/airflow/.local/lib/python3.11/site-packages/cosmos/airflow/task_group.py", line 28, in __init__
    DbtToAirflowConverter.__init__(self, *args, **specific_kwargs(**kwargs))
  File "/home/airflow/.local/lib/python3.11/site-packages/cosmos/converter.py", line 261, in __init__
    self.dbt_graph.load(method=render_config.load_method, execution_mode=execution_config.execution_mode)
  File "/home/airflow/.local/lib/python3.11/site-packages/cosmos/dbt/graph.py", line 440, in load
    load_method[method]()
  File "/home/airflow/.local/lib/python3.11/site-packages/cosmos/dbt/graph.py", line 748, in load_from_dbt_manifest
    config=node_dict["config"],
           ~~~~~~~~~^^^^^^^^^^
KeyError: 'config'
[2026-09-08T00:23:29.425+0000] {processor.py:842} WARNING - No viable dags retrieved from /opt/airflow/dags/financial_pipeline_dag.py
[2026-09-08T00:23:29.451+0000] {processor.py:183} INFO - Processing /opt/airflow/dags/financial_pipeline_dag.py took 0.215 seconds
[2026-09-08T00:23:43.700+0000] {processor.py:161} INFO - Started process (PID=180) to work on /opt/airflow/dags/financial_pipeline_dag.py
[2026-09-08T00:23:43.702+0000] {processor.py:830} INFO - Processing file /opt/airflow/dags/financial_pipeline_dag.py for tasks to queue
[2026-09-08T00:23:43.704+0000] {logging_mixin.py:188} INFO - [2026-09-08T00:23:43.703+0000] {dagbag.py:545} INFO - Filling up the DagBag from /opt/airflow/dags/financial_pipeline_dag.py
[2026-09-08T00:23:43.836+0000] {logging_mixin.py:188} INFO - [2026-09-08T00:23:43.835+0000] {graph.py:719} INFO - Trying to parse the dbt project `transformations` using a dbt manifest...
[2026-09-08T00:23:43.857+0000] {logging_mixin.py:188} INFO - [2026-09-08T00:23:43.852+0000] {dagbag.py:355} ERROR - Failed to import: /opt/airflow/dags/financial_pipeline_dag.py
Traceback (most recent call last):
  File "/home/airflow/.local/lib/python3.11/site-packages/airflow/models/dagbag.py", line 351, in parse
    loader.exec_module(new_module)
  File "<frozen importlib._bootstrap_external>", line 940, in exec_module
  File "<frozen importlib._bootstrap>", line 241, in _call_with_frames_removed
  File "/opt/airflow/dags/financial_pipeline_dag.py", line 115, in <module>
    dbt_stg_overview = make_dbt_group("dbt_stg_overview", "stg_overview")
                       ^^^^^^^^^^^^^^^^^^^^^^^^^^^^^^^^^^^^^^^^^^^^^^^^^^
  File "/opt/airflow/dags/financial_pipeline_dag.py", line 102, in make_dbt_group
    return DbtTaskGroup(
           ^^^^^^^^^^^^^
  File "/home/airflow/.local/lib/python3.11/site-packages/cosmos/airflow/task_group.py", line 28, in __init__
    DbtToAirflowConverter.__init__(self, *args, **specific_kwargs(**kwargs))
  File "/home/airflow/.local/lib/python3.11/site-packages/cosmos/converter.py", line 261, in __init__
    self.dbt_graph.load(method=render_config.load_method, execution_mode=execution_config.execution_mode)
  File "/home/airflow/.local/lib/python3.11/site-packages/cosmos/dbt/graph.py", line 440, in load
    load_method[method]()
  File "/home/airflow/.local/lib/python3.11/site-packages/cosmos/dbt/graph.py", line 748, in load_from_dbt_manifest
    config=node_dict["config"],
           ~~~~~~~~~^^^^^^^^^^
KeyError: 'config'
[2026-09-08T00:23:43.858+0000] {processor.py:842} WARNING - No viable dags retrieved from /opt/airflow/dags/financial_pipeline_dag.py
[2026-09-08T00:23:43.877+0000] {processor.py:183} INFO - Processing /opt/airflow/dags/financial_pipeline_dag.py took 0.185 seconds
[2026-09-08T00:23:59.466+0000] {processor.py:161} INFO - Started process (PID=180) to work on /opt/airflow/dags/financial_pipeline_dag.py
[2026-09-08T00:23:59.467+0000] {processor.py:830} INFO - Processing file /opt/airflow/dags/financial_pipeline_dag.py for tasks to queue
[2026-09-08T00:23:59.469+0000] {logging_mixin.py:188} INFO - [2026-09-08T00:23:59.469+0000] {dagbag.py:545} INFO - Filling up the DagBag from /opt/airflow/dags/financial_pipeline_dag.py
[2026-09-08T00:23:59.659+0000] {logging_mixin.py:188} INFO - [2026-09-08T00:23:59.659+0000] {graph.py:719} INFO - Trying to parse the dbt project `transformations` using a dbt manifest...
[2026-09-08T00:23:59.688+0000] {logging_mixin.py:188} INFO - [2026-09-08T00:23:59.683+0000] {dagbag.py:355} ERROR - Failed to import: /opt/airflow/dags/financial_pipeline_dag.py
Traceback (most recent call last):
  File "/home/airflow/.local/lib/python3.11/site-packages/airflow/models/dagbag.py", line 351, in parse
    loader.exec_module(new_module)
  File "<frozen importlib._bootstrap_external>", line 940, in exec_module
  File "<frozen importlib._bootstrap>", line 241, in _call_with_frames_removed
  File "/opt/airflow/dags/financial_pipeline_dag.py", line 115, in <module>
    dbt_stg_overview = make_dbt_group("dbt_stg_overview", "stg_overview")
                       ^^^^^^^^^^^^^^^^^^^^^^^^^^^^^^^^^^^^^^^^^^^^^^^^^^
  File "/opt/airflow/dags/financial_pipeline_dag.py", line 102, in make_dbt_group
    return DbtTaskGroup(
           ^^^^^^^^^^^^^
  File "/home/airflow/.local/lib/python3.11/site-packages/cosmos/airflow/task_group.py", line 28, in __init__
    DbtToAirflowConverter.__init__(self, *args, **specific_kwargs(**kwargs))
  File "/home/airflow/.local/lib/python3.11/site-packages/cosmos/converter.py", line 261, in __init__
    self.dbt_graph.load(method=render_config.load_method, execution_mode=execution_config.execution_mode)
  File "/home/airflow/.local/lib/python3.11/site-packages/cosmos/dbt/graph.py", line 440, in load
    load_method[method]()
  File "/home/airflow/.local/lib/python3.11/site-packages/cosmos/dbt/graph.py", line 748, in load_from_dbt_manifest
    config=node_dict["config"],
           ~~~~~~~~~^^^^^^^^^^
KeyError: 'config'
[2026-09-08T00:23:59.689+0000] {processor.py:842} WARNING - No viable dags retrieved from /opt/airflow/dags/financial_pipeline_dag.py
[2026-09-08T00:23:59.710+0000] {processor.py:183} INFO - Processing /opt/airflow/dags/financial_pipeline_dag.py took 0.254 seconds
[2026-09-08T00:24:17.019+0000] {processor.py:161} INFO - Started process (PID=180) to work on /opt/airflow/dags/financial_pipeline_dag.py
[2026-09-08T00:24:17.021+0000] {processor.py:830} INFO - Processing file /opt/airflow/dags/financial_pipeline_dag.py for tasks to queue
[2026-09-08T00:24:17.023+0000] {logging_mixin.py:188} INFO - [2026-09-08T00:24:17.023+0000] {dagbag.py:545} INFO - Filling up the DagBag from /opt/airflow/dags/financial_pipeline_dag.py
[2026-09-08T00:24:17.167+0000] {logging_mixin.py:188} INFO - [2026-09-08T00:24:17.166+0000] {graph.py:719} INFO - Trying to parse the dbt project `transformations` using a dbt manifest...
[2026-09-08T00:24:17.192+0000] {logging_mixin.py:188} INFO - [2026-09-08T00:24:17.188+0000] {dagbag.py:355} ERROR - Failed to import: /opt/airflow/dags/financial_pipeline_dag.py
Traceback (most recent call last):
  File "/home/airflow/.local/lib/python3.11/site-packages/airflow/models/dagbag.py", line 351, in parse
    loader.exec_module(new_module)
  File "<frozen importlib._bootstrap_external>", line 940, in exec_module
  File "<frozen importlib._bootstrap>", line 241, in _call_with_frames_removed
  File "/opt/airflow/dags/financial_pipeline_dag.py", line 115, in <module>
    dbt_stg_overview = make_dbt_group("dbt_stg_overview", "stg_overview")
                       ^^^^^^^^^^^^^^^^^^^^^^^^^^^^^^^^^^^^^^^^^^^^^^^^^^
  File "/opt/airflow/dags/financial_pipeline_dag.py", line 102, in make_dbt_group
    return DbtTaskGroup(
           ^^^^^^^^^^^^^
  File "/home/airflow/.local/lib/python3.11/site-packages/cosmos/airflow/task_group.py", line 28, in __init__
    DbtToAirflowConverter.__init__(self, *args, **specific_kwargs(**kwargs))
  File "/home/airflow/.local/lib/python3.11/site-packages/cosmos/converter.py", line 261, in __init__
    self.dbt_graph.load(method=render_config.load_method, execution_mode=execution_config.execution_mode)
  File "/home/airflow/.local/lib/python3.11/site-packages/cosmos/dbt/graph.py", line 440, in load
    load_method[method]()
  File "/home/airflow/.local/lib/python3.11/site-packages/cosmos/dbt/graph.py", line 748, in load_from_dbt_manifest
    config=node_dict["config"],
           ~~~~~~~~~^^^^^^^^^^
KeyError: 'config'
[2026-09-08T00:24:17.193+0000] {processor.py:842} WARNING - No viable dags retrieved from /opt/airflow/dags/financial_pipeline_dag.py
[2026-09-08T00:24:17.213+0000] {processor.py:183} INFO - Processing /opt/airflow/dags/financial_pipeline_dag.py took 0.203 seconds
[2026-09-08T00:24:32.368+0000] {processor.py:161} INFO - Started process (PID=180) to work on /opt/airflow/dags/financial_pipeline_dag.py
[2026-09-08T00:24:32.369+0000] {processor.py:830} INFO - Processing file /opt/airflow/dags/financial_pipeline_dag.py for tasks to queue
[2026-09-08T00:24:32.373+0000] {logging_mixin.py:188} INFO - [2026-09-08T00:24:32.373+0000] {dagbag.py:545} INFO - Filling up the DagBag from /opt/airflow/dags/financial_pipeline_dag.py
[2026-09-08T00:24:32.511+0000] {logging_mixin.py:188} INFO - [2026-09-08T00:24:32.511+0000] {graph.py:719} INFO - Trying to parse the dbt project `transformations` using a dbt manifest...
[2026-09-08T00:24:32.532+0000] {logging_mixin.py:188} INFO - [2026-09-08T00:24:32.528+0000] {dagbag.py:355} ERROR - Failed to import: /opt/airflow/dags/financial_pipeline_dag.py
Traceback (most recent call last):
  File "/home/airflow/.local/lib/python3.11/site-packages/airflow/models/dagbag.py", line 351, in parse
    loader.exec_module(new_module)
  File "<frozen importlib._bootstrap_external>", line 940, in exec_module
  File "<frozen importlib._bootstrap>", line 241, in _call_with_frames_removed
  File "/opt/airflow/dags/financial_pipeline_dag.py", line 115, in <module>
    dbt_stg_overview = make_dbt_group("dbt_stg_overview", "stg_overview")
                       ^^^^^^^^^^^^^^^^^^^^^^^^^^^^^^^^^^^^^^^^^^^^^^^^^^
  File "/opt/airflow/dags/financial_pipeline_dag.py", line 102, in make_dbt_group
    return DbtTaskGroup(
           ^^^^^^^^^^^^^
  File "/home/airflow/.local/lib/python3.11/site-packages/cosmos/airflow/task_group.py", line 28, in __init__
    DbtToAirflowConverter.__init__(self, *args, **specific_kwargs(**kwargs))
  File "/home/airflow/.local/lib/python3.11/site-packages/cosmos/converter.py", line 261, in __init__
    self.dbt_graph.load(method=render_config.load_method, execution_mode=execution_config.execution_mode)
  File "/home/airflow/.local/lib/python3.11/site-packages/cosmos/dbt/graph.py", line 440, in load
    load_method[method]()
  File "/home/airflow/.local/lib/python3.11/site-packages/cosmos/dbt/graph.py", line 748, in load_from_dbt_manifest
    config=node_dict["config"],
           ~~~~~~~~~^^^^^^^^^^
KeyError: 'config'
[2026-09-08T00:24:32.533+0000] {processor.py:842} WARNING - No viable dags retrieved from /opt/airflow/dags/financial_pipeline_dag.py
[2026-09-08T00:24:32.554+0000] {processor.py:183} INFO - Processing /opt/airflow/dags/financial_pipeline_dag.py took 0.194 seconds
[2026-09-08T00:24:46.876+0000] {processor.py:161} INFO - Started process (PID=180) to work on /opt/airflow/dags/financial_pipeline_dag.py
[2026-09-08T00:24:46.877+0000] {processor.py:830} INFO - Processing file /opt/airflow/dags/financial_pipeline_dag.py for tasks to queue
[2026-09-08T00:24:46.880+0000] {logging_mixin.py:188} INFO - [2026-09-08T00:24:46.880+0000] {dagbag.py:545} INFO - Filling up the DagBag from /opt/airflow/dags/financial_pipeline_dag.py
[2026-09-08T00:24:47.053+0000] {logging_mixin.py:188} INFO - [2026-09-08T00:24:47.052+0000] {graph.py:719} INFO - Trying to parse the dbt project `transformations` using a dbt manifest...
[2026-09-08T00:24:47.079+0000] {logging_mixin.py:188} INFO - [2026-09-08T00:24:47.074+0000] {dagbag.py:355} ERROR - Failed to import: /opt/airflow/dags/financial_pipeline_dag.py
Traceback (most recent call last):
  File "/home/airflow/.local/lib/python3.11/site-packages/airflow/models/dagbag.py", line 351, in parse
    loader.exec_module(new_module)
  File "<frozen importlib._bootstrap_external>", line 940, in exec_module
  File "<frozen importlib._bootstrap>", line 241, in _call_with_frames_removed
  File "/opt/airflow/dags/financial_pipeline_dag.py", line 115, in <module>
    dbt_stg_overview = make_dbt_group("dbt_stg_overview", "stg_overview")
                       ^^^^^^^^^^^^^^^^^^^^^^^^^^^^^^^^^^^^^^^^^^^^^^^^^^
  File "/opt/airflow/dags/financial_pipeline_dag.py", line 102, in make_dbt_group
    return DbtTaskGroup(
           ^^^^^^^^^^^^^
  File "/home/airflow/.local/lib/python3.11/site-packages/cosmos/airflow/task_group.py", line 28, in __init__
    DbtToAirflowConverter.__init__(self, *args, **specific_kwargs(**kwargs))
  File "/home/airflow/.local/lib/python3.11/site-packages/cosmos/converter.py", line 261, in __init__
    self.dbt_graph.load(method=render_config.load_method, execution_mode=execution_config.execution_mode)
  File "/home/airflow/.local/lib/python3.11/site-packages/cosmos/dbt/graph.py", line 440, in load
    load_method[method]()
  File "/home/airflow/.local/lib/python3.11/site-packages/cosmos/dbt/graph.py", line 748, in load_from_dbt_manifest
    config=node_dict["config"],
           ~~~~~~~~~^^^^^^^^^^
KeyError: 'config'
[2026-09-08T00:24:47.080+0000] {processor.py:842} WARNING - No viable dags retrieved from /opt/airflow/dags/financial_pipeline_dag.py
[2026-09-08T00:24:47.107+0000] {processor.py:183} INFO - Processing /opt/airflow/dags/financial_pipeline_dag.py took 0.244 seconds
[2026-09-08T00:25:01.405+0000] {processor.py:161} INFO - Started process (PID=181) to work on /opt/airflow/dags/financial_pipeline_dag.py
[2026-09-08T00:25:01.406+0000] {processor.py:830} INFO - Processing file /opt/airflow/dags/financial_pipeline_dag.py for tasks to queue
[2026-09-08T00:25:01.407+0000] {logging_mixin.py:188} INFO - [2026-09-08T00:25:01.407+0000] {dagbag.py:545} INFO - Filling up the DagBag from /opt/airflow/dags/financial_pipeline_dag.py
[2026-09-08T00:25:01.548+0000] {logging_mixin.py:188} INFO - [2026-09-08T00:25:01.548+0000] {graph.py:719} INFO - Trying to parse the dbt project `transformations` using a dbt manifest...
[2026-09-08T00:25:01.568+0000] {logging_mixin.py:188} INFO - [2026-09-08T00:25:01.564+0000] {dagbag.py:355} ERROR - Failed to import: /opt/airflow/dags/financial_pipeline_dag.py
Traceback (most recent call last):
  File "/home/airflow/.local/lib/python3.11/site-packages/airflow/models/dagbag.py", line 351, in parse
    loader.exec_module(new_module)
  File "<frozen importlib._bootstrap_external>", line 940, in exec_module
  File "<frozen importlib._bootstrap>", line 241, in _call_with_frames_removed
  File "/opt/airflow/dags/financial_pipeline_dag.py", line 115, in <module>
    dbt_stg_overview = make_dbt_group("dbt_stg_overview", "stg_overview")
                       ^^^^^^^^^^^^^^^^^^^^^^^^^^^^^^^^^^^^^^^^^^^^^^^^^^
  File "/opt/airflow/dags/financial_pipeline_dag.py", line 102, in make_dbt_group
    return DbtTaskGroup(
           ^^^^^^^^^^^^^
  File "/home/airflow/.local/lib/python3.11/site-packages/cosmos/airflow/task_group.py", line 28, in __init__
    DbtToAirflowConverter.__init__(self, *args, **specific_kwargs(**kwargs))
  File "/home/airflow/.local/lib/python3.11/site-packages/cosmos/converter.py", line 261, in __init__
    self.dbt_graph.load(method=render_config.load_method, execution_mode=execution_config.execution_mode)
  File "/home/airflow/.local/lib/python3.11/site-packages/cosmos/dbt/graph.py", line 440, in load
    load_method[method]()
  File "/home/airflow/.local/lib/python3.11/site-packages/cosmos/dbt/graph.py", line 748, in load_from_dbt_manifest
    config=node_dict["config"],
           ~~~~~~~~~^^^^^^^^^^
KeyError: 'config'
[2026-09-08T00:25:01.569+0000] {processor.py:842} WARNING - No viable dags retrieved from /opt/airflow/dags/financial_pipeline_dag.py
[2026-09-08T00:25:01.588+0000] {processor.py:183} INFO - Processing /opt/airflow/dags/financial_pipeline_dag.py took 0.193 seconds
[2026-09-08T00:25:16.186+0000] {processor.py:161} INFO - Started process (PID=196) to work on /opt/airflow/dags/financial_pipeline_dag.py
[2026-09-08T00:25:16.187+0000] {processor.py:830} INFO - Processing file /opt/airflow/dags/financial_pipeline_dag.py for tasks to queue
[2026-09-08T00:25:16.189+0000] {logging_mixin.py:188} INFO - [2026-09-08T00:25:16.188+0000] {dagbag.py:545} INFO - Filling up the DagBag from /opt/airflow/dags/financial_pipeline_dag.py
[2026-09-08T00:25:16.307+0000] {logging_mixin.py:188} INFO - [2026-09-08T00:25:16.307+0000] {graph.py:719} INFO - Trying to parse the dbt project `transformations` using a dbt manifest...
[2026-09-08T00:25:16.328+0000] {logging_mixin.py:188} INFO - [2026-09-08T00:25:16.324+0000] {dagbag.py:355} ERROR - Failed to import: /opt/airflow/dags/financial_pipeline_dag.py
Traceback (most recent call last):
  File "/home/airflow/.local/lib/python3.11/site-packages/airflow/models/dagbag.py", line 351, in parse
    loader.exec_module(new_module)
  File "<frozen importlib._bootstrap_external>", line 940, in exec_module
  File "<frozen importlib._bootstrap>", line 241, in _call_with_frames_removed
  File "/opt/airflow/dags/financial_pipeline_dag.py", line 115, in <module>
    dbt_stg_overview = make_dbt_group("dbt_stg_overview", "stg_overview")
                       ^^^^^^^^^^^^^^^^^^^^^^^^^^^^^^^^^^^^^^^^^^^^^^^^^^
  File "/opt/airflow/dags/financial_pipeline_dag.py", line 102, in make_dbt_group
    return DbtTaskGroup(
           ^^^^^^^^^^^^^
  File "/home/airflow/.local/lib/python3.11/site-packages/cosmos/airflow/task_group.py", line 28, in __init__
    DbtToAirflowConverter.__init__(self, *args, **specific_kwargs(**kwargs))
  File "/home/airflow/.local/lib/python3.11/site-packages/cosmos/converter.py", line 261, in __init__
    self.dbt_graph.load(method=render_config.load_method, execution_mode=execution_config.execution_mode)
  File "/home/airflow/.local/lib/python3.11/site-packages/cosmos/dbt/graph.py", line 440, in load
    load_method[method]()
  File "/home/airflow/.local/lib/python3.11/site-packages/cosmos/dbt/graph.py", line 748, in load_from_dbt_manifest
    config=node_dict["config"],
           ~~~~~~~~~^^^^^^^^^^
KeyError: 'config'
[2026-09-08T00:25:16.329+0000] {processor.py:842} WARNING - No viable dags retrieved from /opt/airflow/dags/financial_pipeline_dag.py
[2026-09-08T00:25:16.350+0000] {processor.py:183} INFO - Processing /opt/airflow/dags/financial_pipeline_dag.py took 0.171 seconds
[2026-09-08T00:25:31.009+0000] {processor.py:161} INFO - Started process (PID=180) to work on /opt/airflow/dags/financial_pipeline_dag.py
[2026-09-08T00:25:31.011+0000] {processor.py:830} INFO - Processing file /opt/airflow/dags/financial_pipeline_dag.py for tasks to queue
[2026-09-08T00:25:31.012+0000] {logging_mixin.py:188} INFO - [2026-09-08T00:25:31.012+0000] {dagbag.py:545} INFO - Filling up the DagBag from /opt/airflow/dags/financial_pipeline_dag.py
[2026-09-08T00:25:31.195+0000] {logging_mixin.py:188} INFO - [2026-09-08T00:25:31.195+0000] {graph.py:719} INFO - Trying to parse the dbt project `transformations` using a dbt manifest...
[2026-09-08T00:25:31.218+0000] {logging_mixin.py:188} INFO - [2026-09-08T00:25:31.212+0000] {dagbag.py:355} ERROR - Failed to import: /opt/airflow/dags/financial_pipeline_dag.py
Traceback (most recent call last):
  File "/home/airflow/.local/lib/python3.11/site-packages/airflow/models/dagbag.py", line 351, in parse
    loader.exec_module(new_module)
  File "<frozen importlib._bootstrap_external>", line 940, in exec_module
  File "<frozen importlib._bootstrap>", line 241, in _call_with_frames_removed
  File "/opt/airflow/dags/financial_pipeline_dag.py", line 115, in <module>
    dbt_stg_overview = make_dbt_group("dbt_stg_overview", "stg_overview")
                       ^^^^^^^^^^^^^^^^^^^^^^^^^^^^^^^^^^^^^^^^^^^^^^^^^^
  File "/opt/airflow/dags/financial_pipeline_dag.py", line 102, in make_dbt_group
    return DbtTaskGroup(
           ^^^^^^^^^^^^^
  File "/home/airflow/.local/lib/python3.11/site-packages/cosmos/airflow/task_group.py", line 28, in __init__
    DbtToAirflowConverter.__init__(self, *args, **specific_kwargs(**kwargs))
  File "/home/airflow/.local/lib/python3.11/site-packages/cosmos/converter.py", line 261, in __init__
    self.dbt_graph.load(method=render_config.load_method, execution_mode=execution_config.execution_mode)
  File "/home/airflow/.local/lib/python3.11/site-packages/cosmos/dbt/graph.py", line 440, in load
    load_method[method]()
  File "/home/airflow/.local/lib/python3.11/site-packages/cosmos/dbt/graph.py", line 748, in load_from_dbt_manifest
    config=node_dict["config"],
           ~~~~~~~~~^^^^^^^^^^
KeyError: 'config'
[2026-09-08T00:25:31.219+0000] {processor.py:842} WARNING - No viable dags retrieved from /opt/airflow/dags/financial_pipeline_dag.py
[2026-09-08T00:25:31.242+0000] {processor.py:183} INFO - Processing /opt/airflow/dags/financial_pipeline_dag.py took 0.243 seconds
[2026-09-08T00:25:45.647+0000] {processor.py:161} INFO - Started process (PID=180) to work on /opt/airflow/dags/financial_pipeline_dag.py
[2026-09-08T00:25:45.649+0000] {processor.py:830} INFO - Processing file /opt/airflow/dags/financial_pipeline_dag.py for tasks to queue
[2026-09-08T00:25:45.650+0000] {logging_mixin.py:188} INFO - [2026-09-08T00:25:45.650+0000] {dagbag.py:545} INFO - Filling up the DagBag from /opt/airflow/dags/financial_pipeline_dag.py
[2026-09-08T00:25:45.783+0000] {logging_mixin.py:188} INFO - [2026-09-08T00:25:45.783+0000] {graph.py:719} INFO - Trying to parse the dbt project `transformations` using a dbt manifest...
[2026-09-08T00:25:45.803+0000] {logging_mixin.py:188} INFO - [2026-09-08T00:25:45.799+0000] {dagbag.py:355} ERROR - Failed to import: /opt/airflow/dags/financial_pipeline_dag.py
Traceback (most recent call last):
  File "/home/airflow/.local/lib/python3.11/site-packages/airflow/models/dagbag.py", line 351, in parse
    loader.exec_module(new_module)
  File "<frozen importlib._bootstrap_external>", line 940, in exec_module
  File "<frozen importlib._bootstrap>", line 241, in _call_with_frames_removed
  File "/opt/airflow/dags/financial_pipeline_dag.py", line 115, in <module>
    dbt_stg_overview = make_dbt_group("dbt_stg_overview", "stg_overview")
                       ^^^^^^^^^^^^^^^^^^^^^^^^^^^^^^^^^^^^^^^^^^^^^^^^^^
  File "/opt/airflow/dags/financial_pipeline_dag.py", line 102, in make_dbt_group
    return DbtTaskGroup(
           ^^^^^^^^^^^^^
  File "/home/airflow/.local/lib/python3.11/site-packages/cosmos/airflow/task_group.py", line 28, in __init__
    DbtToAirflowConverter.__init__(self, *args, **specific_kwargs(**kwargs))
  File "/home/airflow/.local/lib/python3.11/site-packages/cosmos/converter.py", line 261, in __init__
    self.dbt_graph.load(method=render_config.load_method, execution_mode=execution_config.execution_mode)
  File "/home/airflow/.local/lib/python3.11/site-packages/cosmos/dbt/graph.py", line 440, in load
    load_method[method]()
  File "/home/airflow/.local/lib/python3.11/site-packages/cosmos/dbt/graph.py", line 748, in load_from_dbt_manifest
    config=node_dict["config"],
           ~~~~~~~~~^^^^^^^^^^
KeyError: 'config'
[2026-09-08T00:25:45.805+0000] {processor.py:842} WARNING - No viable dags retrieved from /opt/airflow/dags/financial_pipeline_dag.py
[2026-09-08T00:25:45.827+0000] {processor.py:183} INFO - Processing /opt/airflow/dags/financial_pipeline_dag.py took 0.189 seconds
[2026-09-08T00:26:00.288+0000] {processor.py:161} INFO - Started process (PID=181) to work on /opt/airflow/dags/financial_pipeline_dag.py
[2026-09-08T00:26:00.289+0000] {processor.py:830} INFO - Processing file /opt/airflow/dags/financial_pipeline_dag.py for tasks to queue
[2026-09-08T00:26:00.291+0000] {logging_mixin.py:188} INFO - [2026-09-08T00:26:00.291+0000] {dagbag.py:545} INFO - Filling up the DagBag from /opt/airflow/dags/financial_pipeline_dag.py
[2026-09-08T00:26:00.429+0000] {logging_mixin.py:188} INFO - [2026-09-08T00:26:00.429+0000] {graph.py:719} INFO - Trying to parse the dbt project `transformations` using a dbt manifest...
[2026-09-08T00:26:00.450+0000] {logging_mixin.py:188} INFO - [2026-09-08T00:26:00.445+0000] {dagbag.py:355} ERROR - Failed to import: /opt/airflow/dags/financial_pipeline_dag.py
Traceback (most recent call last):
  File "/home/airflow/.local/lib/python3.11/site-packages/airflow/models/dagbag.py", line 351, in parse
    loader.exec_module(new_module)
  File "<frozen importlib._bootstrap_external>", line 940, in exec_module
  File "<frozen importlib._bootstrap>", line 241, in _call_with_frames_removed
  File "/opt/airflow/dags/financial_pipeline_dag.py", line 115, in <module>
    dbt_stg_overview = make_dbt_group("dbt_stg_overview", "stg_overview")
                       ^^^^^^^^^^^^^^^^^^^^^^^^^^^^^^^^^^^^^^^^^^^^^^^^^^
  File "/opt/airflow/dags/financial_pipeline_dag.py", line 102, in make_dbt_group
    return DbtTaskGroup(
           ^^^^^^^^^^^^^
  File "/home/airflow/.local/lib/python3.11/site-packages/cosmos/airflow/task_group.py", line 28, in __init__
    DbtToAirflowConverter.__init__(self, *args, **specific_kwargs(**kwargs))
  File "/home/airflow/.local/lib/python3.11/site-packages/cosmos/converter.py", line 261, in __init__
    self.dbt_graph.load(method=render_config.load_method, execution_mode=execution_config.execution_mode)
  File "/home/airflow/.local/lib/python3.11/site-packages/cosmos/dbt/graph.py", line 440, in load
    load_method[method]()
  File "/home/airflow/.local/lib/python3.11/site-packages/cosmos/dbt/graph.py", line 748, in load_from_dbt_manifest
    config=node_dict["config"],
           ~~~~~~~~~^^^^^^^^^^
KeyError: 'config'
[2026-09-08T00:26:00.451+0000] {processor.py:842} WARNING - No viable dags retrieved from /opt/airflow/dags/financial_pipeline_dag.py
[2026-09-08T00:26:00.470+0000] {processor.py:183} INFO - Processing /opt/airflow/dags/financial_pipeline_dag.py took 0.191 seconds
[2026-09-08T00:26:14.853+0000] {processor.py:161} INFO - Started process (PID=180) to work on /opt/airflow/dags/financial_pipeline_dag.py
[2026-09-08T00:26:14.854+0000] {processor.py:830} INFO - Processing file /opt/airflow/dags/financial_pipeline_dag.py for tasks to queue
[2026-09-08T00:26:14.857+0000] {logging_mixin.py:188} INFO - [2026-09-08T00:26:14.856+0000] {dagbag.py:545} INFO - Filling up the DagBag from /opt/airflow/dags/financial_pipeline_dag.py
[2026-09-08T00:26:15.017+0000] {logging_mixin.py:188} INFO - [2026-09-08T00:26:15.017+0000] {graph.py:719} INFO - Trying to parse the dbt project `transformations` using a dbt manifest...
[2026-09-08T00:26:15.038+0000] {logging_mixin.py:188} INFO - [2026-09-08T00:26:15.034+0000] {dagbag.py:355} ERROR - Failed to import: /opt/airflow/dags/financial_pipeline_dag.py
Traceback (most recent call last):
  File "/home/airflow/.local/lib/python3.11/site-packages/airflow/models/dagbag.py", line 351, in parse
    loader.exec_module(new_module)
  File "<frozen importlib._bootstrap_external>", line 940, in exec_module
  File "<frozen importlib._bootstrap>", line 241, in _call_with_frames_removed
  File "/opt/airflow/dags/financial_pipeline_dag.py", line 115, in <module>
    dbt_stg_overview = make_dbt_group("dbt_stg_overview", "stg_overview")
                       ^^^^^^^^^^^^^^^^^^^^^^^^^^^^^^^^^^^^^^^^^^^^^^^^^^
  File "/opt/airflow/dags/financial_pipeline_dag.py", line 102, in make_dbt_group
    return DbtTaskGroup(
           ^^^^^^^^^^^^^
  File "/home/airflow/.local/lib/python3.11/site-packages/cosmos/airflow/task_group.py", line 28, in __init__
    DbtToAirflowConverter.__init__(self, *args, **specific_kwargs(**kwargs))
  File "/home/airflow/.local/lib/python3.11/site-packages/cosmos/converter.py", line 261, in __init__
    self.dbt_graph.load(method=render_config.load_method, execution_mode=execution_config.execution_mode)
  File "/home/airflow/.local/lib/python3.11/site-packages/cosmos/dbt/graph.py", line 440, in load
    load_method[method]()
  File "/home/airflow/.local/lib/python3.11/site-packages/cosmos/dbt/graph.py", line 748, in load_from_dbt_manifest
    config=node_dict["config"],
           ~~~~~~~~~^^^^^^^^^^
KeyError: 'config'
[2026-09-08T00:26:15.039+0000] {processor.py:842} WARNING - No viable dags retrieved from /opt/airflow/dags/financial_pipeline_dag.py
[2026-09-08T00:26:15.060+0000] {processor.py:183} INFO - Processing /opt/airflow/dags/financial_pipeline_dag.py took 0.217 seconds
[2026-09-08T00:26:29.405+0000] {processor.py:161} INFO - Started process (PID=180) to work on /opt/airflow/dags/financial_pipeline_dag.py
[2026-09-08T00:26:29.406+0000] {processor.py:830} INFO - Processing file /opt/airflow/dags/financial_pipeline_dag.py for tasks to queue
[2026-09-08T00:26:29.408+0000] {logging_mixin.py:188} INFO - [2026-09-08T00:26:29.407+0000] {dagbag.py:545} INFO - Filling up the DagBag from /opt/airflow/dags/financial_pipeline_dag.py
[2026-09-08T00:26:29.542+0000] {logging_mixin.py:188} INFO - [2026-09-08T00:26:29.542+0000] {graph.py:719} INFO - Trying to parse the dbt project `transformations` using a dbt manifest...
[2026-09-08T00:26:29.563+0000] {logging_mixin.py:188} INFO - [2026-09-08T00:26:29.559+0000] {dagbag.py:355} ERROR - Failed to import: /opt/airflow/dags/financial_pipeline_dag.py
Traceback (most recent call last):
  File "/home/airflow/.local/lib/python3.11/site-packages/airflow/models/dagbag.py", line 351, in parse
    loader.exec_module(new_module)
  File "<frozen importlib._bootstrap_external>", line 940, in exec_module
  File "<frozen importlib._bootstrap>", line 241, in _call_with_frames_removed
  File "/opt/airflow/dags/financial_pipeline_dag.py", line 115, in <module>
    dbt_stg_overview = make_dbt_group("dbt_stg_overview", "stg_overview")
                       ^^^^^^^^^^^^^^^^^^^^^^^^^^^^^^^^^^^^^^^^^^^^^^^^^^
  File "/opt/airflow/dags/financial_pipeline_dag.py", line 102, in make_dbt_group
    return DbtTaskGroup(
           ^^^^^^^^^^^^^
  File "/home/airflow/.local/lib/python3.11/site-packages/cosmos/airflow/task_group.py", line 28, in __init__
    DbtToAirflowConverter.__init__(self, *args, **specific_kwargs(**kwargs))
  File "/home/airflow/.local/lib/python3.11/site-packages/cosmos/converter.py", line 261, in __init__
    self.dbt_graph.load(method=render_config.load_method, execution_mode=execution_config.execution_mode)
  File "/home/airflow/.local/lib/python3.11/site-packages/cosmos/dbt/graph.py", line 440, in load
    load_method[method]()
  File "/home/airflow/.local/lib/python3.11/site-packages/cosmos/dbt/graph.py", line 748, in load_from_dbt_manifest
    config=node_dict["config"],
           ~~~~~~~~~^^^^^^^^^^
KeyError: 'config'
[2026-09-08T00:26:29.564+0000] {processor.py:842} WARNING - No viable dags retrieved from /opt/airflow/dags/financial_pipeline_dag.py
[2026-09-08T00:26:29.583+0000] {processor.py:183} INFO - Processing /opt/airflow/dags/financial_pipeline_dag.py took 0.188 seconds
[2026-09-08T00:26:44.332+0000] {processor.py:161} INFO - Started process (PID=180) to work on /opt/airflow/dags/financial_pipeline_dag.py
[2026-09-08T00:26:44.333+0000] {processor.py:830} INFO - Processing file /opt/airflow/dags/financial_pipeline_dag.py for tasks to queue
[2026-09-08T00:26:44.335+0000] {logging_mixin.py:188} INFO - [2026-09-08T00:26:44.335+0000] {dagbag.py:545} INFO - Filling up the DagBag from /opt/airflow/dags/financial_pipeline_dag.py
[2026-09-08T00:26:44.469+0000] {logging_mixin.py:188} INFO - [2026-09-08T00:26:44.468+0000] {graph.py:719} INFO - Trying to parse the dbt project `transformations` using a dbt manifest...
[2026-09-08T00:26:44.489+0000] {logging_mixin.py:188} INFO - [2026-09-08T00:26:44.485+0000] {dagbag.py:355} ERROR - Failed to import: /opt/airflow/dags/financial_pipeline_dag.py
Traceback (most recent call last):
  File "/home/airflow/.local/lib/python3.11/site-packages/airflow/models/dagbag.py", line 351, in parse
    loader.exec_module(new_module)
  File "<frozen importlib._bootstrap_external>", line 940, in exec_module
  File "<frozen importlib._bootstrap>", line 241, in _call_with_frames_removed
  File "/opt/airflow/dags/financial_pipeline_dag.py", line 115, in <module>
    dbt_stg_overview = make_dbt_group("dbt_stg_overview", "stg_overview")
                       ^^^^^^^^^^^^^^^^^^^^^^^^^^^^^^^^^^^^^^^^^^^^^^^^^^
  File "/opt/airflow/dags/financial_pipeline_dag.py", line 102, in make_dbt_group
    return DbtTaskGroup(
           ^^^^^^^^^^^^^
  File "/home/airflow/.local/lib/python3.11/site-packages/cosmos/airflow/task_group.py", line 28, in __init__
    DbtToAirflowConverter.__init__(self, *args, **specific_kwargs(**kwargs))
  File "/home/airflow/.local/lib/python3.11/site-packages/cosmos/converter.py", line 261, in __init__
    self.dbt_graph.load(method=render_config.load_method, execution_mode=execution_config.execution_mode)
  File "/home/airflow/.local/lib/python3.11/site-packages/cosmos/dbt/graph.py", line 440, in load
    load_method[method]()
  File "/home/airflow/.local/lib/python3.11/site-packages/cosmos/dbt/graph.py", line 748, in load_from_dbt_manifest
    config=node_dict["config"],
           ~~~~~~~~~^^^^^^^^^^
KeyError: 'config'
[2026-09-08T00:26:44.490+0000] {processor.py:842} WARNING - No viable dags retrieved from /opt/airflow/dags/financial_pipeline_dag.py
[2026-09-08T00:26:44.509+0000] {processor.py:183} INFO - Processing /opt/airflow/dags/financial_pipeline_dag.py took 0.186 seconds
[2026-09-08T00:26:59.012+0000] {processor.py:161} INFO - Started process (PID=181) to work on /opt/airflow/dags/financial_pipeline_dag.py
[2026-09-08T00:26:59.014+0000] {processor.py:830} INFO - Processing file /opt/airflow/dags/financial_pipeline_dag.py for tasks to queue
[2026-09-08T00:26:59.016+0000] {logging_mixin.py:188} INFO - [2026-09-08T00:26:59.016+0000] {dagbag.py:545} INFO - Filling up the DagBag from /opt/airflow/dags/financial_pipeline_dag.py
[2026-09-08T00:26:59.169+0000] {logging_mixin.py:188} INFO - [2026-09-08T00:26:59.169+0000] {graph.py:719} INFO - Trying to parse the dbt project `transformations` using a dbt manifest...
[2026-09-08T00:26:59.191+0000] {logging_mixin.py:188} INFO - [2026-09-08T00:26:59.187+0000] {dagbag.py:355} ERROR - Failed to import: /opt/airflow/dags/financial_pipeline_dag.py
Traceback (most recent call last):
  File "/home/airflow/.local/lib/python3.11/site-packages/airflow/models/dagbag.py", line 351, in parse
    loader.exec_module(new_module)
  File "<frozen importlib._bootstrap_external>", line 940, in exec_module
  File "<frozen importlib._bootstrap>", line 241, in _call_with_frames_removed
  File "/opt/airflow/dags/financial_pipeline_dag.py", line 115, in <module>
    dbt_stg_overview = make_dbt_group("dbt_stg_overview", "stg_overview")
                       ^^^^^^^^^^^^^^^^^^^^^^^^^^^^^^^^^^^^^^^^^^^^^^^^^^
  File "/opt/airflow/dags/financial_pipeline_dag.py", line 102, in make_dbt_group
    return DbtTaskGroup(
           ^^^^^^^^^^^^^
  File "/home/airflow/.local/lib/python3.11/site-packages/cosmos/airflow/task_group.py", line 28, in __init__
    DbtToAirflowConverter.__init__(self, *args, **specific_kwargs(**kwargs))
  File "/home/airflow/.local/lib/python3.11/site-packages/cosmos/converter.py", line 261, in __init__
    self.dbt_graph.load(method=render_config.load_method, execution_mode=execution_config.execution_mode)
  File "/home/airflow/.local/lib/python3.11/site-packages/cosmos/dbt/graph.py", line 440, in load
    load_method[method]()
  File "/home/airflow/.local/lib/python3.11/site-packages/cosmos/dbt/graph.py", line 748, in load_from_dbt_manifest
    config=node_dict["config"],
           ~~~~~~~~~^^^^^^^^^^
KeyError: 'config'
[2026-09-08T00:26:59.192+0000] {processor.py:842} WARNING - No viable dags retrieved from /opt/airflow/dags/financial_pipeline_dag.py
[2026-09-08T00:26:59.211+0000] {processor.py:183} INFO - Processing /opt/airflow/dags/financial_pipeline_dag.py took 0.209 seconds
[2026-09-08T00:27:13.465+0000] {processor.py:161} INFO - Started process (PID=180) to work on /opt/airflow/dags/financial_pipeline_dag.py
[2026-09-08T00:27:13.467+0000] {processor.py:830} INFO - Processing file /opt/airflow/dags/financial_pipeline_dag.py for tasks to queue
[2026-09-08T00:27:13.469+0000] {logging_mixin.py:188} INFO - [2026-09-08T00:27:13.468+0000] {dagbag.py:545} INFO - Filling up the DagBag from /opt/airflow/dags/financial_pipeline_dag.py
[2026-09-08T00:27:13.600+0000] {logging_mixin.py:188} INFO - [2026-09-08T00:27:13.600+0000] {graph.py:719} INFO - Trying to parse the dbt project `transformations` using a dbt manifest...
[2026-09-08T00:27:13.625+0000] {logging_mixin.py:188} INFO - [2026-09-08T00:27:13.620+0000] {dagbag.py:355} ERROR - Failed to import: /opt/airflow/dags/financial_pipeline_dag.py
Traceback (most recent call last):
  File "/home/airflow/.local/lib/python3.11/site-packages/airflow/models/dagbag.py", line 351, in parse
    loader.exec_module(new_module)
  File "<frozen importlib._bootstrap_external>", line 940, in exec_module
  File "<frozen importlib._bootstrap>", line 241, in _call_with_frames_removed
  File "/opt/airflow/dags/financial_pipeline_dag.py", line 115, in <module>
    dbt_stg_overview = make_dbt_group("dbt_stg_overview", "stg_overview")
                       ^^^^^^^^^^^^^^^^^^^^^^^^^^^^^^^^^^^^^^^^^^^^^^^^^^
  File "/opt/airflow/dags/financial_pipeline_dag.py", line 102, in make_dbt_group
    return DbtTaskGroup(
           ^^^^^^^^^^^^^
  File "/home/airflow/.local/lib/python3.11/site-packages/cosmos/airflow/task_group.py", line 28, in __init__
    DbtToAirflowConverter.__init__(self, *args, **specific_kwargs(**kwargs))
  File "/home/airflow/.local/lib/python3.11/site-packages/cosmos/converter.py", line 261, in __init__
    self.dbt_graph.load(method=render_config.load_method, execution_mode=execution_config.execution_mode)
  File "/home/airflow/.local/lib/python3.11/site-packages/cosmos/dbt/graph.py", line 440, in load
    load_method[method]()
  File "/home/airflow/.local/lib/python3.11/site-packages/cosmos/dbt/graph.py", line 748, in load_from_dbt_manifest
    config=node_dict["config"],
           ~~~~~~~~~^^^^^^^^^^
KeyError: 'config'
[2026-09-08T00:27:13.627+0000] {processor.py:842} WARNING - No viable dags retrieved from /opt/airflow/dags/financial_pipeline_dag.py
[2026-09-08T00:27:13.649+0000] {processor.py:183} INFO - Processing /opt/airflow/dags/financial_pipeline_dag.py took 0.192 seconds
[2026-09-08T00:27:28.167+0000] {processor.py:161} INFO - Started process (PID=180) to work on /opt/airflow/dags/financial_pipeline_dag.py
[2026-09-08T00:27:28.168+0000] {processor.py:830} INFO - Processing file /opt/airflow/dags/financial_pipeline_dag.py for tasks to queue
[2026-09-08T00:27:28.170+0000] {logging_mixin.py:188} INFO - [2026-09-08T00:27:28.170+0000] {dagbag.py:545} INFO - Filling up the DagBag from /opt/airflow/dags/financial_pipeline_dag.py
[2026-09-08T00:27:28.315+0000] {logging_mixin.py:188} INFO - [2026-09-08T00:27:28.314+0000] {graph.py:719} INFO - Trying to parse the dbt project `transformations` using a dbt manifest...
[2026-09-08T00:27:28.337+0000] {logging_mixin.py:188} INFO - [2026-09-08T00:27:28.333+0000] {dagbag.py:355} ERROR - Failed to import: /opt/airflow/dags/financial_pipeline_dag.py
Traceback (most recent call last):
  File "/home/airflow/.local/lib/python3.11/site-packages/airflow/models/dagbag.py", line 351, in parse
    loader.exec_module(new_module)
  File "<frozen importlib._bootstrap_external>", line 940, in exec_module
  File "<frozen importlib._bootstrap>", line 241, in _call_with_frames_removed
  File "/opt/airflow/dags/financial_pipeline_dag.py", line 115, in <module>
    dbt_stg_overview = make_dbt_group("dbt_stg_overview", "stg_overview")
                       ^^^^^^^^^^^^^^^^^^^^^^^^^^^^^^^^^^^^^^^^^^^^^^^^^^
  File "/opt/airflow/dags/financial_pipeline_dag.py", line 102, in make_dbt_group
    return DbtTaskGroup(
           ^^^^^^^^^^^^^
  File "/home/airflow/.local/lib/python3.11/site-packages/cosmos/airflow/task_group.py", line 28, in __init__
    DbtToAirflowConverter.__init__(self, *args, **specific_kwargs(**kwargs))
  File "/home/airflow/.local/lib/python3.11/site-packages/cosmos/converter.py", line 261, in __init__
    self.dbt_graph.load(method=render_config.load_method, execution_mode=execution_config.execution_mode)
  File "/home/airflow/.local/lib/python3.11/site-packages/cosmos/dbt/graph.py", line 440, in load
    load_method[method]()
  File "/home/airflow/.local/lib/python3.11/site-packages/cosmos/dbt/graph.py", line 748, in load_from_dbt_manifest
    config=node_dict["config"],
           ~~~~~~~~~^^^^^^^^^^
KeyError: 'config'
[2026-09-08T00:27:28.338+0000] {processor.py:842} WARNING - No viable dags retrieved from /opt/airflow/dags/financial_pipeline_dag.py
[2026-09-08T00:27:28.358+0000] {processor.py:183} INFO - Processing /opt/airflow/dags/financial_pipeline_dag.py took 0.200 seconds
[2026-09-08T00:27:43.008+0000] {processor.py:161} INFO - Started process (PID=180) to work on /opt/airflow/dags/financial_pipeline_dag.py
[2026-09-08T00:27:43.009+0000] {processor.py:830} INFO - Processing file /opt/airflow/dags/financial_pipeline_dag.py for tasks to queue
[2026-09-08T00:27:43.012+0000] {logging_mixin.py:188} INFO - [2026-09-08T00:27:43.011+0000] {dagbag.py:545} INFO - Filling up the DagBag from /opt/airflow/dags/financial_pipeline_dag.py
[2026-09-08T00:27:43.148+0000] {logging_mixin.py:188} INFO - [2026-09-08T00:27:43.147+0000] {graph.py:719} INFO - Trying to parse the dbt project `transformations` using a dbt manifest...
[2026-09-08T00:27:43.171+0000] {logging_mixin.py:188} INFO - [2026-09-08T00:27:43.167+0000] {dagbag.py:355} ERROR - Failed to import: /opt/airflow/dags/financial_pipeline_dag.py
Traceback (most recent call last):
  File "/home/airflow/.local/lib/python3.11/site-packages/airflow/models/dagbag.py", line 351, in parse
    loader.exec_module(new_module)
  File "<frozen importlib._bootstrap_external>", line 940, in exec_module
  File "<frozen importlib._bootstrap>", line 241, in _call_with_frames_removed
  File "/opt/airflow/dags/financial_pipeline_dag.py", line 115, in <module>
    dbt_stg_overview = make_dbt_group("dbt_stg_overview", "stg_overview")
                       ^^^^^^^^^^^^^^^^^^^^^^^^^^^^^^^^^^^^^^^^^^^^^^^^^^
  File "/opt/airflow/dags/financial_pipeline_dag.py", line 102, in make_dbt_group
    return DbtTaskGroup(
           ^^^^^^^^^^^^^
  File "/home/airflow/.local/lib/python3.11/site-packages/cosmos/airflow/task_group.py", line 28, in __init__
    DbtToAirflowConverter.__init__(self, *args, **specific_kwargs(**kwargs))
  File "/home/airflow/.local/lib/python3.11/site-packages/cosmos/converter.py", line 261, in __init__
    self.dbt_graph.load(method=render_config.load_method, execution_mode=execution_config.execution_mode)
  File "/home/airflow/.local/lib/python3.11/site-packages/cosmos/dbt/graph.py", line 440, in load
    load_method[method]()
  File "/home/airflow/.local/lib/python3.11/site-packages/cosmos/dbt/graph.py", line 748, in load_from_dbt_manifest
    config=node_dict["config"],
           ~~~~~~~~~^^^^^^^^^^
KeyError: 'config'
[2026-09-08T00:27:43.173+0000] {processor.py:842} WARNING - No viable dags retrieved from /opt/airflow/dags/financial_pipeline_dag.py
[2026-09-08T00:27:43.193+0000] {processor.py:183} INFO - Processing /opt/airflow/dags/financial_pipeline_dag.py took 0.191 seconds
[2026-09-08T00:27:57.863+0000] {processor.py:161} INFO - Started process (PID=180) to work on /opt/airflow/dags/financial_pipeline_dag.py
[2026-09-08T00:27:57.865+0000] {processor.py:830} INFO - Processing file /opt/airflow/dags/financial_pipeline_dag.py for tasks to queue
[2026-09-08T00:27:57.868+0000] {logging_mixin.py:188} INFO - [2026-09-08T00:27:57.867+0000] {dagbag.py:545} INFO - Filling up the DagBag from /opt/airflow/dags/financial_pipeline_dag.py
[2026-09-08T00:27:58.044+0000] {logging_mixin.py:188} INFO - [2026-09-08T00:27:58.044+0000] {graph.py:719} INFO - Trying to parse the dbt project `transformations` using a dbt manifest...
[2026-09-08T00:27:58.070+0000] {logging_mixin.py:188} INFO - [2026-09-08T00:27:58.064+0000] {dagbag.py:355} ERROR - Failed to import: /opt/airflow/dags/financial_pipeline_dag.py
Traceback (most recent call last):
  File "/home/airflow/.local/lib/python3.11/site-packages/airflow/models/dagbag.py", line 351, in parse
    loader.exec_module(new_module)
  File "<frozen importlib._bootstrap_external>", line 940, in exec_module
  File "<frozen importlib._bootstrap>", line 241, in _call_with_frames_removed
  File "/opt/airflow/dags/financial_pipeline_dag.py", line 115, in <module>
    dbt_stg_overview = make_dbt_group("dbt_stg_overview", "stg_overview")
                       ^^^^^^^^^^^^^^^^^^^^^^^^^^^^^^^^^^^^^^^^^^^^^^^^^^
  File "/opt/airflow/dags/financial_pipeline_dag.py", line 102, in make_dbt_group
    return DbtTaskGroup(
           ^^^^^^^^^^^^^
  File "/home/airflow/.local/lib/python3.11/site-packages/cosmos/airflow/task_group.py", line 28, in __init__
    DbtToAirflowConverter.__init__(self, *args, **specific_kwargs(**kwargs))
  File "/home/airflow/.local/lib/python3.11/site-packages/cosmos/converter.py", line 261, in __init__
    self.dbt_graph.load(method=render_config.load_method, execution_mode=execution_config.execution_mode)
  File "/home/airflow/.local/lib/python3.11/site-packages/cosmos/dbt/graph.py", line 440, in load
    load_method[method]()
  File "/home/airflow/.local/lib/python3.11/site-packages/cosmos/dbt/graph.py", line 748, in load_from_dbt_manifest
    config=node_dict["config"],
           ~~~~~~~~~^^^^^^^^^^
KeyError: 'config'
[2026-09-08T00:27:58.071+0000] {processor.py:842} WARNING - No viable dags retrieved from /opt/airflow/dags/financial_pipeline_dag.py
[2026-09-08T00:27:58.093+0000] {processor.py:183} INFO - Processing /opt/airflow/dags/financial_pipeline_dag.py took 0.241 seconds
[2026-09-08T00:28:12.266+0000] {processor.py:161} INFO - Started process (PID=180) to work on /opt/airflow/dags/financial_pipeline_dag.py
[2026-09-08T00:28:12.268+0000] {processor.py:830} INFO - Processing file /opt/airflow/dags/financial_pipeline_dag.py for tasks to queue
[2026-09-08T00:28:12.270+0000] {logging_mixin.py:188} INFO - [2026-09-08T00:28:12.270+0000] {dagbag.py:545} INFO - Filling up the DagBag from /opt/airflow/dags/financial_pipeline_dag.py
[2026-09-08T00:28:12.419+0000] {logging_mixin.py:188} INFO - [2026-09-08T00:28:12.419+0000] {graph.py:719} INFO - Trying to parse the dbt project `transformations` using a dbt manifest...
[2026-09-08T00:28:12.438+0000] {logging_mixin.py:188} INFO - [2026-09-08T00:28:12.435+0000] {dagbag.py:355} ERROR - Failed to import: /opt/airflow/dags/financial_pipeline_dag.py
Traceback (most recent call last):
  File "/home/airflow/.local/lib/python3.11/site-packages/airflow/models/dagbag.py", line 351, in parse
    loader.exec_module(new_module)
  File "<frozen importlib._bootstrap_external>", line 940, in exec_module
  File "<frozen importlib._bootstrap>", line 241, in _call_with_frames_removed
  File "/opt/airflow/dags/financial_pipeline_dag.py", line 115, in <module>
    dbt_stg_overview = make_dbt_group("dbt_stg_overview", "stg_overview")
                       ^^^^^^^^^^^^^^^^^^^^^^^^^^^^^^^^^^^^^^^^^^^^^^^^^^
  File "/opt/airflow/dags/financial_pipeline_dag.py", line 102, in make_dbt_group
    return DbtTaskGroup(
           ^^^^^^^^^^^^^
  File "/home/airflow/.local/lib/python3.11/site-packages/cosmos/airflow/task_group.py", line 28, in __init__
    DbtToAirflowConverter.__init__(self, *args, **specific_kwargs(**kwargs))
  File "/home/airflow/.local/lib/python3.11/site-packages/cosmos/converter.py", line 261, in __init__
    self.dbt_graph.load(method=render_config.load_method, execution_mode=execution_config.execution_mode)
  File "/home/airflow/.local/lib/python3.11/site-packages/cosmos/dbt/graph.py", line 440, in load
    load_method[method]()
  File "/home/airflow/.local/lib/python3.11/site-packages/cosmos/dbt/graph.py", line 748, in load_from_dbt_manifest
    config=node_dict["config"],
           ~~~~~~~~~^^^^^^^^^^
KeyError: 'config'
[2026-09-08T00:28:12.439+0000] {processor.py:842} WARNING - No viable dags retrieved from /opt/airflow/dags/financial_pipeline_dag.py
[2026-09-08T00:28:12.457+0000] {processor.py:183} INFO - Processing /opt/airflow/dags/financial_pipeline_dag.py took 0.201 seconds
[2026-09-08T00:28:26.987+0000] {processor.py:161} INFO - Started process (PID=180) to work on /opt/airflow/dags/financial_pipeline_dag.py
[2026-09-08T00:28:26.988+0000] {processor.py:830} INFO - Processing file /opt/airflow/dags/financial_pipeline_dag.py for tasks to queue
[2026-09-08T00:28:26.991+0000] {logging_mixin.py:188} INFO - [2026-09-08T00:28:26.990+0000] {dagbag.py:545} INFO - Filling up the DagBag from /opt/airflow/dags/financial_pipeline_dag.py
[2026-09-08T00:28:27.125+0000] {logging_mixin.py:188} INFO - [2026-09-08T00:28:27.125+0000] {graph.py:719} INFO - Trying to parse the dbt project `transformations` using a dbt manifest...
[2026-09-08T00:28:27.151+0000] {logging_mixin.py:188} INFO - [2026-09-08T00:28:27.145+0000] {dagbag.py:355} ERROR - Failed to import: /opt/airflow/dags/financial_pipeline_dag.py
Traceback (most recent call last):
  File "/home/airflow/.local/lib/python3.11/site-packages/airflow/models/dagbag.py", line 351, in parse
    loader.exec_module(new_module)
  File "<frozen importlib._bootstrap_external>", line 940, in exec_module
  File "<frozen importlib._bootstrap>", line 241, in _call_with_frames_removed
  File "/opt/airflow/dags/financial_pipeline_dag.py", line 115, in <module>
    dbt_stg_overview = make_dbt_group("dbt_stg_overview", "stg_overview")
                       ^^^^^^^^^^^^^^^^^^^^^^^^^^^^^^^^^^^^^^^^^^^^^^^^^^
  File "/opt/airflow/dags/financial_pipeline_dag.py", line 102, in make_dbt_group
    return DbtTaskGroup(
           ^^^^^^^^^^^^^
  File "/home/airflow/.local/lib/python3.11/site-packages/cosmos/airflow/task_group.py", line 28, in __init__
    DbtToAirflowConverter.__init__(self, *args, **specific_kwargs(**kwargs))
  File "/home/airflow/.local/lib/python3.11/site-packages/cosmos/converter.py", line 261, in __init__
    self.dbt_graph.load(method=render_config.load_method, execution_mode=execution_config.execution_mode)
  File "/home/airflow/.local/lib/python3.11/site-packages/cosmos/dbt/graph.py", line 440, in load
    load_method[method]()
  File "/home/airflow/.local/lib/python3.11/site-packages/cosmos/dbt/graph.py", line 748, in load_from_dbt_manifest
    config=node_dict["config"],
           ~~~~~~~~~^^^^^^^^^^
KeyError: 'config'
[2026-09-08T00:28:27.152+0000] {processor.py:842} WARNING - No viable dags retrieved from /opt/airflow/dags/financial_pipeline_dag.py
[2026-09-08T00:28:27.175+0000] {processor.py:183} INFO - Processing /opt/airflow/dags/financial_pipeline_dag.py took 0.196 seconds
[2026-09-08T00:28:41.487+0000] {processor.py:161} INFO - Started process (PID=180) to work on /opt/airflow/dags/financial_pipeline_dag.py
[2026-09-08T00:28:41.489+0000] {processor.py:830} INFO - Processing file /opt/airflow/dags/financial_pipeline_dag.py for tasks to queue
[2026-09-08T00:28:41.490+0000] {logging_mixin.py:188} INFO - [2026-09-08T00:28:41.490+0000] {dagbag.py:545} INFO - Filling up the DagBag from /opt/airflow/dags/financial_pipeline_dag.py
[2026-09-08T00:28:41.629+0000] {logging_mixin.py:188} INFO - [2026-09-08T00:28:41.629+0000] {graph.py:719} INFO - Trying to parse the dbt project `transformations` using a dbt manifest...
[2026-09-08T00:28:41.652+0000] {logging_mixin.py:188} INFO - [2026-09-08T00:28:41.647+0000] {dagbag.py:355} ERROR - Failed to import: /opt/airflow/dags/financial_pipeline_dag.py
Traceback (most recent call last):
  File "/home/airflow/.local/lib/python3.11/site-packages/airflow/models/dagbag.py", line 351, in parse
    loader.exec_module(new_module)
  File "<frozen importlib._bootstrap_external>", line 940, in exec_module
  File "<frozen importlib._bootstrap>", line 241, in _call_with_frames_removed
  File "/opt/airflow/dags/financial_pipeline_dag.py", line 115, in <module>
    dbt_stg_overview = make_dbt_group("dbt_stg_overview", "stg_overview")
                       ^^^^^^^^^^^^^^^^^^^^^^^^^^^^^^^^^^^^^^^^^^^^^^^^^^
  File "/opt/airflow/dags/financial_pipeline_dag.py", line 102, in make_dbt_group
    return DbtTaskGroup(
           ^^^^^^^^^^^^^
  File "/home/airflow/.local/lib/python3.11/site-packages/cosmos/airflow/task_group.py", line 28, in __init__
    DbtToAirflowConverter.__init__(self, *args, **specific_kwargs(**kwargs))
  File "/home/airflow/.local/lib/python3.11/site-packages/cosmos/converter.py", line 261, in __init__
    self.dbt_graph.load(method=render_config.load_method, execution_mode=execution_config.execution_mode)
  File "/home/airflow/.local/lib/python3.11/site-packages/cosmos/dbt/graph.py", line 440, in load
    load_method[method]()
  File "/home/airflow/.local/lib/python3.11/site-packages/cosmos/dbt/graph.py", line 748, in load_from_dbt_manifest
    config=node_dict["config"],
           ~~~~~~~~~^^^^^^^^^^
KeyError: 'config'
[2026-09-08T00:28:41.653+0000] {processor.py:842} WARNING - No viable dags retrieved from /opt/airflow/dags/financial_pipeline_dag.py
[2026-09-08T00:28:41.674+0000] {processor.py:183} INFO - Processing /opt/airflow/dags/financial_pipeline_dag.py took 0.195 seconds
[2026-09-08T00:28:56.538+0000] {processor.py:161} INFO - Started process (PID=180) to work on /opt/airflow/dags/financial_pipeline_dag.py
[2026-09-08T00:28:56.539+0000] {processor.py:830} INFO - Processing file /opt/airflow/dags/financial_pipeline_dag.py for tasks to queue
[2026-09-08T00:28:56.541+0000] {logging_mixin.py:188} INFO - [2026-09-08T00:28:56.540+0000] {dagbag.py:545} INFO - Filling up the DagBag from /opt/airflow/dags/financial_pipeline_dag.py
[2026-09-08T00:28:56.699+0000] {logging_mixin.py:188} INFO - [2026-09-08T00:28:56.699+0000] {graph.py:719} INFO - Trying to parse the dbt project `transformations` using a dbt manifest...
[2026-09-08T00:28:56.724+0000] {logging_mixin.py:188} INFO - [2026-09-08T00:28:56.719+0000] {dagbag.py:355} ERROR - Failed to import: /opt/airflow/dags/financial_pipeline_dag.py
Traceback (most recent call last):
  File "/home/airflow/.local/lib/python3.11/site-packages/airflow/models/dagbag.py", line 351, in parse
    loader.exec_module(new_module)
  File "<frozen importlib._bootstrap_external>", line 940, in exec_module
  File "<frozen importlib._bootstrap>", line 241, in _call_with_frames_removed
  File "/opt/airflow/dags/financial_pipeline_dag.py", line 115, in <module>
    dbt_stg_overview = make_dbt_group("dbt_stg_overview", "stg_overview")
                       ^^^^^^^^^^^^^^^^^^^^^^^^^^^^^^^^^^^^^^^^^^^^^^^^^^
  File "/opt/airflow/dags/financial_pipeline_dag.py", line 102, in make_dbt_group
    return DbtTaskGroup(
           ^^^^^^^^^^^^^
  File "/home/airflow/.local/lib/python3.11/site-packages/cosmos/airflow/task_group.py", line 28, in __init__
    DbtToAirflowConverter.__init__(self, *args, **specific_kwargs(**kwargs))
  File "/home/airflow/.local/lib/python3.11/site-packages/cosmos/converter.py", line 261, in __init__
    self.dbt_graph.load(method=render_config.load_method, execution_mode=execution_config.execution_mode)
  File "/home/airflow/.local/lib/python3.11/site-packages/cosmos/dbt/graph.py", line 440, in load
    load_method[method]()
  File "/home/airflow/.local/lib/python3.11/site-packages/cosmos/dbt/graph.py", line 748, in load_from_dbt_manifest
    config=node_dict["config"],
           ~~~~~~~~~^^^^^^^^^^
KeyError: 'config'
[2026-09-08T00:28:56.725+0000] {processor.py:842} WARNING - No viable dags retrieved from /opt/airflow/dags/financial_pipeline_dag.py
[2026-09-08T00:28:56.753+0000] {processor.py:183} INFO - Processing /opt/airflow/dags/financial_pipeline_dag.py took 0.222 seconds
[2026-09-08T00:29:11.215+0000] {processor.py:161} INFO - Started process (PID=180) to work on /opt/airflow/dags/financial_pipeline_dag.py
[2026-09-08T00:29:11.216+0000] {processor.py:830} INFO - Processing file /opt/airflow/dags/financial_pipeline_dag.py for tasks to queue
[2026-09-08T00:29:11.219+0000] {logging_mixin.py:188} INFO - [2026-09-08T00:29:11.218+0000] {dagbag.py:545} INFO - Filling up the DagBag from /opt/airflow/dags/financial_pipeline_dag.py
[2026-09-08T00:29:11.362+0000] {logging_mixin.py:188} INFO - [2026-09-08T00:29:11.361+0000] {graph.py:719} INFO - Trying to parse the dbt project `transformations` using a dbt manifest...
[2026-09-08T00:29:11.383+0000] {logging_mixin.py:188} INFO - [2026-09-08T00:29:11.378+0000] {dagbag.py:355} ERROR - Failed to import: /opt/airflow/dags/financial_pipeline_dag.py
Traceback (most recent call last):
  File "/home/airflow/.local/lib/python3.11/site-packages/airflow/models/dagbag.py", line 351, in parse
    loader.exec_module(new_module)
  File "<frozen importlib._bootstrap_external>", line 940, in exec_module
  File "<frozen importlib._bootstrap>", line 241, in _call_with_frames_removed
  File "/opt/airflow/dags/financial_pipeline_dag.py", line 115, in <module>
    dbt_stg_overview = make_dbt_group("dbt_stg_overview", "stg_overview")
                       ^^^^^^^^^^^^^^^^^^^^^^^^^^^^^^^^^^^^^^^^^^^^^^^^^^
  File "/opt/airflow/dags/financial_pipeline_dag.py", line 102, in make_dbt_group
    return DbtTaskGroup(
           ^^^^^^^^^^^^^
  File "/home/airflow/.local/lib/python3.11/site-packages/cosmos/airflow/task_group.py", line 28, in __init__
    DbtToAirflowConverter.__init__(self, *args, **specific_kwargs(**kwargs))
  File "/home/airflow/.local/lib/python3.11/site-packages/cosmos/converter.py", line 261, in __init__
    self.dbt_graph.load(method=render_config.load_method, execution_mode=execution_config.execution_mode)
  File "/home/airflow/.local/lib/python3.11/site-packages/cosmos/dbt/graph.py", line 440, in load
    load_method[method]()
  File "/home/airflow/.local/lib/python3.11/site-packages/cosmos/dbt/graph.py", line 748, in load_from_dbt_manifest
    config=node_dict["config"],
           ~~~~~~~~~^^^^^^^^^^
KeyError: 'config'
[2026-09-08T00:29:11.384+0000] {processor.py:842} WARNING - No viable dags retrieved from /opt/airflow/dags/financial_pipeline_dag.py
[2026-09-08T00:29:11.402+0000] {processor.py:183} INFO - Processing /opt/airflow/dags/financial_pipeline_dag.py took 0.197 seconds
[2026-09-08T00:29:26.004+0000] {processor.py:161} INFO - Started process (PID=180) to work on /opt/airflow/dags/financial_pipeline_dag.py
[2026-09-08T00:29:26.007+0000] {processor.py:830} INFO - Processing file /opt/airflow/dags/financial_pipeline_dag.py for tasks to queue
[2026-09-08T00:29:26.010+0000] {logging_mixin.py:188} INFO - [2026-09-08T00:29:26.009+0000] {dagbag.py:545} INFO - Filling up the DagBag from /opt/airflow/dags/financial_pipeline_dag.py
[2026-09-08T00:29:26.194+0000] {logging_mixin.py:188} INFO - [2026-09-08T00:29:26.194+0000] {graph.py:719} INFO - Trying to parse the dbt project `transformations` using a dbt manifest...
[2026-09-08T00:29:26.218+0000] {logging_mixin.py:188} INFO - [2026-09-08T00:29:26.214+0000] {dagbag.py:355} ERROR - Failed to import: /opt/airflow/dags/financial_pipeline_dag.py
Traceback (most recent call last):
  File "/home/airflow/.local/lib/python3.11/site-packages/airflow/models/dagbag.py", line 351, in parse
    loader.exec_module(new_module)
  File "<frozen importlib._bootstrap_external>", line 940, in exec_module
  File "<frozen importlib._bootstrap>", line 241, in _call_with_frames_removed
  File "/opt/airflow/dags/financial_pipeline_dag.py", line 115, in <module>
    dbt_stg_overview = make_dbt_group("dbt_stg_overview", "stg_overview")
                       ^^^^^^^^^^^^^^^^^^^^^^^^^^^^^^^^^^^^^^^^^^^^^^^^^^
  File "/opt/airflow/dags/financial_pipeline_dag.py", line 102, in make_dbt_group
    return DbtTaskGroup(
           ^^^^^^^^^^^^^
  File "/home/airflow/.local/lib/python3.11/site-packages/cosmos/airflow/task_group.py", line 28, in __init__
    DbtToAirflowConverter.__init__(self, *args, **specific_kwargs(**kwargs))
  File "/home/airflow/.local/lib/python3.11/site-packages/cosmos/converter.py", line 261, in __init__
    self.dbt_graph.load(method=render_config.load_method, execution_mode=execution_config.execution_mode)
  File "/home/airflow/.local/lib/python3.11/site-packages/cosmos/dbt/graph.py", line 440, in load
    load_method[method]()
  File "/home/airflow/.local/lib/python3.11/site-packages/cosmos/dbt/graph.py", line 748, in load_from_dbt_manifest
    config=node_dict["config"],
           ~~~~~~~~~^^^^^^^^^^
KeyError: 'config'
[2026-09-08T00:29:26.221+0000] {processor.py:842} WARNING - No viable dags retrieved from /opt/airflow/dags/financial_pipeline_dag.py
[2026-09-08T00:29:26.245+0000] {processor.py:183} INFO - Processing /opt/airflow/dags/financial_pipeline_dag.py took 0.256 seconds
[2026-09-08T00:29:40.658+0000] {processor.py:161} INFO - Started process (PID=180) to work on /opt/airflow/dags/financial_pipeline_dag.py
[2026-09-08T00:29:40.660+0000] {processor.py:830} INFO - Processing file /opt/airflow/dags/financial_pipeline_dag.py for tasks to queue
[2026-09-08T00:29:40.662+0000] {logging_mixin.py:188} INFO - [2026-09-08T00:29:40.661+0000] {dagbag.py:545} INFO - Filling up the DagBag from /opt/airflow/dags/financial_pipeline_dag.py
[2026-09-08T00:29:40.796+0000] {logging_mixin.py:188} INFO - [2026-09-08T00:29:40.795+0000] {graph.py:719} INFO - Trying to parse the dbt project `transformations` using a dbt manifest...
[2026-09-08T00:29:40.815+0000] {logging_mixin.py:188} INFO - [2026-09-08T00:29:40.812+0000] {dagbag.py:355} ERROR - Failed to import: /opt/airflow/dags/financial_pipeline_dag.py
Traceback (most recent call last):
  File "/home/airflow/.local/lib/python3.11/site-packages/airflow/models/dagbag.py", line 351, in parse
    loader.exec_module(new_module)
  File "<frozen importlib._bootstrap_external>", line 940, in exec_module
  File "<frozen importlib._bootstrap>", line 241, in _call_with_frames_removed
  File "/opt/airflow/dags/financial_pipeline_dag.py", line 115, in <module>
    dbt_stg_overview = make_dbt_group("dbt_stg_overview", "stg_overview")
                       ^^^^^^^^^^^^^^^^^^^^^^^^^^^^^^^^^^^^^^^^^^^^^^^^^^
  File "/opt/airflow/dags/financial_pipeline_dag.py", line 102, in make_dbt_group
    return DbtTaskGroup(
           ^^^^^^^^^^^^^
  File "/home/airflow/.local/lib/python3.11/site-packages/cosmos/airflow/task_group.py", line 28, in __init__
    DbtToAirflowConverter.__init__(self, *args, **specific_kwargs(**kwargs))
  File "/home/airflow/.local/lib/python3.11/site-packages/cosmos/converter.py", line 261, in __init__
    self.dbt_graph.load(method=render_config.load_method, execution_mode=execution_config.execution_mode)
  File "/home/airflow/.local/lib/python3.11/site-packages/cosmos/dbt/graph.py", line 440, in load
    load_method[method]()
  File "/home/airflow/.local/lib/python3.11/site-packages/cosmos/dbt/graph.py", line 748, in load_from_dbt_manifest
    config=node_dict["config"],
           ~~~~~~~~~^^^^^^^^^^
KeyError: 'config'
[2026-09-08T00:29:40.817+0000] {processor.py:842} WARNING - No viable dags retrieved from /opt/airflow/dags/financial_pipeline_dag.py
[2026-09-08T00:29:40.837+0000] {processor.py:183} INFO - Processing /opt/airflow/dags/financial_pipeline_dag.py took 0.188 seconds
[2026-09-08T00:29:55.743+0000] {processor.py:161} INFO - Started process (PID=180) to work on /opt/airflow/dags/financial_pipeline_dag.py
[2026-09-08T00:29:55.744+0000] {processor.py:830} INFO - Processing file /opt/airflow/dags/financial_pipeline_dag.py for tasks to queue
[2026-09-08T00:29:55.746+0000] {logging_mixin.py:188} INFO - [2026-09-08T00:29:55.745+0000] {dagbag.py:545} INFO - Filling up the DagBag from /opt/airflow/dags/financial_pipeline_dag.py
[2026-09-08T00:29:55.883+0000] {logging_mixin.py:188} INFO - [2026-09-08T00:29:55.883+0000] {graph.py:719} INFO - Trying to parse the dbt project `transformations` using a dbt manifest...
[2026-09-08T00:29:55.903+0000] {logging_mixin.py:188} INFO - [2026-09-08T00:29:55.900+0000] {dagbag.py:355} ERROR - Failed to import: /opt/airflow/dags/financial_pipeline_dag.py
Traceback (most recent call last):
  File "/home/airflow/.local/lib/python3.11/site-packages/airflow/models/dagbag.py", line 351, in parse
    loader.exec_module(new_module)
  File "<frozen importlib._bootstrap_external>", line 940, in exec_module
  File "<frozen importlib._bootstrap>", line 241, in _call_with_frames_removed
  File "/opt/airflow/dags/financial_pipeline_dag.py", line 115, in <module>
    dbt_stg_overview = make_dbt_group("dbt_stg_overview", "stg_overview")
                       ^^^^^^^^^^^^^^^^^^^^^^^^^^^^^^^^^^^^^^^^^^^^^^^^^^
  File "/opt/airflow/dags/financial_pipeline_dag.py", line 102, in make_dbt_group
    return DbtTaskGroup(
           ^^^^^^^^^^^^^
  File "/home/airflow/.local/lib/python3.11/site-packages/cosmos/airflow/task_group.py", line 28, in __init__
    DbtToAirflowConverter.__init__(self, *args, **specific_kwargs(**kwargs))
  File "/home/airflow/.local/lib/python3.11/site-packages/cosmos/converter.py", line 261, in __init__
    self.dbt_graph.load(method=render_config.load_method, execution_mode=execution_config.execution_mode)
  File "/home/airflow/.local/lib/python3.11/site-packages/cosmos/dbt/graph.py", line 440, in load
    load_method[method]()
  File "/home/airflow/.local/lib/python3.11/site-packages/cosmos/dbt/graph.py", line 748, in load_from_dbt_manifest
    config=node_dict["config"],
           ~~~~~~~~~^^^^^^^^^^
KeyError: 'config'
[2026-09-08T00:29:55.904+0000] {processor.py:842} WARNING - No viable dags retrieved from /opt/airflow/dags/financial_pipeline_dag.py
[2026-09-08T00:29:55.922+0000] {processor.py:183} INFO - Processing /opt/airflow/dags/financial_pipeline_dag.py took 0.189 seconds
[2026-09-08T00:30:10.553+0000] {processor.py:161} INFO - Started process (PID=180) to work on /opt/airflow/dags/financial_pipeline_dag.py
[2026-09-08T00:30:10.554+0000] {processor.py:830} INFO - Processing file /opt/airflow/dags/financial_pipeline_dag.py for tasks to queue
[2026-09-08T00:30:10.556+0000] {logging_mixin.py:188} INFO - [2026-09-08T00:30:10.556+0000] {dagbag.py:545} INFO - Filling up the DagBag from /opt/airflow/dags/financial_pipeline_dag.py
[2026-09-08T00:30:10.699+0000] {logging_mixin.py:188} INFO - [2026-09-08T00:30:10.699+0000] {graph.py:719} INFO - Trying to parse the dbt project `transformations` using a dbt manifest...
[2026-09-08T00:30:10.721+0000] {logging_mixin.py:188} INFO - [2026-09-08T00:30:10.718+0000] {dagbag.py:355} ERROR - Failed to import: /opt/airflow/dags/financial_pipeline_dag.py
Traceback (most recent call last):
  File "/home/airflow/.local/lib/python3.11/site-packages/airflow/models/dagbag.py", line 351, in parse
    loader.exec_module(new_module)
  File "<frozen importlib._bootstrap_external>", line 940, in exec_module
  File "<frozen importlib._bootstrap>", line 241, in _call_with_frames_removed
  File "/opt/airflow/dags/financial_pipeline_dag.py", line 115, in <module>
    dbt_stg_overview = make_dbt_group("dbt_stg_overview", "stg_overview")
                       ^^^^^^^^^^^^^^^^^^^^^^^^^^^^^^^^^^^^^^^^^^^^^^^^^^
  File "/opt/airflow/dags/financial_pipeline_dag.py", line 102, in make_dbt_group
    return DbtTaskGroup(
           ^^^^^^^^^^^^^
  File "/home/airflow/.local/lib/python3.11/site-packages/cosmos/airflow/task_group.py", line 28, in __init__
    DbtToAirflowConverter.__init__(self, *args, **specific_kwargs(**kwargs))
  File "/home/airflow/.local/lib/python3.11/site-packages/cosmos/converter.py", line 261, in __init__
    self.dbt_graph.load(method=render_config.load_method, execution_mode=execution_config.execution_mode)
  File "/home/airflow/.local/lib/python3.11/site-packages/cosmos/dbt/graph.py", line 440, in load
    load_method[method]()
  File "/home/airflow/.local/lib/python3.11/site-packages/cosmos/dbt/graph.py", line 748, in load_from_dbt_manifest
    config=node_dict["config"],
           ~~~~~~~~~^^^^^^^^^^
KeyError: 'config'
[2026-09-08T00:30:10.723+0000] {processor.py:842} WARNING - No viable dags retrieved from /opt/airflow/dags/financial_pipeline_dag.py
[2026-09-08T00:30:10.742+0000] {processor.py:183} INFO - Processing /opt/airflow/dags/financial_pipeline_dag.py took 0.198 seconds
[2026-09-08T00:30:24.903+0000] {processor.py:161} INFO - Started process (PID=180) to work on /opt/airflow/dags/financial_pipeline_dag.py
[2026-09-08T00:30:24.904+0000] {processor.py:830} INFO - Processing file /opt/airflow/dags/financial_pipeline_dag.py for tasks to queue
[2026-09-08T00:30:24.906+0000] {logging_mixin.py:188} INFO - [2026-09-08T00:30:24.906+0000] {dagbag.py:545} INFO - Filling up the DagBag from /opt/airflow/dags/financial_pipeline_dag.py
[2026-09-08T00:30:25.047+0000] {logging_mixin.py:188} INFO - [2026-09-08T00:30:25.047+0000] {graph.py:719} INFO - Trying to parse the dbt project `transformations` using a dbt manifest...
[2026-09-08T00:30:25.068+0000] {logging_mixin.py:188} INFO - [2026-09-08T00:30:25.064+0000] {dagbag.py:355} ERROR - Failed to import: /opt/airflow/dags/financial_pipeline_dag.py
Traceback (most recent call last):
  File "/home/airflow/.local/lib/python3.11/site-packages/airflow/models/dagbag.py", line 351, in parse
    loader.exec_module(new_module)
  File "<frozen importlib._bootstrap_external>", line 940, in exec_module
  File "<frozen importlib._bootstrap>", line 241, in _call_with_frames_removed
  File "/opt/airflow/dags/financial_pipeline_dag.py", line 115, in <module>
    dbt_stg_overview = make_dbt_group("dbt_stg_overview", "stg_overview")
                       ^^^^^^^^^^^^^^^^^^^^^^^^^^^^^^^^^^^^^^^^^^^^^^^^^^
  File "/opt/airflow/dags/financial_pipeline_dag.py", line 102, in make_dbt_group
    return DbtTaskGroup(
           ^^^^^^^^^^^^^
  File "/home/airflow/.local/lib/python3.11/site-packages/cosmos/airflow/task_group.py", line 28, in __init__
    DbtToAirflowConverter.__init__(self, *args, **specific_kwargs(**kwargs))
  File "/home/airflow/.local/lib/python3.11/site-packages/cosmos/converter.py", line 261, in __init__
    self.dbt_graph.load(method=render_config.load_method, execution_mode=execution_config.execution_mode)
  File "/home/airflow/.local/lib/python3.11/site-packages/cosmos/dbt/graph.py", line 440, in load
    load_method[method]()
  File "/home/airflow/.local/lib/python3.11/site-packages/cosmos/dbt/graph.py", line 748, in load_from_dbt_manifest
    config=node_dict["config"],
           ~~~~~~~~~^^^^^^^^^^
KeyError: 'config'
[2026-09-08T00:30:25.069+0000] {processor.py:842} WARNING - No viable dags retrieved from /opt/airflow/dags/financial_pipeline_dag.py
[2026-09-08T00:30:25.087+0000] {processor.py:183} INFO - Processing /opt/airflow/dags/financial_pipeline_dag.py took 0.192 seconds
[2026-09-08T00:30:39.507+0000] {processor.py:161} INFO - Started process (PID=180) to work on /opt/airflow/dags/financial_pipeline_dag.py
[2026-09-08T00:30:39.509+0000] {processor.py:830} INFO - Processing file /opt/airflow/dags/financial_pipeline_dag.py for tasks to queue
[2026-09-08T00:30:39.512+0000] {logging_mixin.py:188} INFO - [2026-09-08T00:30:39.512+0000] {dagbag.py:545} INFO - Filling up the DagBag from /opt/airflow/dags/financial_pipeline_dag.py
[2026-09-08T00:30:39.650+0000] {logging_mixin.py:188} INFO - [2026-09-08T00:30:39.649+0000] {graph.py:719} INFO - Trying to parse the dbt project `transformations` using a dbt manifest...
[2026-09-08T00:30:39.670+0000] {logging_mixin.py:188} INFO - [2026-09-08T00:30:39.666+0000] {dagbag.py:355} ERROR - Failed to import: /opt/airflow/dags/financial_pipeline_dag.py
Traceback (most recent call last):
  File "/home/airflow/.local/lib/python3.11/site-packages/airflow/models/dagbag.py", line 351, in parse
    loader.exec_module(new_module)
  File "<frozen importlib._bootstrap_external>", line 940, in exec_module
  File "<frozen importlib._bootstrap>", line 241, in _call_with_frames_removed
  File "/opt/airflow/dags/financial_pipeline_dag.py", line 115, in <module>
    dbt_stg_overview = make_dbt_group("dbt_stg_overview", "stg_overview")
                       ^^^^^^^^^^^^^^^^^^^^^^^^^^^^^^^^^^^^^^^^^^^^^^^^^^
  File "/opt/airflow/dags/financial_pipeline_dag.py", line 102, in make_dbt_group
    return DbtTaskGroup(
           ^^^^^^^^^^^^^
  File "/home/airflow/.local/lib/python3.11/site-packages/cosmos/airflow/task_group.py", line 28, in __init__
    DbtToAirflowConverter.__init__(self, *args, **specific_kwargs(**kwargs))
  File "/home/airflow/.local/lib/python3.11/site-packages/cosmos/converter.py", line 261, in __init__
    self.dbt_graph.load(method=render_config.load_method, execution_mode=execution_config.execution_mode)
  File "/home/airflow/.local/lib/python3.11/site-packages/cosmos/dbt/graph.py", line 440, in load
    load_method[method]()
  File "/home/airflow/.local/lib/python3.11/site-packages/cosmos/dbt/graph.py", line 748, in load_from_dbt_manifest
    config=node_dict["config"],
           ~~~~~~~~~^^^^^^^^^^
KeyError: 'config'
[2026-09-08T00:30:39.671+0000] {processor.py:842} WARNING - No viable dags retrieved from /opt/airflow/dags/financial_pipeline_dag.py
[2026-09-08T00:30:39.689+0000] {processor.py:183} INFO - Processing /opt/airflow/dags/financial_pipeline_dag.py took 0.190 seconds
[2026-09-08T00:30:53.964+0000] {processor.py:161} INFO - Started process (PID=180) to work on /opt/airflow/dags/financial_pipeline_dag.py
[2026-09-08T00:30:53.972+0000] {processor.py:830} INFO - Processing file /opt/airflow/dags/financial_pipeline_dag.py for tasks to queue
[2026-09-08T00:30:53.975+0000] {logging_mixin.py:188} INFO - [2026-09-08T00:30:53.974+0000] {dagbag.py:545} INFO - Filling up the DagBag from /opt/airflow/dags/financial_pipeline_dag.py
[2026-09-08T00:30:54.156+0000] {logging_mixin.py:188} INFO - [2026-09-08T00:30:54.156+0000] {graph.py:719} INFO - Trying to parse the dbt project `transformations` using a dbt manifest...
[2026-09-08T00:30:54.182+0000] {logging_mixin.py:188} INFO - [2026-09-08T00:30:54.178+0000] {dagbag.py:355} ERROR - Failed to import: /opt/airflow/dags/financial_pipeline_dag.py
Traceback (most recent call last):
  File "/home/airflow/.local/lib/python3.11/site-packages/airflow/models/dagbag.py", line 351, in parse
    loader.exec_module(new_module)
  File "<frozen importlib._bootstrap_external>", line 940, in exec_module
  File "<frozen importlib._bootstrap>", line 241, in _call_with_frames_removed
  File "/opt/airflow/dags/financial_pipeline_dag.py", line 115, in <module>
    dbt_stg_overview = make_dbt_group("dbt_stg_overview", "stg_overview")
                       ^^^^^^^^^^^^^^^^^^^^^^^^^^^^^^^^^^^^^^^^^^^^^^^^^^
  File "/opt/airflow/dags/financial_pipeline_dag.py", line 102, in make_dbt_group
    return DbtTaskGroup(
           ^^^^^^^^^^^^^
  File "/home/airflow/.local/lib/python3.11/site-packages/cosmos/airflow/task_group.py", line 28, in __init__
    DbtToAirflowConverter.__init__(self, *args, **specific_kwargs(**kwargs))
  File "/home/airflow/.local/lib/python3.11/site-packages/cosmos/converter.py", line 261, in __init__
    self.dbt_graph.load(method=render_config.load_method, execution_mode=execution_config.execution_mode)
  File "/home/airflow/.local/lib/python3.11/site-packages/cosmos/dbt/graph.py", line 440, in load
    load_method[method]()
  File "/home/airflow/.local/lib/python3.11/site-packages/cosmos/dbt/graph.py", line 748, in load_from_dbt_manifest
    config=node_dict["config"],
           ~~~~~~~~~^^^^^^^^^^
KeyError: 'config'
[2026-09-08T00:30:54.183+0000] {processor.py:842} WARNING - No viable dags retrieved from /opt/airflow/dags/financial_pipeline_dag.py
[2026-09-08T00:30:54.208+0000] {processor.py:183} INFO - Processing /opt/airflow/dags/financial_pipeline_dag.py took 0.256 seconds
[2026-09-08T00:31:09.089+0000] {processor.py:161} INFO - Started process (PID=180) to work on /opt/airflow/dags/financial_pipeline_dag.py
[2026-09-08T00:31:09.096+0000] {processor.py:830} INFO - Processing file /opt/airflow/dags/financial_pipeline_dag.py for tasks to queue
[2026-09-08T00:31:09.099+0000] {logging_mixin.py:188} INFO - [2026-09-08T00:31:09.098+0000] {dagbag.py:545} INFO - Filling up the DagBag from /opt/airflow/dags/financial_pipeline_dag.py
[2026-09-08T00:31:09.290+0000] {logging_mixin.py:188} INFO - [2026-09-08T00:31:09.289+0000] {graph.py:719} INFO - Trying to parse the dbt project `transformations` using a dbt manifest...
[2026-09-08T00:31:09.315+0000] {logging_mixin.py:188} INFO - [2026-09-08T00:31:09.310+0000] {dagbag.py:355} ERROR - Failed to import: /opt/airflow/dags/financial_pipeline_dag.py
Traceback (most recent call last):
  File "/home/airflow/.local/lib/python3.11/site-packages/airflow/models/dagbag.py", line 351, in parse
    loader.exec_module(new_module)
  File "<frozen importlib._bootstrap_external>", line 940, in exec_module
  File "<frozen importlib._bootstrap>", line 241, in _call_with_frames_removed
  File "/opt/airflow/dags/financial_pipeline_dag.py", line 115, in <module>
    dbt_stg_overview = make_dbt_group("dbt_stg_overview", "stg_overview")
                       ^^^^^^^^^^^^^^^^^^^^^^^^^^^^^^^^^^^^^^^^^^^^^^^^^^
  File "/opt/airflow/dags/financial_pipeline_dag.py", line 102, in make_dbt_group
    return DbtTaskGroup(
           ^^^^^^^^^^^^^
  File "/home/airflow/.local/lib/python3.11/site-packages/cosmos/airflow/task_group.py", line 28, in __init__
    DbtToAirflowConverter.__init__(self, *args, **specific_kwargs(**kwargs))
  File "/home/airflow/.local/lib/python3.11/site-packages/cosmos/converter.py", line 261, in __init__
    self.dbt_graph.load(method=render_config.load_method, execution_mode=execution_config.execution_mode)
  File "/home/airflow/.local/lib/python3.11/site-packages/cosmos/dbt/graph.py", line 440, in load
    load_method[method]()
  File "/home/airflow/.local/lib/python3.11/site-packages/cosmos/dbt/graph.py", line 748, in load_from_dbt_manifest
    config=node_dict["config"],
           ~~~~~~~~~^^^^^^^^^^
KeyError: 'config'
[2026-09-08T00:31:09.316+0000] {processor.py:842} WARNING - No viable dags retrieved from /opt/airflow/dags/financial_pipeline_dag.py
[2026-09-08T00:31:09.338+0000] {processor.py:183} INFO - Processing /opt/airflow/dags/financial_pipeline_dag.py took 0.258 seconds
[2026-09-08T00:31:23.676+0000] {processor.py:161} INFO - Started process (PID=180) to work on /opt/airflow/dags/financial_pipeline_dag.py
[2026-09-08T00:31:23.680+0000] {processor.py:830} INFO - Processing file /opt/airflow/dags/financial_pipeline_dag.py for tasks to queue
[2026-09-08T00:31:23.682+0000] {logging_mixin.py:188} INFO - [2026-09-08T00:31:23.681+0000] {dagbag.py:545} INFO - Filling up the DagBag from /opt/airflow/dags/financial_pipeline_dag.py
[2026-09-08T00:31:23.829+0000] {logging_mixin.py:188} INFO - [2026-09-08T00:31:23.829+0000] {graph.py:719} INFO - Trying to parse the dbt project `transformations` using a dbt manifest...
[2026-09-08T00:31:23.853+0000] {logging_mixin.py:188} INFO - [2026-09-08T00:31:23.848+0000] {dagbag.py:355} ERROR - Failed to import: /opt/airflow/dags/financial_pipeline_dag.py
Traceback (most recent call last):
  File "/home/airflow/.local/lib/python3.11/site-packages/airflow/models/dagbag.py", line 351, in parse
    loader.exec_module(new_module)
  File "<frozen importlib._bootstrap_external>", line 940, in exec_module
  File "<frozen importlib._bootstrap>", line 241, in _call_with_frames_removed
  File "/opt/airflow/dags/financial_pipeline_dag.py", line 115, in <module>
    dbt_stg_overview = make_dbt_group("dbt_stg_overview", "stg_overview")
                       ^^^^^^^^^^^^^^^^^^^^^^^^^^^^^^^^^^^^^^^^^^^^^^^^^^
  File "/opt/airflow/dags/financial_pipeline_dag.py", line 102, in make_dbt_group
    return DbtTaskGroup(
           ^^^^^^^^^^^^^
  File "/home/airflow/.local/lib/python3.11/site-packages/cosmos/airflow/task_group.py", line 28, in __init__
    DbtToAirflowConverter.__init__(self, *args, **specific_kwargs(**kwargs))
  File "/home/airflow/.local/lib/python3.11/site-packages/cosmos/converter.py", line 261, in __init__
    self.dbt_graph.load(method=render_config.load_method, execution_mode=execution_config.execution_mode)
  File "/home/airflow/.local/lib/python3.11/site-packages/cosmos/dbt/graph.py", line 440, in load
    load_method[method]()
  File "/home/airflow/.local/lib/python3.11/site-packages/cosmos/dbt/graph.py", line 748, in load_from_dbt_manifest
    config=node_dict["config"],
           ~~~~~~~~~^^^^^^^^^^
KeyError: 'config'
[2026-09-08T00:31:23.854+0000] {processor.py:842} WARNING - No viable dags retrieved from /opt/airflow/dags/financial_pipeline_dag.py
[2026-09-08T00:31:23.882+0000] {processor.py:183} INFO - Processing /opt/airflow/dags/financial_pipeline_dag.py took 0.214 seconds
[2026-09-08T00:31:38.399+0000] {processor.py:161} INFO - Started process (PID=180) to work on /opt/airflow/dags/financial_pipeline_dag.py
[2026-09-08T00:31:38.400+0000] {processor.py:830} INFO - Processing file /opt/airflow/dags/financial_pipeline_dag.py for tasks to queue
[2026-09-08T00:31:38.403+0000] {logging_mixin.py:188} INFO - [2026-09-08T00:31:38.403+0000] {dagbag.py:545} INFO - Filling up the DagBag from /opt/airflow/dags/financial_pipeline_dag.py
[2026-09-08T00:31:38.561+0000] {logging_mixin.py:188} INFO - [2026-09-08T00:31:38.560+0000] {graph.py:719} INFO - Trying to parse the dbt project `transformations` using a dbt manifest...
[2026-09-08T00:31:38.584+0000] {logging_mixin.py:188} INFO - [2026-09-08T00:31:38.579+0000] {dagbag.py:355} ERROR - Failed to import: /opt/airflow/dags/financial_pipeline_dag.py
Traceback (most recent call last):
  File "/home/airflow/.local/lib/python3.11/site-packages/airflow/models/dagbag.py", line 351, in parse
    loader.exec_module(new_module)
  File "<frozen importlib._bootstrap_external>", line 940, in exec_module
  File "<frozen importlib._bootstrap>", line 241, in _call_with_frames_removed
  File "/opt/airflow/dags/financial_pipeline_dag.py", line 115, in <module>
    dbt_stg_overview = make_dbt_group("dbt_stg_overview", "stg_overview")
                       ^^^^^^^^^^^^^^^^^^^^^^^^^^^^^^^^^^^^^^^^^^^^^^^^^^
  File "/opt/airflow/dags/financial_pipeline_dag.py", line 102, in make_dbt_group
    return DbtTaskGroup(
           ^^^^^^^^^^^^^
  File "/home/airflow/.local/lib/python3.11/site-packages/cosmos/airflow/task_group.py", line 28, in __init__
    DbtToAirflowConverter.__init__(self, *args, **specific_kwargs(**kwargs))
  File "/home/airflow/.local/lib/python3.11/site-packages/cosmos/converter.py", line 261, in __init__
    self.dbt_graph.load(method=render_config.load_method, execution_mode=execution_config.execution_mode)
  File "/home/airflow/.local/lib/python3.11/site-packages/cosmos/dbt/graph.py", line 440, in load
    load_method[method]()
  File "/home/airflow/.local/lib/python3.11/site-packages/cosmos/dbt/graph.py", line 748, in load_from_dbt_manifest
    config=node_dict["config"],
           ~~~~~~~~~^^^^^^^^^^
KeyError: 'config'
[2026-09-08T00:31:38.585+0000] {processor.py:842} WARNING - No viable dags retrieved from /opt/airflow/dags/financial_pipeline_dag.py
[2026-09-08T00:31:38.606+0000] {processor.py:183} INFO - Processing /opt/airflow/dags/financial_pipeline_dag.py took 0.218 seconds
[2026-09-08T00:31:52.937+0000] {processor.py:161} INFO - Started process (PID=180) to work on /opt/airflow/dags/financial_pipeline_dag.py
[2026-09-08T00:31:52.938+0000] {processor.py:830} INFO - Processing file /opt/airflow/dags/financial_pipeline_dag.py for tasks to queue
[2026-09-08T00:31:52.940+0000] {logging_mixin.py:188} INFO - [2026-09-08T00:31:52.939+0000] {dagbag.py:545} INFO - Filling up the DagBag from /opt/airflow/dags/financial_pipeline_dag.py
[2026-09-08T00:31:53.078+0000] {logging_mixin.py:188} INFO - [2026-09-08T00:31:53.077+0000] {graph.py:719} INFO - Trying to parse the dbt project `transformations` using a dbt manifest...
[2026-09-08T00:31:53.098+0000] {logging_mixin.py:188} INFO - [2026-09-08T00:31:53.094+0000] {dagbag.py:355} ERROR - Failed to import: /opt/airflow/dags/financial_pipeline_dag.py
Traceback (most recent call last):
  File "/home/airflow/.local/lib/python3.11/site-packages/airflow/models/dagbag.py", line 351, in parse
    loader.exec_module(new_module)
  File "<frozen importlib._bootstrap_external>", line 940, in exec_module
  File "<frozen importlib._bootstrap>", line 241, in _call_with_frames_removed
  File "/opt/airflow/dags/financial_pipeline_dag.py", line 115, in <module>
    dbt_stg_overview = make_dbt_group("dbt_stg_overview", "stg_overview")
                       ^^^^^^^^^^^^^^^^^^^^^^^^^^^^^^^^^^^^^^^^^^^^^^^^^^
  File "/opt/airflow/dags/financial_pipeline_dag.py", line 102, in make_dbt_group
    return DbtTaskGroup(
           ^^^^^^^^^^^^^
  File "/home/airflow/.local/lib/python3.11/site-packages/cosmos/airflow/task_group.py", line 28, in __init__
    DbtToAirflowConverter.__init__(self, *args, **specific_kwargs(**kwargs))
  File "/home/airflow/.local/lib/python3.11/site-packages/cosmos/converter.py", line 261, in __init__
    self.dbt_graph.load(method=render_config.load_method, execution_mode=execution_config.execution_mode)
  File "/home/airflow/.local/lib/python3.11/site-packages/cosmos/dbt/graph.py", line 440, in load
    load_method[method]()
  File "/home/airflow/.local/lib/python3.11/site-packages/cosmos/dbt/graph.py", line 748, in load_from_dbt_manifest
    config=node_dict["config"],
           ~~~~~~~~~^^^^^^^^^^
KeyError: 'config'
[2026-09-08T00:31:53.099+0000] {processor.py:842} WARNING - No viable dags retrieved from /opt/airflow/dags/financial_pipeline_dag.py
[2026-09-08T00:31:53.121+0000] {processor.py:183} INFO - Processing /opt/airflow/dags/financial_pipeline_dag.py took 0.194 seconds
[2026-09-08T00:32:07.746+0000] {processor.py:161} INFO - Started process (PID=180) to work on /opt/airflow/dags/financial_pipeline_dag.py
[2026-09-08T00:32:07.747+0000] {processor.py:830} INFO - Processing file /opt/airflow/dags/financial_pipeline_dag.py for tasks to queue
[2026-09-08T00:32:07.749+0000] {logging_mixin.py:188} INFO - [2026-09-08T00:32:07.748+0000] {dagbag.py:545} INFO - Filling up the DagBag from /opt/airflow/dags/financial_pipeline_dag.py
[2026-09-08T00:32:07.877+0000] {logging_mixin.py:188} INFO - [2026-09-08T00:32:07.876+0000] {graph.py:719} INFO - Trying to parse the dbt project `transformations` using a dbt manifest...
[2026-09-08T00:32:07.897+0000] {logging_mixin.py:188} INFO - [2026-09-08T00:32:07.894+0000] {dagbag.py:355} ERROR - Failed to import: /opt/airflow/dags/financial_pipeline_dag.py
Traceback (most recent call last):
  File "/home/airflow/.local/lib/python3.11/site-packages/airflow/models/dagbag.py", line 351, in parse
    loader.exec_module(new_module)
  File "<frozen importlib._bootstrap_external>", line 940, in exec_module
  File "<frozen importlib._bootstrap>", line 241, in _call_with_frames_removed
  File "/opt/airflow/dags/financial_pipeline_dag.py", line 115, in <module>
    dbt_stg_overview = make_dbt_group("dbt_stg_overview", "stg_overview")
                       ^^^^^^^^^^^^^^^^^^^^^^^^^^^^^^^^^^^^^^^^^^^^^^^^^^
  File "/opt/airflow/dags/financial_pipeline_dag.py", line 102, in make_dbt_group
    return DbtTaskGroup(
           ^^^^^^^^^^^^^
  File "/home/airflow/.local/lib/python3.11/site-packages/cosmos/airflow/task_group.py", line 28, in __init__
    DbtToAirflowConverter.__init__(self, *args, **specific_kwargs(**kwargs))
  File "/home/airflow/.local/lib/python3.11/site-packages/cosmos/converter.py", line 261, in __init__
    self.dbt_graph.load(method=render_config.load_method, execution_mode=execution_config.execution_mode)
  File "/home/airflow/.local/lib/python3.11/site-packages/cosmos/dbt/graph.py", line 440, in load
    load_method[method]()
  File "/home/airflow/.local/lib/python3.11/site-packages/cosmos/dbt/graph.py", line 748, in load_from_dbt_manifest
    config=node_dict["config"],
           ~~~~~~~~~^^^^^^^^^^
KeyError: 'config'
[2026-09-08T00:32:07.898+0000] {processor.py:842} WARNING - No viable dags retrieved from /opt/airflow/dags/financial_pipeline_dag.py
[2026-09-08T00:32:07.917+0000] {processor.py:183} INFO - Processing /opt/airflow/dags/financial_pipeline_dag.py took 0.185 seconds
[2026-09-08T00:32:22.643+0000] {processor.py:161} INFO - Started process (PID=180) to work on /opt/airflow/dags/financial_pipeline_dag.py
[2026-09-08T00:32:22.645+0000] {processor.py:830} INFO - Processing file /opt/airflow/dags/financial_pipeline_dag.py for tasks to queue
[2026-09-08T00:32:22.648+0000] {logging_mixin.py:188} INFO - [2026-09-08T00:32:22.648+0000] {dagbag.py:545} INFO - Filling up the DagBag from /opt/airflow/dags/financial_pipeline_dag.py
[2026-09-08T00:32:22.797+0000] {logging_mixin.py:188} INFO - [2026-09-08T00:32:22.797+0000] {graph.py:719} INFO - Trying to parse the dbt project `transformations` using a dbt manifest...
[2026-09-08T00:32:22.817+0000] {logging_mixin.py:188} INFO - [2026-09-08T00:32:22.813+0000] {dagbag.py:355} ERROR - Failed to import: /opt/airflow/dags/financial_pipeline_dag.py
Traceback (most recent call last):
  File "/home/airflow/.local/lib/python3.11/site-packages/airflow/models/dagbag.py", line 351, in parse
    loader.exec_module(new_module)
  File "<frozen importlib._bootstrap_external>", line 940, in exec_module
  File "<frozen importlib._bootstrap>", line 241, in _call_with_frames_removed
  File "/opt/airflow/dags/financial_pipeline_dag.py", line 115, in <module>
    dbt_stg_overview = make_dbt_group("dbt_stg_overview", "stg_overview")
                       ^^^^^^^^^^^^^^^^^^^^^^^^^^^^^^^^^^^^^^^^^^^^^^^^^^
  File "/opt/airflow/dags/financial_pipeline_dag.py", line 102, in make_dbt_group
    return DbtTaskGroup(
           ^^^^^^^^^^^^^
  File "/home/airflow/.local/lib/python3.11/site-packages/cosmos/airflow/task_group.py", line 28, in __init__
    DbtToAirflowConverter.__init__(self, *args, **specific_kwargs(**kwargs))
  File "/home/airflow/.local/lib/python3.11/site-packages/cosmos/converter.py", line 261, in __init__
    self.dbt_graph.load(method=render_config.load_method, execution_mode=execution_config.execution_mode)
  File "/home/airflow/.local/lib/python3.11/site-packages/cosmos/dbt/graph.py", line 440, in load
    load_method[method]()
  File "/home/airflow/.local/lib/python3.11/site-packages/cosmos/dbt/graph.py", line 748, in load_from_dbt_manifest
    config=node_dict["config"],
           ~~~~~~~~~^^^^^^^^^^
KeyError: 'config'
[2026-09-08T00:32:22.818+0000] {processor.py:842} WARNING - No viable dags retrieved from /opt/airflow/dags/financial_pipeline_dag.py
[2026-09-08T00:32:22.836+0000] {processor.py:183} INFO - Processing /opt/airflow/dags/financial_pipeline_dag.py took 0.201 seconds
[2026-09-08T00:32:37.401+0000] {processor.py:161} INFO - Started process (PID=180) to work on /opt/airflow/dags/financial_pipeline_dag.py
[2026-09-08T00:32:37.402+0000] {processor.py:830} INFO - Processing file /opt/airflow/dags/financial_pipeline_dag.py for tasks to queue
[2026-09-08T00:32:37.404+0000] {logging_mixin.py:188} INFO - [2026-09-08T00:32:37.404+0000] {dagbag.py:545} INFO - Filling up the DagBag from /opt/airflow/dags/financial_pipeline_dag.py
[2026-09-08T00:32:37.562+0000] {logging_mixin.py:188} INFO - [2026-09-08T00:32:37.561+0000] {graph.py:719} INFO - Trying to parse the dbt project `transformations` using a dbt manifest...
[2026-09-08T00:32:37.583+0000] {logging_mixin.py:188} INFO - [2026-09-08T00:32:37.579+0000] {dagbag.py:355} ERROR - Failed to import: /opt/airflow/dags/financial_pipeline_dag.py
Traceback (most recent call last):
  File "/home/airflow/.local/lib/python3.11/site-packages/airflow/models/dagbag.py", line 351, in parse
    loader.exec_module(new_module)
  File "<frozen importlib._bootstrap_external>", line 940, in exec_module
  File "<frozen importlib._bootstrap>", line 241, in _call_with_frames_removed
  File "/opt/airflow/dags/financial_pipeline_dag.py", line 115, in <module>
    dbt_stg_overview = make_dbt_group("dbt_stg_overview", "stg_overview")
                       ^^^^^^^^^^^^^^^^^^^^^^^^^^^^^^^^^^^^^^^^^^^^^^^^^^
  File "/opt/airflow/dags/financial_pipeline_dag.py", line 102, in make_dbt_group
    return DbtTaskGroup(
           ^^^^^^^^^^^^^
  File "/home/airflow/.local/lib/python3.11/site-packages/cosmos/airflow/task_group.py", line 28, in __init__
    DbtToAirflowConverter.__init__(self, *args, **specific_kwargs(**kwargs))
  File "/home/airflow/.local/lib/python3.11/site-packages/cosmos/converter.py", line 261, in __init__
    self.dbt_graph.load(method=render_config.load_method, execution_mode=execution_config.execution_mode)
  File "/home/airflow/.local/lib/python3.11/site-packages/cosmos/dbt/graph.py", line 440, in load
    load_method[method]()
  File "/home/airflow/.local/lib/python3.11/site-packages/cosmos/dbt/graph.py", line 748, in load_from_dbt_manifest
    config=node_dict["config"],
           ~~~~~~~~~^^^^^^^^^^
KeyError: 'config'
[2026-09-08T00:32:37.584+0000] {processor.py:842} WARNING - No viable dags retrieved from /opt/airflow/dags/financial_pipeline_dag.py
[2026-09-08T00:32:37.605+0000] {processor.py:183} INFO - Processing /opt/airflow/dags/financial_pipeline_dag.py took 0.211 seconds
[2026-09-08T00:32:51.997+0000] {processor.py:161} INFO - Started process (PID=180) to work on /opt/airflow/dags/financial_pipeline_dag.py
[2026-09-08T00:32:51.999+0000] {processor.py:830} INFO - Processing file /opt/airflow/dags/financial_pipeline_dag.py for tasks to queue
[2026-09-08T00:32:52.001+0000] {logging_mixin.py:188} INFO - [2026-09-08T00:32:52.001+0000] {dagbag.py:545} INFO - Filling up the DagBag from /opt/airflow/dags/financial_pipeline_dag.py
[2026-09-08T00:32:52.159+0000] {logging_mixin.py:188} INFO - [2026-09-08T00:32:52.159+0000] {graph.py:719} INFO - Trying to parse the dbt project `transformations` using a dbt manifest...
[2026-09-08T00:32:52.181+0000] {logging_mixin.py:188} INFO - [2026-09-08T00:32:52.177+0000] {dagbag.py:355} ERROR - Failed to import: /opt/airflow/dags/financial_pipeline_dag.py
Traceback (most recent call last):
  File "/home/airflow/.local/lib/python3.11/site-packages/airflow/models/dagbag.py", line 351, in parse
    loader.exec_module(new_module)
  File "<frozen importlib._bootstrap_external>", line 940, in exec_module
  File "<frozen importlib._bootstrap>", line 241, in _call_with_frames_removed
  File "/opt/airflow/dags/financial_pipeline_dag.py", line 115, in <module>
    dbt_stg_overview = make_dbt_group("dbt_stg_overview", "stg_overview")
                       ^^^^^^^^^^^^^^^^^^^^^^^^^^^^^^^^^^^^^^^^^^^^^^^^^^
  File "/opt/airflow/dags/financial_pipeline_dag.py", line 102, in make_dbt_group
    return DbtTaskGroup(
           ^^^^^^^^^^^^^
  File "/home/airflow/.local/lib/python3.11/site-packages/cosmos/airflow/task_group.py", line 28, in __init__
    DbtToAirflowConverter.__init__(self, *args, **specific_kwargs(**kwargs))
  File "/home/airflow/.local/lib/python3.11/site-packages/cosmos/converter.py", line 261, in __init__
    self.dbt_graph.load(method=render_config.load_method, execution_mode=execution_config.execution_mode)
  File "/home/airflow/.local/lib/python3.11/site-packages/cosmos/dbt/graph.py", line 440, in load
    load_method[method]()
  File "/home/airflow/.local/lib/python3.11/site-packages/cosmos/dbt/graph.py", line 748, in load_from_dbt_manifest
    config=node_dict["config"],
           ~~~~~~~~~^^^^^^^^^^
KeyError: 'config'
[2026-09-08T00:32:52.182+0000] {processor.py:842} WARNING - No viable dags retrieved from /opt/airflow/dags/financial_pipeline_dag.py
[2026-09-08T00:32:52.202+0000] {processor.py:183} INFO - Processing /opt/airflow/dags/financial_pipeline_dag.py took 0.215 seconds
[2026-09-08T00:33:06.536+0000] {processor.py:161} INFO - Started process (PID=180) to work on /opt/airflow/dags/financial_pipeline_dag.py
[2026-09-08T00:33:06.538+0000] {processor.py:830} INFO - Processing file /opt/airflow/dags/financial_pipeline_dag.py for tasks to queue
[2026-09-08T00:33:06.541+0000] {logging_mixin.py:188} INFO - [2026-09-08T00:33:06.540+0000] {dagbag.py:545} INFO - Filling up the DagBag from /opt/airflow/dags/financial_pipeline_dag.py
[2026-09-08T00:33:06.682+0000] {logging_mixin.py:188} INFO - [2026-09-08T00:33:06.682+0000] {graph.py:719} INFO - Trying to parse the dbt project `transformations` using a dbt manifest...
[2026-09-08T00:33:06.701+0000] {logging_mixin.py:188} INFO - [2026-09-08T00:33:06.698+0000] {dagbag.py:355} ERROR - Failed to import: /opt/airflow/dags/financial_pipeline_dag.py
Traceback (most recent call last):
  File "/home/airflow/.local/lib/python3.11/site-packages/airflow/models/dagbag.py", line 351, in parse
    loader.exec_module(new_module)
  File "<frozen importlib._bootstrap_external>", line 940, in exec_module
  File "<frozen importlib._bootstrap>", line 241, in _call_with_frames_removed
  File "/opt/airflow/dags/financial_pipeline_dag.py", line 115, in <module>
    dbt_stg_overview = make_dbt_group("dbt_stg_overview", "stg_overview")
                       ^^^^^^^^^^^^^^^^^^^^^^^^^^^^^^^^^^^^^^^^^^^^^^^^^^
  File "/opt/airflow/dags/financial_pipeline_dag.py", line 102, in make_dbt_group
    return DbtTaskGroup(
           ^^^^^^^^^^^^^
  File "/home/airflow/.local/lib/python3.11/site-packages/cosmos/airflow/task_group.py", line 28, in __init__
    DbtToAirflowConverter.__init__(self, *args, **specific_kwargs(**kwargs))
  File "/home/airflow/.local/lib/python3.11/site-packages/cosmos/converter.py", line 261, in __init__
    self.dbt_graph.load(method=render_config.load_method, execution_mode=execution_config.execution_mode)
  File "/home/airflow/.local/lib/python3.11/site-packages/cosmos/dbt/graph.py", line 440, in load
    load_method[method]()
  File "/home/airflow/.local/lib/python3.11/site-packages/cosmos/dbt/graph.py", line 748, in load_from_dbt_manifest
    config=node_dict["config"],
           ~~~~~~~~~^^^^^^^^^^
KeyError: 'config'
[2026-09-08T00:33:06.702+0000] {processor.py:842} WARNING - No viable dags retrieved from /opt/airflow/dags/financial_pipeline_dag.py
[2026-09-08T00:33:06.723+0000] {processor.py:183} INFO - Processing /opt/airflow/dags/financial_pipeline_dag.py took 0.194 seconds
[2026-09-08T00:33:21.510+0000] {processor.py:161} INFO - Started process (PID=180) to work on /opt/airflow/dags/financial_pipeline_dag.py
[2026-09-08T00:33:21.511+0000] {processor.py:830} INFO - Processing file /opt/airflow/dags/financial_pipeline_dag.py for tasks to queue
[2026-09-08T00:33:21.513+0000] {logging_mixin.py:188} INFO - [2026-09-08T00:33:21.512+0000] {dagbag.py:545} INFO - Filling up the DagBag from /opt/airflow/dags/financial_pipeline_dag.py
[2026-09-08T00:33:21.663+0000] {logging_mixin.py:188} INFO - [2026-09-08T00:33:21.663+0000] {graph.py:719} INFO - Trying to parse the dbt project `transformations` using a dbt manifest...
[2026-09-08T00:33:21.690+0000] {logging_mixin.py:188} INFO - [2026-09-08T00:33:21.685+0000] {dagbag.py:355} ERROR - Failed to import: /opt/airflow/dags/financial_pipeline_dag.py
Traceback (most recent call last):
  File "/home/airflow/.local/lib/python3.11/site-packages/airflow/models/dagbag.py", line 351, in parse
    loader.exec_module(new_module)
  File "<frozen importlib._bootstrap_external>", line 940, in exec_module
  File "<frozen importlib._bootstrap>", line 241, in _call_with_frames_removed
  File "/opt/airflow/dags/financial_pipeline_dag.py", line 115, in <module>
    dbt_stg_overview = make_dbt_group("dbt_stg_overview", "stg_overview")
                       ^^^^^^^^^^^^^^^^^^^^^^^^^^^^^^^^^^^^^^^^^^^^^^^^^^
  File "/opt/airflow/dags/financial_pipeline_dag.py", line 102, in make_dbt_group
    return DbtTaskGroup(
           ^^^^^^^^^^^^^
  File "/home/airflow/.local/lib/python3.11/site-packages/cosmos/airflow/task_group.py", line 28, in __init__
    DbtToAirflowConverter.__init__(self, *args, **specific_kwargs(**kwargs))
  File "/home/airflow/.local/lib/python3.11/site-packages/cosmos/converter.py", line 261, in __init__
    self.dbt_graph.load(method=render_config.load_method, execution_mode=execution_config.execution_mode)
  File "/home/airflow/.local/lib/python3.11/site-packages/cosmos/dbt/graph.py", line 440, in load
    load_method[method]()
  File "/home/airflow/.local/lib/python3.11/site-packages/cosmos/dbt/graph.py", line 748, in load_from_dbt_manifest
    config=node_dict["config"],
           ~~~~~~~~~^^^^^^^^^^
KeyError: 'config'
[2026-09-08T00:33:21.693+0000] {processor.py:842} WARNING - No viable dags retrieved from /opt/airflow/dags/financial_pipeline_dag.py
[2026-09-08T00:33:21.717+0000] {processor.py:183} INFO - Processing /opt/airflow/dags/financial_pipeline_dag.py took 0.218 seconds
[2026-09-08T00:33:36.007+0000] {processor.py:161} INFO - Started process (PID=182) to work on /opt/airflow/dags/financial_pipeline_dag.py
[2026-09-08T00:33:36.008+0000] {processor.py:830} INFO - Processing file /opt/airflow/dags/financial_pipeline_dag.py for tasks to queue
[2026-09-08T00:33:36.010+0000] {logging_mixin.py:188} INFO - [2026-09-08T00:33:36.009+0000] {dagbag.py:545} INFO - Filling up the DagBag from /opt/airflow/dags/financial_pipeline_dag.py
[2026-09-08T00:33:36.151+0000] {logging_mixin.py:188} INFO - [2026-09-08T00:33:36.150+0000] {graph.py:719} INFO - Trying to parse the dbt project `transformations` using a dbt manifest...
[2026-09-08T00:33:36.178+0000] {logging_mixin.py:188} INFO - [2026-09-08T00:33:36.172+0000] {dagbag.py:355} ERROR - Failed to import: /opt/airflow/dags/financial_pipeline_dag.py
Traceback (most recent call last):
  File "/home/airflow/.local/lib/python3.11/site-packages/airflow/models/dagbag.py", line 351, in parse
    loader.exec_module(new_module)
  File "<frozen importlib._bootstrap_external>", line 940, in exec_module
  File "<frozen importlib._bootstrap>", line 241, in _call_with_frames_removed
  File "/opt/airflow/dags/financial_pipeline_dag.py", line 115, in <module>
    dbt_stg_overview = make_dbt_group("dbt_stg_overview", "stg_overview")
                       ^^^^^^^^^^^^^^^^^^^^^^^^^^^^^^^^^^^^^^^^^^^^^^^^^^
  File "/opt/airflow/dags/financial_pipeline_dag.py", line 102, in make_dbt_group
    return DbtTaskGroup(
           ^^^^^^^^^^^^^
  File "/home/airflow/.local/lib/python3.11/site-packages/cosmos/airflow/task_group.py", line 28, in __init__
    DbtToAirflowConverter.__init__(self, *args, **specific_kwargs(**kwargs))
  File "/home/airflow/.local/lib/python3.11/site-packages/cosmos/converter.py", line 261, in __init__
    self.dbt_graph.load(method=render_config.load_method, execution_mode=execution_config.execution_mode)
  File "/home/airflow/.local/lib/python3.11/site-packages/cosmos/dbt/graph.py", line 440, in load
    load_method[method]()
  File "/home/airflow/.local/lib/python3.11/site-packages/cosmos/dbt/graph.py", line 748, in load_from_dbt_manifest
    config=node_dict["config"],
           ~~~~~~~~~^^^^^^^^^^
KeyError: 'config'
[2026-09-08T00:33:36.180+0000] {processor.py:842} WARNING - No viable dags retrieved from /opt/airflow/dags/financial_pipeline_dag.py
[2026-09-08T00:33:36.203+0000] {processor.py:183} INFO - Processing /opt/airflow/dags/financial_pipeline_dag.py took 0.205 seconds
[2026-09-08T00:33:50.546+0000] {processor.py:161} INFO - Started process (PID=180) to work on /opt/airflow/dags/financial_pipeline_dag.py
[2026-09-08T00:33:50.548+0000] {processor.py:830} INFO - Processing file /opt/airflow/dags/financial_pipeline_dag.py for tasks to queue
[2026-09-08T00:33:50.549+0000] {logging_mixin.py:188} INFO - [2026-09-08T00:33:50.549+0000] {dagbag.py:545} INFO - Filling up the DagBag from /opt/airflow/dags/financial_pipeline_dag.py
[2026-09-08T00:33:50.687+0000] {logging_mixin.py:188} INFO - [2026-09-08T00:33:50.687+0000] {graph.py:719} INFO - Trying to parse the dbt project `transformations` using a dbt manifest...
[2026-09-08T00:33:50.707+0000] {logging_mixin.py:188} INFO - [2026-09-08T00:33:50.703+0000] {dagbag.py:355} ERROR - Failed to import: /opt/airflow/dags/financial_pipeline_dag.py
Traceback (most recent call last):
  File "/home/airflow/.local/lib/python3.11/site-packages/airflow/models/dagbag.py", line 351, in parse
    loader.exec_module(new_module)
  File "<frozen importlib._bootstrap_external>", line 940, in exec_module
  File "<frozen importlib._bootstrap>", line 241, in _call_with_frames_removed
  File "/opt/airflow/dags/financial_pipeline_dag.py", line 115, in <module>
    dbt_stg_overview = make_dbt_group("dbt_stg_overview", "stg_overview")
                       ^^^^^^^^^^^^^^^^^^^^^^^^^^^^^^^^^^^^^^^^^^^^^^^^^^
  File "/opt/airflow/dags/financial_pipeline_dag.py", line 102, in make_dbt_group
    return DbtTaskGroup(
           ^^^^^^^^^^^^^
  File "/home/airflow/.local/lib/python3.11/site-packages/cosmos/airflow/task_group.py", line 28, in __init__
    DbtToAirflowConverter.__init__(self, *args, **specific_kwargs(**kwargs))
  File "/home/airflow/.local/lib/python3.11/site-packages/cosmos/converter.py", line 261, in __init__
    self.dbt_graph.load(method=render_config.load_method, execution_mode=execution_config.execution_mode)
  File "/home/airflow/.local/lib/python3.11/site-packages/cosmos/dbt/graph.py", line 440, in load
    load_method[method]()
  File "/home/airflow/.local/lib/python3.11/site-packages/cosmos/dbt/graph.py", line 748, in load_from_dbt_manifest
    config=node_dict["config"],
           ~~~~~~~~~^^^^^^^^^^
KeyError: 'config'
[2026-09-08T00:33:50.708+0000] {processor.py:842} WARNING - No viable dags retrieved from /opt/airflow/dags/financial_pipeline_dag.py
[2026-09-08T00:33:50.727+0000] {processor.py:183} INFO - Processing /opt/airflow/dags/financial_pipeline_dag.py took 0.188 seconds
[2026-09-08T00:34:04.757+0000] {processor.py:161} INFO - Started process (PID=180) to work on /opt/airflow/dags/financial_pipeline_dag.py
[2026-09-08T00:34:04.763+0000] {processor.py:830} INFO - Processing file /opt/airflow/dags/financial_pipeline_dag.py for tasks to queue
[2026-09-08T00:34:04.765+0000] {logging_mixin.py:188} INFO - [2026-09-08T00:34:04.764+0000] {dagbag.py:545} INFO - Filling up the DagBag from /opt/airflow/dags/financial_pipeline_dag.py
[2026-09-08T00:34:04.912+0000] {logging_mixin.py:188} INFO - [2026-09-08T00:34:04.912+0000] {graph.py:719} INFO - Trying to parse the dbt project `transformations` using a dbt manifest...
[2026-09-08T00:34:04.933+0000] {logging_mixin.py:188} INFO - [2026-09-08T00:34:04.929+0000] {dagbag.py:355} ERROR - Failed to import: /opt/airflow/dags/financial_pipeline_dag.py
Traceback (most recent call last):
  File "/home/airflow/.local/lib/python3.11/site-packages/airflow/models/dagbag.py", line 351, in parse
    loader.exec_module(new_module)
  File "<frozen importlib._bootstrap_external>", line 940, in exec_module
  File "<frozen importlib._bootstrap>", line 241, in _call_with_frames_removed
  File "/opt/airflow/dags/financial_pipeline_dag.py", line 115, in <module>
    dbt_stg_overview = make_dbt_group("dbt_stg_overview", "stg_overview")
                       ^^^^^^^^^^^^^^^^^^^^^^^^^^^^^^^^^^^^^^^^^^^^^^^^^^
  File "/opt/airflow/dags/financial_pipeline_dag.py", line 102, in make_dbt_group
    return DbtTaskGroup(
           ^^^^^^^^^^^^^
  File "/home/airflow/.local/lib/python3.11/site-packages/cosmos/airflow/task_group.py", line 28, in __init__
    DbtToAirflowConverter.__init__(self, *args, **specific_kwargs(**kwargs))
  File "/home/airflow/.local/lib/python3.11/site-packages/cosmos/converter.py", line 261, in __init__
    self.dbt_graph.load(method=render_config.load_method, execution_mode=execution_config.execution_mode)
  File "/home/airflow/.local/lib/python3.11/site-packages/cosmos/dbt/graph.py", line 440, in load
    load_method[method]()
  File "/home/airflow/.local/lib/python3.11/site-packages/cosmos/dbt/graph.py", line 748, in load_from_dbt_manifest
    config=node_dict["config"],
           ~~~~~~~~~^^^^^^^^^^
KeyError: 'config'
[2026-09-08T00:34:04.934+0000] {processor.py:842} WARNING - No viable dags retrieved from /opt/airflow/dags/financial_pipeline_dag.py
[2026-09-08T00:34:04.952+0000] {processor.py:183} INFO - Processing /opt/airflow/dags/financial_pipeline_dag.py took 0.204 seconds
[2026-09-08T00:34:18.808+0000] {processor.py:161} INFO - Started process (PID=180) to work on /opt/airflow/dags/financial_pipeline_dag.py
[2026-09-08T00:34:18.810+0000] {processor.py:830} INFO - Processing file /opt/airflow/dags/financial_pipeline_dag.py for tasks to queue
[2026-09-08T00:34:18.812+0000] {logging_mixin.py:188} INFO - [2026-09-08T00:34:18.811+0000] {dagbag.py:545} INFO - Filling up the DagBag from /opt/airflow/dags/financial_pipeline_dag.py
[2026-09-08T00:34:19.007+0000] {logging_mixin.py:188} INFO - [2026-09-08T00:34:19.006+0000] {graph.py:719} INFO - Trying to parse the dbt project `transformations` using a dbt manifest...
[2026-09-08T00:34:19.027+0000] {logging_mixin.py:188} INFO - [2026-09-08T00:34:19.023+0000] {dagbag.py:355} ERROR - Failed to import: /opt/airflow/dags/financial_pipeline_dag.py
Traceback (most recent call last):
  File "/home/airflow/.local/lib/python3.11/site-packages/airflow/models/dagbag.py", line 351, in parse
    loader.exec_module(new_module)
  File "<frozen importlib._bootstrap_external>", line 940, in exec_module
  File "<frozen importlib._bootstrap>", line 241, in _call_with_frames_removed
  File "/opt/airflow/dags/financial_pipeline_dag.py", line 115, in <module>
    dbt_stg_overview = make_dbt_group("dbt_stg_overview", "stg_overview")
                       ^^^^^^^^^^^^^^^^^^^^^^^^^^^^^^^^^^^^^^^^^^^^^^^^^^
  File "/opt/airflow/dags/financial_pipeline_dag.py", line 102, in make_dbt_group
    return DbtTaskGroup(
           ^^^^^^^^^^^^^
  File "/home/airflow/.local/lib/python3.11/site-packages/cosmos/airflow/task_group.py", line 28, in __init__
    DbtToAirflowConverter.__init__(self, *args, **specific_kwargs(**kwargs))
  File "/home/airflow/.local/lib/python3.11/site-packages/cosmos/converter.py", line 261, in __init__
    self.dbt_graph.load(method=render_config.load_method, execution_mode=execution_config.execution_mode)
  File "/home/airflow/.local/lib/python3.11/site-packages/cosmos/dbt/graph.py", line 440, in load
    load_method[method]()
  File "/home/airflow/.local/lib/python3.11/site-packages/cosmos/dbt/graph.py", line 748, in load_from_dbt_manifest
    config=node_dict["config"],
           ~~~~~~~~~^^^^^^^^^^
KeyError: 'config'
[2026-09-08T00:34:19.028+0000] {processor.py:842} WARNING - No viable dags retrieved from /opt/airflow/dags/financial_pipeline_dag.py
[2026-09-08T00:34:19.048+0000] {processor.py:183} INFO - Processing /opt/airflow/dags/financial_pipeline_dag.py took 0.250 seconds
[2026-09-08T00:34:33.395+0000] {processor.py:161} INFO - Started process (PID=180) to work on /opt/airflow/dags/financial_pipeline_dag.py
[2026-09-08T00:34:33.397+0000] {processor.py:830} INFO - Processing file /opt/airflow/dags/financial_pipeline_dag.py for tasks to queue
[2026-09-08T00:34:33.399+0000] {logging_mixin.py:188} INFO - [2026-09-08T00:34:33.398+0000] {dagbag.py:545} INFO - Filling up the DagBag from /opt/airflow/dags/financial_pipeline_dag.py
[2026-09-08T00:34:33.534+0000] {logging_mixin.py:188} INFO - [2026-09-08T00:34:33.534+0000] {graph.py:719} INFO - Trying to parse the dbt project `transformations` using a dbt manifest...
[2026-09-08T00:34:33.555+0000] {logging_mixin.py:188} INFO - [2026-09-08T00:34:33.551+0000] {dagbag.py:355} ERROR - Failed to import: /opt/airflow/dags/financial_pipeline_dag.py
Traceback (most recent call last):
  File "/home/airflow/.local/lib/python3.11/site-packages/airflow/models/dagbag.py", line 351, in parse
    loader.exec_module(new_module)
  File "<frozen importlib._bootstrap_external>", line 940, in exec_module
  File "<frozen importlib._bootstrap>", line 241, in _call_with_frames_removed
  File "/opt/airflow/dags/financial_pipeline_dag.py", line 115, in <module>
    dbt_stg_overview = make_dbt_group("dbt_stg_overview", "stg_overview")
                       ^^^^^^^^^^^^^^^^^^^^^^^^^^^^^^^^^^^^^^^^^^^^^^^^^^
  File "/opt/airflow/dags/financial_pipeline_dag.py", line 102, in make_dbt_group
    return DbtTaskGroup(
           ^^^^^^^^^^^^^
  File "/home/airflow/.local/lib/python3.11/site-packages/cosmos/airflow/task_group.py", line 28, in __init__
    DbtToAirflowConverter.__init__(self, *args, **specific_kwargs(**kwargs))
  File "/home/airflow/.local/lib/python3.11/site-packages/cosmos/converter.py", line 261, in __init__
    self.dbt_graph.load(method=render_config.load_method, execution_mode=execution_config.execution_mode)
  File "/home/airflow/.local/lib/python3.11/site-packages/cosmos/dbt/graph.py", line 440, in load
    load_method[method]()
  File "/home/airflow/.local/lib/python3.11/site-packages/cosmos/dbt/graph.py", line 748, in load_from_dbt_manifest
    config=node_dict["config"],
           ~~~~~~~~~^^^^^^^^^^
KeyError: 'config'
[2026-09-08T00:34:33.557+0000] {processor.py:842} WARNING - No viable dags retrieved from /opt/airflow/dags/financial_pipeline_dag.py
[2026-09-08T00:34:33.575+0000] {processor.py:183} INFO - Processing /opt/airflow/dags/financial_pipeline_dag.py took 0.191 seconds
[2026-09-08T00:34:47.574+0000] {processor.py:161} INFO - Started process (PID=180) to work on /opt/airflow/dags/financial_pipeline_dag.py
[2026-09-08T00:34:47.575+0000] {processor.py:830} INFO - Processing file /opt/airflow/dags/financial_pipeline_dag.py for tasks to queue
[2026-09-08T00:34:47.577+0000] {logging_mixin.py:188} INFO - [2026-09-08T00:34:47.577+0000] {dagbag.py:545} INFO - Filling up the DagBag from /opt/airflow/dags/financial_pipeline_dag.py
[2026-09-08T00:34:47.717+0000] {logging_mixin.py:188} INFO - [2026-09-08T00:34:47.716+0000] {graph.py:719} INFO - Trying to parse the dbt project `transformations` using a dbt manifest...
[2026-09-08T00:34:47.737+0000] {logging_mixin.py:188} INFO - [2026-09-08T00:34:47.733+0000] {dagbag.py:355} ERROR - Failed to import: /opt/airflow/dags/financial_pipeline_dag.py
Traceback (most recent call last):
  File "/home/airflow/.local/lib/python3.11/site-packages/airflow/models/dagbag.py", line 351, in parse
    loader.exec_module(new_module)
  File "<frozen importlib._bootstrap_external>", line 940, in exec_module
  File "<frozen importlib._bootstrap>", line 241, in _call_with_frames_removed
  File "/opt/airflow/dags/financial_pipeline_dag.py", line 115, in <module>
    dbt_stg_overview = make_dbt_group("dbt_stg_overview", "stg_overview")
                       ^^^^^^^^^^^^^^^^^^^^^^^^^^^^^^^^^^^^^^^^^^^^^^^^^^
  File "/opt/airflow/dags/financial_pipeline_dag.py", line 102, in make_dbt_group
    return DbtTaskGroup(
           ^^^^^^^^^^^^^
  File "/home/airflow/.local/lib/python3.11/site-packages/cosmos/airflow/task_group.py", line 28, in __init__
    DbtToAirflowConverter.__init__(self, *args, **specific_kwargs(**kwargs))
  File "/home/airflow/.local/lib/python3.11/site-packages/cosmos/converter.py", line 261, in __init__
    self.dbt_graph.load(method=render_config.load_method, execution_mode=execution_config.execution_mode)
  File "/home/airflow/.local/lib/python3.11/site-packages/cosmos/dbt/graph.py", line 440, in load
    load_method[method]()
  File "/home/airflow/.local/lib/python3.11/site-packages/cosmos/dbt/graph.py", line 748, in load_from_dbt_manifest
    config=node_dict["config"],
           ~~~~~~~~~^^^^^^^^^^
KeyError: 'config'
[2026-09-08T00:34:47.739+0000] {processor.py:842} WARNING - No viable dags retrieved from /opt/airflow/dags/financial_pipeline_dag.py
[2026-09-08T00:34:47.758+0000] {processor.py:183} INFO - Processing /opt/airflow/dags/financial_pipeline_dag.py took 0.194 seconds
[2026-09-08T00:35:01.695+0000] {processor.py:161} INFO - Started process (PID=180) to work on /opt/airflow/dags/financial_pipeline_dag.py
[2026-09-08T00:35:01.696+0000] {processor.py:830} INFO - Processing file /opt/airflow/dags/financial_pipeline_dag.py for tasks to queue
[2026-09-08T00:35:01.698+0000] {logging_mixin.py:188} INFO - [2026-09-08T00:35:01.698+0000] {dagbag.py:545} INFO - Filling up the DagBag from /opt/airflow/dags/financial_pipeline_dag.py
[2026-09-08T00:35:01.830+0000] {logging_mixin.py:188} INFO - [2026-09-08T00:35:01.829+0000] {graph.py:719} INFO - Trying to parse the dbt project `transformations` using a dbt manifest...
[2026-09-08T00:35:01.850+0000] {logging_mixin.py:188} INFO - [2026-09-08T00:35:01.846+0000] {dagbag.py:355} ERROR - Failed to import: /opt/airflow/dags/financial_pipeline_dag.py
Traceback (most recent call last):
  File "/home/airflow/.local/lib/python3.11/site-packages/airflow/models/dagbag.py", line 351, in parse
    loader.exec_module(new_module)
  File "<frozen importlib._bootstrap_external>", line 940, in exec_module
  File "<frozen importlib._bootstrap>", line 241, in _call_with_frames_removed
  File "/opt/airflow/dags/financial_pipeline_dag.py", line 115, in <module>
    dbt_stg_overview = make_dbt_group("dbt_stg_overview", "stg_overview")
                       ^^^^^^^^^^^^^^^^^^^^^^^^^^^^^^^^^^^^^^^^^^^^^^^^^^
  File "/opt/airflow/dags/financial_pipeline_dag.py", line 102, in make_dbt_group
    return DbtTaskGroup(
           ^^^^^^^^^^^^^
  File "/home/airflow/.local/lib/python3.11/site-packages/cosmos/airflow/task_group.py", line 28, in __init__
    DbtToAirflowConverter.__init__(self, *args, **specific_kwargs(**kwargs))
  File "/home/airflow/.local/lib/python3.11/site-packages/cosmos/converter.py", line 261, in __init__
    self.dbt_graph.load(method=render_config.load_method, execution_mode=execution_config.execution_mode)
  File "/home/airflow/.local/lib/python3.11/site-packages/cosmos/dbt/graph.py", line 440, in load
    load_method[method]()
  File "/home/airflow/.local/lib/python3.11/site-packages/cosmos/dbt/graph.py", line 748, in load_from_dbt_manifest
    config=node_dict["config"],
           ~~~~~~~~~^^^^^^^^^^
KeyError: 'config'
[2026-09-08T00:35:01.851+0000] {processor.py:842} WARNING - No viable dags retrieved from /opt/airflow/dags/financial_pipeline_dag.py
[2026-09-08T00:35:01.872+0000] {processor.py:183} INFO - Processing /opt/airflow/dags/financial_pipeline_dag.py took 0.188 seconds
[2026-09-08T00:35:15.653+0000] {processor.py:161} INFO - Started process (PID=180) to work on /opt/airflow/dags/financial_pipeline_dag.py
[2026-09-08T00:35:15.656+0000] {processor.py:830} INFO - Processing file /opt/airflow/dags/financial_pipeline_dag.py for tasks to queue
[2026-09-08T00:35:15.658+0000] {logging_mixin.py:188} INFO - [2026-09-08T00:35:15.658+0000] {dagbag.py:545} INFO - Filling up the DagBag from /opt/airflow/dags/financial_pipeline_dag.py
[2026-09-08T00:35:15.796+0000] {logging_mixin.py:188} INFO - [2026-09-08T00:35:15.795+0000] {graph.py:719} INFO - Trying to parse the dbt project `transformations` using a dbt manifest...
[2026-09-08T00:35:15.816+0000] {logging_mixin.py:188} INFO - [2026-09-08T00:35:15.812+0000] {dagbag.py:355} ERROR - Failed to import: /opt/airflow/dags/financial_pipeline_dag.py
Traceback (most recent call last):
  File "/home/airflow/.local/lib/python3.11/site-packages/airflow/models/dagbag.py", line 351, in parse
    loader.exec_module(new_module)
  File "<frozen importlib._bootstrap_external>", line 940, in exec_module
  File "<frozen importlib._bootstrap>", line 241, in _call_with_frames_removed
  File "/opt/airflow/dags/financial_pipeline_dag.py", line 115, in <module>
    dbt_stg_overview = make_dbt_group("dbt_stg_overview", "stg_overview")
                       ^^^^^^^^^^^^^^^^^^^^^^^^^^^^^^^^^^^^^^^^^^^^^^^^^^
  File "/opt/airflow/dags/financial_pipeline_dag.py", line 102, in make_dbt_group
    return DbtTaskGroup(
           ^^^^^^^^^^^^^
  File "/home/airflow/.local/lib/python3.11/site-packages/cosmos/airflow/task_group.py", line 28, in __init__
    DbtToAirflowConverter.__init__(self, *args, **specific_kwargs(**kwargs))
  File "/home/airflow/.local/lib/python3.11/site-packages/cosmos/converter.py", line 261, in __init__
    self.dbt_graph.load(method=render_config.load_method, execution_mode=execution_config.execution_mode)
  File "/home/airflow/.local/lib/python3.11/site-packages/cosmos/dbt/graph.py", line 440, in load
    load_method[method]()
  File "/home/airflow/.local/lib/python3.11/site-packages/cosmos/dbt/graph.py", line 748, in load_from_dbt_manifest
    config=node_dict["config"],
           ~~~~~~~~~^^^^^^^^^^
KeyError: 'config'
[2026-09-08T00:35:15.817+0000] {processor.py:842} WARNING - No viable dags retrieved from /opt/airflow/dags/financial_pipeline_dag.py
[2026-09-08T00:35:15.837+0000] {processor.py:183} INFO - Processing /opt/airflow/dags/financial_pipeline_dag.py took 0.193 seconds
[2026-09-08T00:35:30.174+0000] {processor.py:161} INFO - Started process (PID=180) to work on /opt/airflow/dags/financial_pipeline_dag.py
[2026-09-08T00:35:30.176+0000] {processor.py:830} INFO - Processing file /opt/airflow/dags/financial_pipeline_dag.py for tasks to queue
[2026-09-08T00:35:30.178+0000] {logging_mixin.py:188} INFO - [2026-09-08T00:35:30.178+0000] {dagbag.py:545} INFO - Filling up the DagBag from /opt/airflow/dags/financial_pipeline_dag.py
[2026-09-08T00:35:30.374+0000] {logging_mixin.py:188} INFO - [2026-09-08T00:35:30.374+0000] {graph.py:719} INFO - Trying to parse the dbt project `transformations` using a dbt manifest...
[2026-09-08T00:35:30.397+0000] {logging_mixin.py:188} INFO - [2026-09-08T00:35:30.392+0000] {dagbag.py:355} ERROR - Failed to import: /opt/airflow/dags/financial_pipeline_dag.py
Traceback (most recent call last):
  File "/home/airflow/.local/lib/python3.11/site-packages/airflow/models/dagbag.py", line 351, in parse
    loader.exec_module(new_module)
  File "<frozen importlib._bootstrap_external>", line 940, in exec_module
  File "<frozen importlib._bootstrap>", line 241, in _call_with_frames_removed
  File "/opt/airflow/dags/financial_pipeline_dag.py", line 115, in <module>
    dbt_stg_overview = make_dbt_group("dbt_stg_overview", "stg_overview")
                       ^^^^^^^^^^^^^^^^^^^^^^^^^^^^^^^^^^^^^^^^^^^^^^^^^^
  File "/opt/airflow/dags/financial_pipeline_dag.py", line 102, in make_dbt_group
    return DbtTaskGroup(
           ^^^^^^^^^^^^^
  File "/home/airflow/.local/lib/python3.11/site-packages/cosmos/airflow/task_group.py", line 28, in __init__
    DbtToAirflowConverter.__init__(self, *args, **specific_kwargs(**kwargs))
  File "/home/airflow/.local/lib/python3.11/site-packages/cosmos/converter.py", line 261, in __init__
    self.dbt_graph.load(method=render_config.load_method, execution_mode=execution_config.execution_mode)
  File "/home/airflow/.local/lib/python3.11/site-packages/cosmos/dbt/graph.py", line 440, in load
    load_method[method]()
  File "/home/airflow/.local/lib/python3.11/site-packages/cosmos/dbt/graph.py", line 748, in load_from_dbt_manifest
    config=node_dict["config"],
           ~~~~~~~~~^^^^^^^^^^
KeyError: 'config'
[2026-09-08T00:35:30.398+0000] {processor.py:842} WARNING - No viable dags retrieved from /opt/airflow/dags/financial_pipeline_dag.py
[2026-09-08T00:35:30.419+0000] {processor.py:183} INFO - Processing /opt/airflow/dags/financial_pipeline_dag.py took 0.255 seconds
[2026-09-08T00:35:44.412+0000] {processor.py:161} INFO - Started process (PID=180) to work on /opt/airflow/dags/financial_pipeline_dag.py
[2026-09-08T00:35:44.413+0000] {processor.py:830} INFO - Processing file /opt/airflow/dags/financial_pipeline_dag.py for tasks to queue
[2026-09-08T00:35:44.415+0000] {logging_mixin.py:188} INFO - [2026-09-08T00:35:44.414+0000] {dagbag.py:545} INFO - Filling up the DagBag from /opt/airflow/dags/financial_pipeline_dag.py
[2026-09-08T00:35:44.547+0000] {logging_mixin.py:188} INFO - [2026-09-08T00:35:44.546+0000] {graph.py:719} INFO - Trying to parse the dbt project `transformations` using a dbt manifest...
[2026-09-08T00:35:44.567+0000] {logging_mixin.py:188} INFO - [2026-09-08T00:35:44.563+0000] {dagbag.py:355} ERROR - Failed to import: /opt/airflow/dags/financial_pipeline_dag.py
Traceback (most recent call last):
  File "/home/airflow/.local/lib/python3.11/site-packages/airflow/models/dagbag.py", line 351, in parse
    loader.exec_module(new_module)
  File "<frozen importlib._bootstrap_external>", line 940, in exec_module
  File "<frozen importlib._bootstrap>", line 241, in _call_with_frames_removed
  File "/opt/airflow/dags/financial_pipeline_dag.py", line 115, in <module>
    dbt_stg_overview = make_dbt_group("dbt_stg_overview", "stg_overview")
                       ^^^^^^^^^^^^^^^^^^^^^^^^^^^^^^^^^^^^^^^^^^^^^^^^^^
  File "/opt/airflow/dags/financial_pipeline_dag.py", line 102, in make_dbt_group
    return DbtTaskGroup(
           ^^^^^^^^^^^^^
  File "/home/airflow/.local/lib/python3.11/site-packages/cosmos/airflow/task_group.py", line 28, in __init__
    DbtToAirflowConverter.__init__(self, *args, **specific_kwargs(**kwargs))
  File "/home/airflow/.local/lib/python3.11/site-packages/cosmos/converter.py", line 261, in __init__
    self.dbt_graph.load(method=render_config.load_method, execution_mode=execution_config.execution_mode)
  File "/home/airflow/.local/lib/python3.11/site-packages/cosmos/dbt/graph.py", line 440, in load
    load_method[method]()
  File "/home/airflow/.local/lib/python3.11/site-packages/cosmos/dbt/graph.py", line 748, in load_from_dbt_manifest
    config=node_dict["config"],
           ~~~~~~~~~^^^^^^^^^^
KeyError: 'config'
[2026-09-08T00:35:44.568+0000] {processor.py:842} WARNING - No viable dags retrieved from /opt/airflow/dags/financial_pipeline_dag.py
[2026-09-08T00:35:44.586+0000] {processor.py:183} INFO - Processing /opt/airflow/dags/financial_pipeline_dag.py took 0.189 seconds
[2026-09-08T00:35:58.714+0000] {processor.py:161} INFO - Started process (PID=180) to work on /opt/airflow/dags/financial_pipeline_dag.py
[2026-09-08T00:35:58.715+0000] {processor.py:830} INFO - Processing file /opt/airflow/dags/financial_pipeline_dag.py for tasks to queue
[2026-09-08T00:35:58.718+0000] {logging_mixin.py:188} INFO - [2026-09-08T00:35:58.717+0000] {dagbag.py:545} INFO - Filling up the DagBag from /opt/airflow/dags/financial_pipeline_dag.py
[2026-09-08T00:35:58.854+0000] {logging_mixin.py:188} INFO - [2026-09-08T00:35:58.854+0000] {graph.py:719} INFO - Trying to parse the dbt project `transformations` using a dbt manifest...
[2026-09-08T00:35:58.875+0000] {logging_mixin.py:188} INFO - [2026-09-08T00:35:58.871+0000] {dagbag.py:355} ERROR - Failed to import: /opt/airflow/dags/financial_pipeline_dag.py
Traceback (most recent call last):
  File "/home/airflow/.local/lib/python3.11/site-packages/airflow/models/dagbag.py", line 351, in parse
    loader.exec_module(new_module)
  File "<frozen importlib._bootstrap_external>", line 940, in exec_module
  File "<frozen importlib._bootstrap>", line 241, in _call_with_frames_removed
  File "/opt/airflow/dags/financial_pipeline_dag.py", line 115, in <module>
    dbt_stg_overview = make_dbt_group("dbt_stg_overview", "stg_overview")
                       ^^^^^^^^^^^^^^^^^^^^^^^^^^^^^^^^^^^^^^^^^^^^^^^^^^
  File "/opt/airflow/dags/financial_pipeline_dag.py", line 102, in make_dbt_group
    return DbtTaskGroup(
           ^^^^^^^^^^^^^
  File "/home/airflow/.local/lib/python3.11/site-packages/cosmos/airflow/task_group.py", line 28, in __init__
    DbtToAirflowConverter.__init__(self, *args, **specific_kwargs(**kwargs))
  File "/home/airflow/.local/lib/python3.11/site-packages/cosmos/converter.py", line 261, in __init__
    self.dbt_graph.load(method=render_config.load_method, execution_mode=execution_config.execution_mode)
  File "/home/airflow/.local/lib/python3.11/site-packages/cosmos/dbt/graph.py", line 440, in load
    load_method[method]()
  File "/home/airflow/.local/lib/python3.11/site-packages/cosmos/dbt/graph.py", line 748, in load_from_dbt_manifest
    config=node_dict["config"],
           ~~~~~~~~~^^^^^^^^^^
KeyError: 'config'
[2026-09-08T00:35:58.877+0000] {processor.py:842} WARNING - No viable dags retrieved from /opt/airflow/dags/financial_pipeline_dag.py
[2026-09-08T00:35:58.896+0000] {processor.py:183} INFO - Processing /opt/airflow/dags/financial_pipeline_dag.py took 0.191 seconds
[2026-09-08T00:36:12.542+0000] {processor.py:161} INFO - Started process (PID=180) to work on /opt/airflow/dags/financial_pipeline_dag.py
[2026-09-08T00:36:12.543+0000] {processor.py:830} INFO - Processing file /opt/airflow/dags/financial_pipeline_dag.py for tasks to queue
[2026-09-08T00:36:12.545+0000] {logging_mixin.py:188} INFO - [2026-09-08T00:36:12.545+0000] {dagbag.py:545} INFO - Filling up the DagBag from /opt/airflow/dags/financial_pipeline_dag.py
[2026-09-08T00:36:12.676+0000] {logging_mixin.py:188} INFO - [2026-09-08T00:36:12.676+0000] {graph.py:719} INFO - Trying to parse the dbt project `transformations` using a dbt manifest...
[2026-09-08T00:36:12.696+0000] {logging_mixin.py:188} INFO - [2026-09-08T00:36:12.692+0000] {dagbag.py:355} ERROR - Failed to import: /opt/airflow/dags/financial_pipeline_dag.py
Traceback (most recent call last):
  File "/home/airflow/.local/lib/python3.11/site-packages/airflow/models/dagbag.py", line 351, in parse
    loader.exec_module(new_module)
  File "<frozen importlib._bootstrap_external>", line 940, in exec_module
  File "<frozen importlib._bootstrap>", line 241, in _call_with_frames_removed
  File "/opt/airflow/dags/financial_pipeline_dag.py", line 115, in <module>
    dbt_stg_overview = make_dbt_group("dbt_stg_overview", "stg_overview")
                       ^^^^^^^^^^^^^^^^^^^^^^^^^^^^^^^^^^^^^^^^^^^^^^^^^^
  File "/opt/airflow/dags/financial_pipeline_dag.py", line 102, in make_dbt_group
    return DbtTaskGroup(
           ^^^^^^^^^^^^^
  File "/home/airflow/.local/lib/python3.11/site-packages/cosmos/airflow/task_group.py", line 28, in __init__
    DbtToAirflowConverter.__init__(self, *args, **specific_kwargs(**kwargs))
  File "/home/airflow/.local/lib/python3.11/site-packages/cosmos/converter.py", line 261, in __init__
    self.dbt_graph.load(method=render_config.load_method, execution_mode=execution_config.execution_mode)
  File "/home/airflow/.local/lib/python3.11/site-packages/cosmos/dbt/graph.py", line 440, in load
    load_method[method]()
  File "/home/airflow/.local/lib/python3.11/site-packages/cosmos/dbt/graph.py", line 748, in load_from_dbt_manifest
    config=node_dict["config"],
           ~~~~~~~~~^^^^^^^^^^
KeyError: 'config'
[2026-09-08T00:36:12.697+0000] {processor.py:842} WARNING - No viable dags retrieved from /opt/airflow/dags/financial_pipeline_dag.py
[2026-09-08T00:36:12.716+0000] {processor.py:183} INFO - Processing /opt/airflow/dags/financial_pipeline_dag.py took 0.185 seconds
[2026-09-08T00:36:27.025+0000] {processor.py:161} INFO - Started process (PID=180) to work on /opt/airflow/dags/financial_pipeline_dag.py
[2026-09-08T00:36:27.028+0000] {processor.py:830} INFO - Processing file /opt/airflow/dags/financial_pipeline_dag.py for tasks to queue
[2026-09-08T00:36:27.041+0000] {logging_mixin.py:188} INFO - [2026-09-08T00:36:27.034+0000] {dagbag.py:545} INFO - Filling up the DagBag from /opt/airflow/dags/financial_pipeline_dag.py
[2026-09-08T00:36:27.316+0000] {logging_mixin.py:188} INFO - [2026-09-08T00:36:27.315+0000] {graph.py:719} INFO - Trying to parse the dbt project `transformations` using a dbt manifest...
[2026-09-08T00:36:27.341+0000] {logging_mixin.py:188} INFO - [2026-09-08T00:36:27.337+0000] {dagbag.py:355} ERROR - Failed to import: /opt/airflow/dags/financial_pipeline_dag.py
Traceback (most recent call last):
  File "/home/airflow/.local/lib/python3.11/site-packages/airflow/models/dagbag.py", line 351, in parse
    loader.exec_module(new_module)
  File "<frozen importlib._bootstrap_external>", line 940, in exec_module
  File "<frozen importlib._bootstrap>", line 241, in _call_with_frames_removed
  File "/opt/airflow/dags/financial_pipeline_dag.py", line 115, in <module>
    dbt_stg_overview = make_dbt_group("dbt_stg_overview", "stg_overview")
                       ^^^^^^^^^^^^^^^^^^^^^^^^^^^^^^^^^^^^^^^^^^^^^^^^^^
  File "/opt/airflow/dags/financial_pipeline_dag.py", line 102, in make_dbt_group
    return DbtTaskGroup(
           ^^^^^^^^^^^^^
  File "/home/airflow/.local/lib/python3.11/site-packages/cosmos/airflow/task_group.py", line 28, in __init__
    DbtToAirflowConverter.__init__(self, *args, **specific_kwargs(**kwargs))
  File "/home/airflow/.local/lib/python3.11/site-packages/cosmos/converter.py", line 261, in __init__
    self.dbt_graph.load(method=render_config.load_method, execution_mode=execution_config.execution_mode)
  File "/home/airflow/.local/lib/python3.11/site-packages/cosmos/dbt/graph.py", line 440, in load
    load_method[method]()
  File "/home/airflow/.local/lib/python3.11/site-packages/cosmos/dbt/graph.py", line 748, in load_from_dbt_manifest
    config=node_dict["config"],
           ~~~~~~~~~^^^^^^^^^^
KeyError: 'config'
[2026-09-08T00:36:27.343+0000] {processor.py:842} WARNING - No viable dags retrieved from /opt/airflow/dags/financial_pipeline_dag.py
[2026-09-08T00:36:27.364+0000] {processor.py:183} INFO - Processing /opt/airflow/dags/financial_pipeline_dag.py took 0.359 seconds
[2026-09-08T00:36:41.872+0000] {processor.py:161} INFO - Started process (PID=180) to work on /opt/airflow/dags/financial_pipeline_dag.py
[2026-09-08T00:36:41.874+0000] {processor.py:830} INFO - Processing file /opt/airflow/dags/financial_pipeline_dag.py for tasks to queue
[2026-09-08T00:36:41.877+0000] {logging_mixin.py:188} INFO - [2026-09-08T00:36:41.876+0000] {dagbag.py:545} INFO - Filling up the DagBag from /opt/airflow/dags/financial_pipeline_dag.py
[2026-09-08T00:36:42.059+0000] {logging_mixin.py:188} INFO - [2026-09-08T00:36:42.059+0000] {graph.py:719} INFO - Trying to parse the dbt project `transformations` using a dbt manifest...
[2026-09-08T00:36:42.084+0000] {logging_mixin.py:188} INFO - [2026-09-08T00:36:42.078+0000] {dagbag.py:355} ERROR - Failed to import: /opt/airflow/dags/financial_pipeline_dag.py
Traceback (most recent call last):
  File "/home/airflow/.local/lib/python3.11/site-packages/airflow/models/dagbag.py", line 351, in parse
    loader.exec_module(new_module)
  File "<frozen importlib._bootstrap_external>", line 940, in exec_module
  File "<frozen importlib._bootstrap>", line 241, in _call_with_frames_removed
  File "/opt/airflow/dags/financial_pipeline_dag.py", line 115, in <module>
    dbt_stg_overview = make_dbt_group("dbt_stg_overview", "stg_overview")
                       ^^^^^^^^^^^^^^^^^^^^^^^^^^^^^^^^^^^^^^^^^^^^^^^^^^
  File "/opt/airflow/dags/financial_pipeline_dag.py", line 102, in make_dbt_group
    return DbtTaskGroup(
           ^^^^^^^^^^^^^
  File "/home/airflow/.local/lib/python3.11/site-packages/cosmos/airflow/task_group.py", line 28, in __init__
    DbtToAirflowConverter.__init__(self, *args, **specific_kwargs(**kwargs))
  File "/home/airflow/.local/lib/python3.11/site-packages/cosmos/converter.py", line 261, in __init__
    self.dbt_graph.load(method=render_config.load_method, execution_mode=execution_config.execution_mode)
  File "/home/airflow/.local/lib/python3.11/site-packages/cosmos/dbt/graph.py", line 440, in load
    load_method[method]()
  File "/home/airflow/.local/lib/python3.11/site-packages/cosmos/dbt/graph.py", line 748, in load_from_dbt_manifest
    config=node_dict["config"],
           ~~~~~~~~~^^^^^^^^^^
KeyError: 'config'
[2026-09-08T00:36:42.085+0000] {processor.py:842} WARNING - No viable dags retrieved from /opt/airflow/dags/financial_pipeline_dag.py
[2026-09-08T00:36:42.107+0000] {processor.py:183} INFO - Processing /opt/airflow/dags/financial_pipeline_dag.py took 0.245 seconds
[2026-09-08T00:36:56.533+0000] {processor.py:161} INFO - Started process (PID=180) to work on /opt/airflow/dags/financial_pipeline_dag.py
[2026-09-08T00:36:56.534+0000] {processor.py:830} INFO - Processing file /opt/airflow/dags/financial_pipeline_dag.py for tasks to queue
[2026-09-08T00:36:56.536+0000] {logging_mixin.py:188} INFO - [2026-09-08T00:36:56.536+0000] {dagbag.py:545} INFO - Filling up the DagBag from /opt/airflow/dags/financial_pipeline_dag.py
[2026-09-08T00:36:56.690+0000] {logging_mixin.py:188} INFO - [2026-09-08T00:36:56.690+0000] {graph.py:719} INFO - Trying to parse the dbt project `transformations` using a dbt manifest...
[2026-09-08T00:36:56.713+0000] {logging_mixin.py:188} INFO - [2026-09-08T00:36:56.708+0000] {dagbag.py:355} ERROR - Failed to import: /opt/airflow/dags/financial_pipeline_dag.py
Traceback (most recent call last):
  File "/home/airflow/.local/lib/python3.11/site-packages/airflow/models/dagbag.py", line 351, in parse
    loader.exec_module(new_module)
  File "<frozen importlib._bootstrap_external>", line 940, in exec_module
  File "<frozen importlib._bootstrap>", line 241, in _call_with_frames_removed
  File "/opt/airflow/dags/financial_pipeline_dag.py", line 115, in <module>
    dbt_stg_overview = make_dbt_group("dbt_stg_overview", "stg_overview")
                       ^^^^^^^^^^^^^^^^^^^^^^^^^^^^^^^^^^^^^^^^^^^^^^^^^^
  File "/opt/airflow/dags/financial_pipeline_dag.py", line 102, in make_dbt_group
    return DbtTaskGroup(
           ^^^^^^^^^^^^^
  File "/home/airflow/.local/lib/python3.11/site-packages/cosmos/airflow/task_group.py", line 28, in __init__
    DbtToAirflowConverter.__init__(self, *args, **specific_kwargs(**kwargs))
  File "/home/airflow/.local/lib/python3.11/site-packages/cosmos/converter.py", line 261, in __init__
    self.dbt_graph.load(method=render_config.load_method, execution_mode=execution_config.execution_mode)
  File "/home/airflow/.local/lib/python3.11/site-packages/cosmos/dbt/graph.py", line 440, in load
    load_method[method]()
  File "/home/airflow/.local/lib/python3.11/site-packages/cosmos/dbt/graph.py", line 748, in load_from_dbt_manifest
    config=node_dict["config"],
           ~~~~~~~~~^^^^^^^^^^
KeyError: 'config'
[2026-09-08T00:36:56.714+0000] {processor.py:842} WARNING - No viable dags retrieved from /opt/airflow/dags/financial_pipeline_dag.py
[2026-09-08T00:36:56.736+0000] {processor.py:183} INFO - Processing /opt/airflow/dags/financial_pipeline_dag.py took 0.214 seconds
[2026-09-08T00:37:10.946+0000] {processor.py:161} INFO - Started process (PID=180) to work on /opt/airflow/dags/financial_pipeline_dag.py
[2026-09-08T00:37:10.947+0000] {processor.py:830} INFO - Processing file /opt/airflow/dags/financial_pipeline_dag.py for tasks to queue
[2026-09-08T00:37:10.949+0000] {logging_mixin.py:188} INFO - [2026-09-08T00:37:10.948+0000] {dagbag.py:545} INFO - Filling up the DagBag from /opt/airflow/dags/financial_pipeline_dag.py
[2026-09-08T00:37:11.084+0000] {logging_mixin.py:188} INFO - [2026-09-08T00:37:11.084+0000] {graph.py:719} INFO - Trying to parse the dbt project `transformations` using a dbt manifest...
[2026-09-08T00:37:11.104+0000] {logging_mixin.py:188} INFO - [2026-09-08T00:37:11.100+0000] {dagbag.py:355} ERROR - Failed to import: /opt/airflow/dags/financial_pipeline_dag.py
Traceback (most recent call last):
  File "/home/airflow/.local/lib/python3.11/site-packages/airflow/models/dagbag.py", line 351, in parse
    loader.exec_module(new_module)
  File "<frozen importlib._bootstrap_external>", line 940, in exec_module
  File "<frozen importlib._bootstrap>", line 241, in _call_with_frames_removed
  File "/opt/airflow/dags/financial_pipeline_dag.py", line 115, in <module>
    dbt_stg_overview = make_dbt_group("dbt_stg_overview", "stg_overview")
                       ^^^^^^^^^^^^^^^^^^^^^^^^^^^^^^^^^^^^^^^^^^^^^^^^^^
  File "/opt/airflow/dags/financial_pipeline_dag.py", line 102, in make_dbt_group
    return DbtTaskGroup(
           ^^^^^^^^^^^^^
  File "/home/airflow/.local/lib/python3.11/site-packages/cosmos/airflow/task_group.py", line 28, in __init__
    DbtToAirflowConverter.__init__(self, *args, **specific_kwargs(**kwargs))
  File "/home/airflow/.local/lib/python3.11/site-packages/cosmos/converter.py", line 261, in __init__
    self.dbt_graph.load(method=render_config.load_method, execution_mode=execution_config.execution_mode)
  File "/home/airflow/.local/lib/python3.11/site-packages/cosmos/dbt/graph.py", line 440, in load
    load_method[method]()
  File "/home/airflow/.local/lib/python3.11/site-packages/cosmos/dbt/graph.py", line 748, in load_from_dbt_manifest
    config=node_dict["config"],
           ~~~~~~~~~^^^^^^^^^^
KeyError: 'config'
[2026-09-08T00:37:11.105+0000] {processor.py:842} WARNING - No viable dags retrieved from /opt/airflow/dags/financial_pipeline_dag.py
[2026-09-08T00:37:11.129+0000] {processor.py:183} INFO - Processing /opt/airflow/dags/financial_pipeline_dag.py took 0.190 seconds
[2026-09-08T00:37:25.386+0000] {processor.py:161} INFO - Started process (PID=180) to work on /opt/airflow/dags/financial_pipeline_dag.py
[2026-09-08T00:37:25.387+0000] {processor.py:830} INFO - Processing file /opt/airflow/dags/financial_pipeline_dag.py for tasks to queue
[2026-09-08T00:37:25.389+0000] {logging_mixin.py:188} INFO - [2026-09-08T00:37:25.389+0000] {dagbag.py:545} INFO - Filling up the DagBag from /opt/airflow/dags/financial_pipeline_dag.py
[2026-09-08T00:37:25.554+0000] {logging_mixin.py:188} INFO - [2026-09-08T00:37:25.554+0000] {graph.py:719} INFO - Trying to parse the dbt project `transformations` using a dbt manifest...
[2026-09-08T00:37:25.580+0000] {logging_mixin.py:188} INFO - [2026-09-08T00:37:25.576+0000] {dagbag.py:355} ERROR - Failed to import: /opt/airflow/dags/financial_pipeline_dag.py
Traceback (most recent call last):
  File "/home/airflow/.local/lib/python3.11/site-packages/airflow/models/dagbag.py", line 351, in parse
    loader.exec_module(new_module)
  File "<frozen importlib._bootstrap_external>", line 940, in exec_module
  File "<frozen importlib._bootstrap>", line 241, in _call_with_frames_removed
  File "/opt/airflow/dags/financial_pipeline_dag.py", line 115, in <module>
    dbt_stg_overview = make_dbt_group("dbt_stg_overview", "stg_overview")
                       ^^^^^^^^^^^^^^^^^^^^^^^^^^^^^^^^^^^^^^^^^^^^^^^^^^
  File "/opt/airflow/dags/financial_pipeline_dag.py", line 102, in make_dbt_group
    return DbtTaskGroup(
           ^^^^^^^^^^^^^
  File "/home/airflow/.local/lib/python3.11/site-packages/cosmos/airflow/task_group.py", line 28, in __init__
    DbtToAirflowConverter.__init__(self, *args, **specific_kwargs(**kwargs))
  File "/home/airflow/.local/lib/python3.11/site-packages/cosmos/converter.py", line 261, in __init__
    self.dbt_graph.load(method=render_config.load_method, execution_mode=execution_config.execution_mode)
  File "/home/airflow/.local/lib/python3.11/site-packages/cosmos/dbt/graph.py", line 440, in load
    load_method[method]()
  File "/home/airflow/.local/lib/python3.11/site-packages/cosmos/dbt/graph.py", line 748, in load_from_dbt_manifest
    config=node_dict["config"],
           ~~~~~~~~~^^^^^^^^^^
KeyError: 'config'
[2026-09-08T00:37:25.582+0000] {processor.py:842} WARNING - No viable dags retrieved from /opt/airflow/dags/financial_pipeline_dag.py
[2026-09-08T00:37:25.610+0000] {processor.py:183} INFO - Processing /opt/airflow/dags/financial_pipeline_dag.py took 0.235 seconds
[2026-09-08T00:37:40.195+0000] {processor.py:161} INFO - Started process (PID=180) to work on /opt/airflow/dags/financial_pipeline_dag.py
[2026-09-08T00:37:40.197+0000] {processor.py:830} INFO - Processing file /opt/airflow/dags/financial_pipeline_dag.py for tasks to queue
[2026-09-08T00:37:40.199+0000] {logging_mixin.py:188} INFO - [2026-09-08T00:37:40.198+0000] {dagbag.py:545} INFO - Filling up the DagBag from /opt/airflow/dags/financial_pipeline_dag.py
[2026-09-08T00:37:40.346+0000] {logging_mixin.py:188} INFO - [2026-09-08T00:37:40.345+0000] {graph.py:719} INFO - Trying to parse the dbt project `transformations` using a dbt manifest...
[2026-09-08T00:37:40.367+0000] {logging_mixin.py:188} INFO - [2026-09-08T00:37:40.363+0000] {dagbag.py:355} ERROR - Failed to import: /opt/airflow/dags/financial_pipeline_dag.py
Traceback (most recent call last):
  File "/home/airflow/.local/lib/python3.11/site-packages/airflow/models/dagbag.py", line 351, in parse
    loader.exec_module(new_module)
  File "<frozen importlib._bootstrap_external>", line 940, in exec_module
  File "<frozen importlib._bootstrap>", line 241, in _call_with_frames_removed
  File "/opt/airflow/dags/financial_pipeline_dag.py", line 115, in <module>
    dbt_stg_overview = make_dbt_group("dbt_stg_overview", "stg_overview")
                       ^^^^^^^^^^^^^^^^^^^^^^^^^^^^^^^^^^^^^^^^^^^^^^^^^^
  File "/opt/airflow/dags/financial_pipeline_dag.py", line 102, in make_dbt_group
    return DbtTaskGroup(
           ^^^^^^^^^^^^^
  File "/home/airflow/.local/lib/python3.11/site-packages/cosmos/airflow/task_group.py", line 28, in __init__
    DbtToAirflowConverter.__init__(self, *args, **specific_kwargs(**kwargs))
  File "/home/airflow/.local/lib/python3.11/site-packages/cosmos/converter.py", line 261, in __init__
    self.dbt_graph.load(method=render_config.load_method, execution_mode=execution_config.execution_mode)
  File "/home/airflow/.local/lib/python3.11/site-packages/cosmos/dbt/graph.py", line 440, in load
    load_method[method]()
  File "/home/airflow/.local/lib/python3.11/site-packages/cosmos/dbt/graph.py", line 748, in load_from_dbt_manifest
    config=node_dict["config"],
           ~~~~~~~~~^^^^^^^^^^
KeyError: 'config'
[2026-09-08T00:37:40.368+0000] {processor.py:842} WARNING - No viable dags retrieved from /opt/airflow/dags/financial_pipeline_dag.py
[2026-09-08T00:37:40.387+0000] {processor.py:183} INFO - Processing /opt/airflow/dags/financial_pipeline_dag.py took 0.200 seconds
[2026-09-08T00:37:55.219+0000] {processor.py:161} INFO - Started process (PID=180) to work on /opt/airflow/dags/financial_pipeline_dag.py
[2026-09-08T00:37:55.222+0000] {processor.py:830} INFO - Processing file /opt/airflow/dags/financial_pipeline_dag.py for tasks to queue
[2026-09-08T00:37:55.224+0000] {logging_mixin.py:188} INFO - [2026-09-08T00:37:55.223+0000] {dagbag.py:545} INFO - Filling up the DagBag from /opt/airflow/dags/financial_pipeline_dag.py
[2026-09-08T00:37:55.370+0000] {logging_mixin.py:188} INFO - [2026-09-08T00:37:55.370+0000] {graph.py:719} INFO - Trying to parse the dbt project `transformations` using a dbt manifest...
[2026-09-08T00:37:55.391+0000] {logging_mixin.py:188} INFO - [2026-09-08T00:37:55.387+0000] {dagbag.py:355} ERROR - Failed to import: /opt/airflow/dags/financial_pipeline_dag.py
Traceback (most recent call last):
  File "/home/airflow/.local/lib/python3.11/site-packages/airflow/models/dagbag.py", line 351, in parse
    loader.exec_module(new_module)
  File "<frozen importlib._bootstrap_external>", line 940, in exec_module
  File "<frozen importlib._bootstrap>", line 241, in _call_with_frames_removed
  File "/opt/airflow/dags/financial_pipeline_dag.py", line 115, in <module>
    dbt_stg_overview = make_dbt_group("dbt_stg_overview", "stg_overview")
                       ^^^^^^^^^^^^^^^^^^^^^^^^^^^^^^^^^^^^^^^^^^^^^^^^^^
  File "/opt/airflow/dags/financial_pipeline_dag.py", line 102, in make_dbt_group
    return DbtTaskGroup(
           ^^^^^^^^^^^^^
  File "/home/airflow/.local/lib/python3.11/site-packages/cosmos/airflow/task_group.py", line 28, in __init__
    DbtToAirflowConverter.__init__(self, *args, **specific_kwargs(**kwargs))
  File "/home/airflow/.local/lib/python3.11/site-packages/cosmos/converter.py", line 261, in __init__
    self.dbt_graph.load(method=render_config.load_method, execution_mode=execution_config.execution_mode)
  File "/home/airflow/.local/lib/python3.11/site-packages/cosmos/dbt/graph.py", line 440, in load
    load_method[method]()
  File "/home/airflow/.local/lib/python3.11/site-packages/cosmos/dbt/graph.py", line 748, in load_from_dbt_manifest
    config=node_dict["config"],
           ~~~~~~~~~^^^^^^^^^^
KeyError: 'config'
[2026-09-08T00:37:55.392+0000] {processor.py:842} WARNING - No viable dags retrieved from /opt/airflow/dags/financial_pipeline_dag.py
[2026-09-08T00:37:55.410+0000] {processor.py:183} INFO - Processing /opt/airflow/dags/financial_pipeline_dag.py took 0.203 seconds
[2026-09-08T00:38:09.928+0000] {processor.py:161} INFO - Started process (PID=180) to work on /opt/airflow/dags/financial_pipeline_dag.py
[2026-09-08T00:38:09.930+0000] {processor.py:830} INFO - Processing file /opt/airflow/dags/financial_pipeline_dag.py for tasks to queue
[2026-09-08T00:38:09.933+0000] {logging_mixin.py:188} INFO - [2026-09-08T00:38:09.932+0000] {dagbag.py:545} INFO - Filling up the DagBag from /opt/airflow/dags/financial_pipeline_dag.py
[2026-09-08T00:38:10.104+0000] {logging_mixin.py:188} INFO - [2026-09-08T00:38:10.104+0000] {graph.py:719} INFO - Trying to parse the dbt project `transformations` using a dbt manifest...
[2026-09-08T00:38:10.129+0000] {logging_mixin.py:188} INFO - [2026-09-08T00:38:10.124+0000] {dagbag.py:355} ERROR - Failed to import: /opt/airflow/dags/financial_pipeline_dag.py
Traceback (most recent call last):
  File "/home/airflow/.local/lib/python3.11/site-packages/airflow/models/dagbag.py", line 351, in parse
    loader.exec_module(new_module)
  File "<frozen importlib._bootstrap_external>", line 940, in exec_module
  File "<frozen importlib._bootstrap>", line 241, in _call_with_frames_removed
  File "/opt/airflow/dags/financial_pipeline_dag.py", line 115, in <module>
    dbt_stg_overview = make_dbt_group("dbt_stg_overview", "stg_overview")
                       ^^^^^^^^^^^^^^^^^^^^^^^^^^^^^^^^^^^^^^^^^^^^^^^^^^
  File "/opt/airflow/dags/financial_pipeline_dag.py", line 102, in make_dbt_group
    return DbtTaskGroup(
           ^^^^^^^^^^^^^
  File "/home/airflow/.local/lib/python3.11/site-packages/cosmos/airflow/task_group.py", line 28, in __init__
    DbtToAirflowConverter.__init__(self, *args, **specific_kwargs(**kwargs))
  File "/home/airflow/.local/lib/python3.11/site-packages/cosmos/converter.py", line 261, in __init__
    self.dbt_graph.load(method=render_config.load_method, execution_mode=execution_config.execution_mode)
  File "/home/airflow/.local/lib/python3.11/site-packages/cosmos/dbt/graph.py", line 440, in load
    load_method[method]()
  File "/home/airflow/.local/lib/python3.11/site-packages/cosmos/dbt/graph.py", line 748, in load_from_dbt_manifest
    config=node_dict["config"],
           ~~~~~~~~~^^^^^^^^^^
KeyError: 'config'
[2026-09-08T00:38:10.130+0000] {processor.py:842} WARNING - No viable dags retrieved from /opt/airflow/dags/financial_pipeline_dag.py
[2026-09-08T00:38:10.152+0000] {processor.py:183} INFO - Processing /opt/airflow/dags/financial_pipeline_dag.py took 0.244 seconds
[2026-09-08T00:38:24.280+0000] {processor.py:161} INFO - Started process (PID=180) to work on /opt/airflow/dags/financial_pipeline_dag.py
[2026-09-08T00:38:24.281+0000] {processor.py:830} INFO - Processing file /opt/airflow/dags/financial_pipeline_dag.py for tasks to queue
[2026-09-08T00:38:24.286+0000] {logging_mixin.py:188} INFO - [2026-09-08T00:38:24.285+0000] {dagbag.py:545} INFO - Filling up the DagBag from /opt/airflow/dags/financial_pipeline_dag.py
[2026-09-08T00:38:24.418+0000] {logging_mixin.py:188} INFO - [2026-09-08T00:38:24.417+0000] {graph.py:719} INFO - Trying to parse the dbt project `transformations` using a dbt manifest...
[2026-09-08T00:38:24.438+0000] {logging_mixin.py:188} INFO - [2026-09-08T00:38:24.434+0000] {dagbag.py:355} ERROR - Failed to import: /opt/airflow/dags/financial_pipeline_dag.py
Traceback (most recent call last):
  File "/home/airflow/.local/lib/python3.11/site-packages/airflow/models/dagbag.py", line 351, in parse
    loader.exec_module(new_module)
  File "<frozen importlib._bootstrap_external>", line 940, in exec_module
  File "<frozen importlib._bootstrap>", line 241, in _call_with_frames_removed
  File "/opt/airflow/dags/financial_pipeline_dag.py", line 115, in <module>
    dbt_stg_overview = make_dbt_group("dbt_stg_overview", "stg_overview")
                       ^^^^^^^^^^^^^^^^^^^^^^^^^^^^^^^^^^^^^^^^^^^^^^^^^^
  File "/opt/airflow/dags/financial_pipeline_dag.py", line 102, in make_dbt_group
    return DbtTaskGroup(
           ^^^^^^^^^^^^^
  File "/home/airflow/.local/lib/python3.11/site-packages/cosmos/airflow/task_group.py", line 28, in __init__
    DbtToAirflowConverter.__init__(self, *args, **specific_kwargs(**kwargs))
  File "/home/airflow/.local/lib/python3.11/site-packages/cosmos/converter.py", line 261, in __init__
    self.dbt_graph.load(method=render_config.load_method, execution_mode=execution_config.execution_mode)
  File "/home/airflow/.local/lib/python3.11/site-packages/cosmos/dbt/graph.py", line 440, in load
    load_method[method]()
  File "/home/airflow/.local/lib/python3.11/site-packages/cosmos/dbt/graph.py", line 748, in load_from_dbt_manifest
    config=node_dict["config"],
           ~~~~~~~~~^^^^^^^^^^
KeyError: 'config'
[2026-09-08T00:38:24.440+0000] {processor.py:842} WARNING - No viable dags retrieved from /opt/airflow/dags/financial_pipeline_dag.py
[2026-09-08T00:38:24.457+0000] {processor.py:183} INFO - Processing /opt/airflow/dags/financial_pipeline_dag.py took 0.185 seconds
[2026-09-08T00:38:38.625+0000] {processor.py:161} INFO - Started process (PID=180) to work on /opt/airflow/dags/financial_pipeline_dag.py
[2026-09-08T00:38:38.626+0000] {processor.py:830} INFO - Processing file /opt/airflow/dags/financial_pipeline_dag.py for tasks to queue
[2026-09-08T00:38:38.628+0000] {logging_mixin.py:188} INFO - [2026-09-08T00:38:38.627+0000] {dagbag.py:545} INFO - Filling up the DagBag from /opt/airflow/dags/financial_pipeline_dag.py
[2026-09-08T00:38:38.774+0000] {logging_mixin.py:188} INFO - [2026-09-08T00:38:38.774+0000] {graph.py:719} INFO - Trying to parse the dbt project `transformations` using a dbt manifest...
[2026-09-08T00:38:38.793+0000] {logging_mixin.py:188} INFO - [2026-09-08T00:38:38.790+0000] {dagbag.py:355} ERROR - Failed to import: /opt/airflow/dags/financial_pipeline_dag.py
Traceback (most recent call last):
  File "/home/airflow/.local/lib/python3.11/site-packages/airflow/models/dagbag.py", line 351, in parse
    loader.exec_module(new_module)
  File "<frozen importlib._bootstrap_external>", line 940, in exec_module
  File "<frozen importlib._bootstrap>", line 241, in _call_with_frames_removed
  File "/opt/airflow/dags/financial_pipeline_dag.py", line 115, in <module>
    dbt_stg_overview = make_dbt_group("dbt_stg_overview", "stg_overview")
                       ^^^^^^^^^^^^^^^^^^^^^^^^^^^^^^^^^^^^^^^^^^^^^^^^^^
  File "/opt/airflow/dags/financial_pipeline_dag.py", line 102, in make_dbt_group
    return DbtTaskGroup(
           ^^^^^^^^^^^^^
  File "/home/airflow/.local/lib/python3.11/site-packages/cosmos/airflow/task_group.py", line 28, in __init__
    DbtToAirflowConverter.__init__(self, *args, **specific_kwargs(**kwargs))
  File "/home/airflow/.local/lib/python3.11/site-packages/cosmos/converter.py", line 261, in __init__
    self.dbt_graph.load(method=render_config.load_method, execution_mode=execution_config.execution_mode)
  File "/home/airflow/.local/lib/python3.11/site-packages/cosmos/dbt/graph.py", line 440, in load
    load_method[method]()
  File "/home/airflow/.local/lib/python3.11/site-packages/cosmos/dbt/graph.py", line 748, in load_from_dbt_manifest
    config=node_dict["config"],
           ~~~~~~~~~^^^^^^^^^^
KeyError: 'config'
[2026-09-08T00:38:38.795+0000] {processor.py:842} WARNING - No viable dags retrieved from /opt/airflow/dags/financial_pipeline_dag.py
[2026-09-08T00:38:38.812+0000] {processor.py:183} INFO - Processing /opt/airflow/dags/financial_pipeline_dag.py took 0.196 seconds
[2026-09-08T00:38:53.282+0000] {processor.py:161} INFO - Started process (PID=180) to work on /opt/airflow/dags/financial_pipeline_dag.py
[2026-09-08T00:38:53.284+0000] {processor.py:830} INFO - Processing file /opt/airflow/dags/financial_pipeline_dag.py for tasks to queue
[2026-09-08T00:38:53.286+0000] {logging_mixin.py:188} INFO - [2026-09-08T00:38:53.286+0000] {dagbag.py:545} INFO - Filling up the DagBag from /opt/airflow/dags/financial_pipeline_dag.py
[2026-09-08T00:38:53.426+0000] {logging_mixin.py:188} INFO - [2026-09-08T00:38:53.426+0000] {graph.py:719} INFO - Trying to parse the dbt project `transformations` using a dbt manifest...
[2026-09-08T00:38:53.447+0000] {logging_mixin.py:188} INFO - [2026-09-08T00:38:53.443+0000] {dagbag.py:355} ERROR - Failed to import: /opt/airflow/dags/financial_pipeline_dag.py
Traceback (most recent call last):
  File "/home/airflow/.local/lib/python3.11/site-packages/airflow/models/dagbag.py", line 351, in parse
    loader.exec_module(new_module)
  File "<frozen importlib._bootstrap_external>", line 940, in exec_module
  File "<frozen importlib._bootstrap>", line 241, in _call_with_frames_removed
  File "/opt/airflow/dags/financial_pipeline_dag.py", line 115, in <module>
    dbt_stg_overview = make_dbt_group("dbt_stg_overview", "stg_overview")
                       ^^^^^^^^^^^^^^^^^^^^^^^^^^^^^^^^^^^^^^^^^^^^^^^^^^
  File "/opt/airflow/dags/financial_pipeline_dag.py", line 102, in make_dbt_group
    return DbtTaskGroup(
           ^^^^^^^^^^^^^
  File "/home/airflow/.local/lib/python3.11/site-packages/cosmos/airflow/task_group.py", line 28, in __init__
    DbtToAirflowConverter.__init__(self, *args, **specific_kwargs(**kwargs))
  File "/home/airflow/.local/lib/python3.11/site-packages/cosmos/converter.py", line 261, in __init__
    self.dbt_graph.load(method=render_config.load_method, execution_mode=execution_config.execution_mode)
  File "/home/airflow/.local/lib/python3.11/site-packages/cosmos/dbt/graph.py", line 440, in load
    load_method[method]()
  File "/home/airflow/.local/lib/python3.11/site-packages/cosmos/dbt/graph.py", line 748, in load_from_dbt_manifest
    config=node_dict["config"],
           ~~~~~~~~~^^^^^^^^^^
KeyError: 'config'
[2026-09-08T00:38:53.449+0000] {processor.py:842} WARNING - No viable dags retrieved from /opt/airflow/dags/financial_pipeline_dag.py
[2026-09-08T00:38:53.470+0000] {processor.py:183} INFO - Processing /opt/airflow/dags/financial_pipeline_dag.py took 0.198 seconds
[2026-09-08T00:39:11.080+0000] {processor.py:161} INFO - Started process (PID=181) to work on /opt/airflow/dags/financial_pipeline_dag.py
[2026-09-08T00:39:11.082+0000] {processor.py:830} INFO - Processing file /opt/airflow/dags/financial_pipeline_dag.py for tasks to queue
[2026-09-08T00:39:11.086+0000] {logging_mixin.py:188} INFO - [2026-09-08T00:39:11.085+0000] {dagbag.py:545} INFO - Filling up the DagBag from /opt/airflow/dags/financial_pipeline_dag.py
[2026-09-08T00:39:11.357+0000] {logging_mixin.py:188} INFO - [2026-09-08T00:39:11.356+0000] {graph.py:719} INFO - Trying to parse the dbt project `transformations` using a dbt manifest...
[2026-09-08T00:39:11.378+0000] {logging_mixin.py:188} INFO - [2026-09-08T00:39:11.374+0000] {dagbag.py:355} ERROR - Failed to import: /opt/airflow/dags/financial_pipeline_dag.py
Traceback (most recent call last):
  File "/home/airflow/.local/lib/python3.11/site-packages/airflow/models/dagbag.py", line 351, in parse
    loader.exec_module(new_module)
  File "<frozen importlib._bootstrap_external>", line 940, in exec_module
  File "<frozen importlib._bootstrap>", line 241, in _call_with_frames_removed
  File "/opt/airflow/dags/financial_pipeline_dag.py", line 115, in <module>
    dbt_stg_overview = make_dbt_group("dbt_stg_overview", "stg_overview")
                       ^^^^^^^^^^^^^^^^^^^^^^^^^^^^^^^^^^^^^^^^^^^^^^^^^^
  File "/opt/airflow/dags/financial_pipeline_dag.py", line 102, in make_dbt_group
    return DbtTaskGroup(
           ^^^^^^^^^^^^^
  File "/home/airflow/.local/lib/python3.11/site-packages/cosmos/airflow/task_group.py", line 28, in __init__
    DbtToAirflowConverter.__init__(self, *args, **specific_kwargs(**kwargs))
  File "/home/airflow/.local/lib/python3.11/site-packages/cosmos/converter.py", line 261, in __init__
    self.dbt_graph.load(method=render_config.load_method, execution_mode=execution_config.execution_mode)
  File "/home/airflow/.local/lib/python3.11/site-packages/cosmos/dbt/graph.py", line 440, in load
    load_method[method]()
  File "/home/airflow/.local/lib/python3.11/site-packages/cosmos/dbt/graph.py", line 748, in load_from_dbt_manifest
    config=node_dict["config"],
           ~~~~~~~~~^^^^^^^^^^
KeyError: 'config'
[2026-09-08T00:39:11.379+0000] {processor.py:842} WARNING - No viable dags retrieved from /opt/airflow/dags/financial_pipeline_dag.py
[2026-09-08T00:39:11.401+0000] {processor.py:183} INFO - Processing /opt/airflow/dags/financial_pipeline_dag.py took 0.332 seconds
[2026-09-08T00:39:25.570+0000] {processor.py:161} INFO - Started process (PID=180) to work on /opt/airflow/dags/financial_pipeline_dag.py
[2026-09-08T00:39:25.571+0000] {processor.py:830} INFO - Processing file /opt/airflow/dags/financial_pipeline_dag.py for tasks to queue
[2026-09-08T00:39:25.573+0000] {logging_mixin.py:188} INFO - [2026-09-08T00:39:25.573+0000] {dagbag.py:545} INFO - Filling up the DagBag from /opt/airflow/dags/financial_pipeline_dag.py
[2026-09-08T00:39:25.747+0000] {logging_mixin.py:188} INFO - [2026-09-08T00:39:25.747+0000] {graph.py:719} INFO - Trying to parse the dbt project `transformations` using a dbt manifest...
[2026-09-08T00:39:25.771+0000] {logging_mixin.py:188} INFO - [2026-09-08T00:39:25.766+0000] {dagbag.py:355} ERROR - Failed to import: /opt/airflow/dags/financial_pipeline_dag.py
Traceback (most recent call last):
  File "/home/airflow/.local/lib/python3.11/site-packages/airflow/models/dagbag.py", line 351, in parse
    loader.exec_module(new_module)
  File "<frozen importlib._bootstrap_external>", line 940, in exec_module
  File "<frozen importlib._bootstrap>", line 241, in _call_with_frames_removed
  File "/opt/airflow/dags/financial_pipeline_dag.py", line 115, in <module>
    dbt_stg_overview = make_dbt_group("dbt_stg_overview", "stg_overview")
                       ^^^^^^^^^^^^^^^^^^^^^^^^^^^^^^^^^^^^^^^^^^^^^^^^^^
  File "/opt/airflow/dags/financial_pipeline_dag.py", line 102, in make_dbt_group
    return DbtTaskGroup(
           ^^^^^^^^^^^^^
  File "/home/airflow/.local/lib/python3.11/site-packages/cosmos/airflow/task_group.py", line 28, in __init__
    DbtToAirflowConverter.__init__(self, *args, **specific_kwargs(**kwargs))
  File "/home/airflow/.local/lib/python3.11/site-packages/cosmos/converter.py", line 261, in __init__
    self.dbt_graph.load(method=render_config.load_method, execution_mode=execution_config.execution_mode)
  File "/home/airflow/.local/lib/python3.11/site-packages/cosmos/dbt/graph.py", line 440, in load
    load_method[method]()
  File "/home/airflow/.local/lib/python3.11/site-packages/cosmos/dbt/graph.py", line 748, in load_from_dbt_manifest
    config=node_dict["config"],
           ~~~~~~~~~^^^^^^^^^^
KeyError: 'config'
[2026-09-08T00:39:25.772+0000] {processor.py:842} WARNING - No viable dags retrieved from /opt/airflow/dags/financial_pipeline_dag.py
[2026-09-08T00:39:25.795+0000] {processor.py:183} INFO - Processing /opt/airflow/dags/financial_pipeline_dag.py took 0.238 seconds
[2026-09-08T00:39:39.764+0000] {processor.py:161} INFO - Started process (PID=180) to work on /opt/airflow/dags/financial_pipeline_dag.py
[2026-09-08T00:39:39.766+0000] {processor.py:830} INFO - Processing file /opt/airflow/dags/financial_pipeline_dag.py for tasks to queue
[2026-09-08T00:39:39.768+0000] {logging_mixin.py:188} INFO - [2026-09-08T00:39:39.768+0000] {dagbag.py:545} INFO - Filling up the DagBag from /opt/airflow/dags/financial_pipeline_dag.py
[2026-09-08T00:39:39.912+0000] {logging_mixin.py:188} INFO - [2026-09-08T00:39:39.912+0000] {graph.py:719} INFO - Trying to parse the dbt project `transformations` using a dbt manifest...
[2026-09-08T00:39:39.933+0000] {logging_mixin.py:188} INFO - [2026-09-08T00:39:39.929+0000] {dagbag.py:355} ERROR - Failed to import: /opt/airflow/dags/financial_pipeline_dag.py
Traceback (most recent call last):
  File "/home/airflow/.local/lib/python3.11/site-packages/airflow/models/dagbag.py", line 351, in parse
    loader.exec_module(new_module)
  File "<frozen importlib._bootstrap_external>", line 940, in exec_module
  File "<frozen importlib._bootstrap>", line 241, in _call_with_frames_removed
  File "/opt/airflow/dags/financial_pipeline_dag.py", line 115, in <module>
    dbt_stg_overview = make_dbt_group("dbt_stg_overview", "stg_overview")
                       ^^^^^^^^^^^^^^^^^^^^^^^^^^^^^^^^^^^^^^^^^^^^^^^^^^
  File "/opt/airflow/dags/financial_pipeline_dag.py", line 102, in make_dbt_group
    return DbtTaskGroup(
           ^^^^^^^^^^^^^
  File "/home/airflow/.local/lib/python3.11/site-packages/cosmos/airflow/task_group.py", line 28, in __init__
    DbtToAirflowConverter.__init__(self, *args, **specific_kwargs(**kwargs))
  File "/home/airflow/.local/lib/python3.11/site-packages/cosmos/converter.py", line 261, in __init__
    self.dbt_graph.load(method=render_config.load_method, execution_mode=execution_config.execution_mode)
  File "/home/airflow/.local/lib/python3.11/site-packages/cosmos/dbt/graph.py", line 440, in load
    load_method[method]()
  File "/home/airflow/.local/lib/python3.11/site-packages/cosmos/dbt/graph.py", line 748, in load_from_dbt_manifest
    config=node_dict["config"],
           ~~~~~~~~~^^^^^^^^^^
KeyError: 'config'
[2026-09-08T00:39:39.934+0000] {processor.py:842} WARNING - No viable dags retrieved from /opt/airflow/dags/financial_pipeline_dag.py
[2026-09-08T00:39:39.953+0000] {processor.py:183} INFO - Processing /opt/airflow/dags/financial_pipeline_dag.py took 0.199 seconds
[2026-09-08T00:39:54.178+0000] {processor.py:161} INFO - Started process (PID=180) to work on /opt/airflow/dags/financial_pipeline_dag.py
[2026-09-08T00:39:54.179+0000] {processor.py:830} INFO - Processing file /opt/airflow/dags/financial_pipeline_dag.py for tasks to queue
[2026-09-08T00:39:54.183+0000] {logging_mixin.py:188} INFO - [2026-09-08T00:39:54.182+0000] {dagbag.py:545} INFO - Filling up the DagBag from /opt/airflow/dags/financial_pipeline_dag.py
[2026-09-08T00:39:54.362+0000] {logging_mixin.py:188} INFO - [2026-09-08T00:39:54.361+0000] {graph.py:719} INFO - Trying to parse the dbt project `transformations` using a dbt manifest...
[2026-09-08T00:39:54.385+0000] {logging_mixin.py:188} INFO - [2026-09-08T00:39:54.379+0000] {dagbag.py:355} ERROR - Failed to import: /opt/airflow/dags/financial_pipeline_dag.py
Traceback (most recent call last):
  File "/home/airflow/.local/lib/python3.11/site-packages/airflow/models/dagbag.py", line 351, in parse
    loader.exec_module(new_module)
  File "<frozen importlib._bootstrap_external>", line 940, in exec_module
  File "<frozen importlib._bootstrap>", line 241, in _call_with_frames_removed
  File "/opt/airflow/dags/financial_pipeline_dag.py", line 115, in <module>
    dbt_stg_overview = make_dbt_group("dbt_stg_overview", "stg_overview")
                       ^^^^^^^^^^^^^^^^^^^^^^^^^^^^^^^^^^^^^^^^^^^^^^^^^^
  File "/opt/airflow/dags/financial_pipeline_dag.py", line 102, in make_dbt_group
    return DbtTaskGroup(
           ^^^^^^^^^^^^^
  File "/home/airflow/.local/lib/python3.11/site-packages/cosmos/airflow/task_group.py", line 28, in __init__
    DbtToAirflowConverter.__init__(self, *args, **specific_kwargs(**kwargs))
  File "/home/airflow/.local/lib/python3.11/site-packages/cosmos/converter.py", line 261, in __init__
    self.dbt_graph.load(method=render_config.load_method, execution_mode=execution_config.execution_mode)
  File "/home/airflow/.local/lib/python3.11/site-packages/cosmos/dbt/graph.py", line 440, in load
    load_method[method]()
  File "/home/airflow/.local/lib/python3.11/site-packages/cosmos/dbt/graph.py", line 748, in load_from_dbt_manifest
    config=node_dict["config"],
           ~~~~~~~~~^^^^^^^^^^
KeyError: 'config'
[2026-09-08T00:39:54.387+0000] {processor.py:842} WARNING - No viable dags retrieved from /opt/airflow/dags/financial_pipeline_dag.py
[2026-09-08T00:39:54.412+0000] {processor.py:183} INFO - Processing /opt/airflow/dags/financial_pipeline_dag.py took 0.255 seconds
[2026-09-08T00:40:08.733+0000] {processor.py:161} INFO - Started process (PID=180) to work on /opt/airflow/dags/financial_pipeline_dag.py
[2026-09-08T00:40:08.735+0000] {processor.py:830} INFO - Processing file /opt/airflow/dags/financial_pipeline_dag.py for tasks to queue
[2026-09-08T00:40:08.738+0000] {logging_mixin.py:188} INFO - [2026-09-08T00:40:08.737+0000] {dagbag.py:545} INFO - Filling up the DagBag from /opt/airflow/dags/financial_pipeline_dag.py
[2026-09-08T00:40:08.870+0000] {logging_mixin.py:188} INFO - [2026-09-08T00:40:08.870+0000] {graph.py:719} INFO - Trying to parse the dbt project `transformations` using a dbt manifest...
[2026-09-08T00:40:08.890+0000] {logging_mixin.py:188} INFO - [2026-09-08T00:40:08.887+0000] {dagbag.py:355} ERROR - Failed to import: /opt/airflow/dags/financial_pipeline_dag.py
Traceback (most recent call last):
  File "/home/airflow/.local/lib/python3.11/site-packages/airflow/models/dagbag.py", line 351, in parse
    loader.exec_module(new_module)
  File "<frozen importlib._bootstrap_external>", line 940, in exec_module
  File "<frozen importlib._bootstrap>", line 241, in _call_with_frames_removed
  File "/opt/airflow/dags/financial_pipeline_dag.py", line 115, in <module>
    dbt_stg_overview = make_dbt_group("dbt_stg_overview", "stg_overview")
                       ^^^^^^^^^^^^^^^^^^^^^^^^^^^^^^^^^^^^^^^^^^^^^^^^^^
  File "/opt/airflow/dags/financial_pipeline_dag.py", line 102, in make_dbt_group
    return DbtTaskGroup(
           ^^^^^^^^^^^^^
  File "/home/airflow/.local/lib/python3.11/site-packages/cosmos/airflow/task_group.py", line 28, in __init__
    DbtToAirflowConverter.__init__(self, *args, **specific_kwargs(**kwargs))
  File "/home/airflow/.local/lib/python3.11/site-packages/cosmos/converter.py", line 261, in __init__
    self.dbt_graph.load(method=render_config.load_method, execution_mode=execution_config.execution_mode)
  File "/home/airflow/.local/lib/python3.11/site-packages/cosmos/dbt/graph.py", line 440, in load
    load_method[method]()
  File "/home/airflow/.local/lib/python3.11/site-packages/cosmos/dbt/graph.py", line 748, in load_from_dbt_manifest
    config=node_dict["config"],
           ~~~~~~~~~^^^^^^^^^^
KeyError: 'config'
[2026-09-08T00:40:08.891+0000] {processor.py:842} WARNING - No viable dags retrieved from /opt/airflow/dags/financial_pipeline_dag.py
[2026-09-08T00:40:08.911+0000] {processor.py:183} INFO - Processing /opt/airflow/dags/financial_pipeline_dag.py took 0.185 seconds
[2026-09-08T00:40:22.672+0000] {processor.py:161} INFO - Started process (PID=180) to work on /opt/airflow/dags/financial_pipeline_dag.py
[2026-09-08T00:40:22.673+0000] {processor.py:830} INFO - Processing file /opt/airflow/dags/financial_pipeline_dag.py for tasks to queue
[2026-09-08T00:40:22.675+0000] {logging_mixin.py:188} INFO - [2026-09-08T00:40:22.674+0000] {dagbag.py:545} INFO - Filling up the DagBag from /opt/airflow/dags/financial_pipeline_dag.py
[2026-09-08T00:40:22.806+0000] {logging_mixin.py:188} INFO - [2026-09-08T00:40:22.806+0000] {graph.py:719} INFO - Trying to parse the dbt project `transformations` using a dbt manifest...
[2026-09-08T00:40:22.827+0000] {logging_mixin.py:188} INFO - [2026-09-08T00:40:22.823+0000] {dagbag.py:355} ERROR - Failed to import: /opt/airflow/dags/financial_pipeline_dag.py
Traceback (most recent call last):
  File "/home/airflow/.local/lib/python3.11/site-packages/airflow/models/dagbag.py", line 351, in parse
    loader.exec_module(new_module)
  File "<frozen importlib._bootstrap_external>", line 940, in exec_module
  File "<frozen importlib._bootstrap>", line 241, in _call_with_frames_removed
  File "/opt/airflow/dags/financial_pipeline_dag.py", line 115, in <module>
    dbt_stg_overview = make_dbt_group("dbt_stg_overview", "stg_overview")
                       ^^^^^^^^^^^^^^^^^^^^^^^^^^^^^^^^^^^^^^^^^^^^^^^^^^
  File "/opt/airflow/dags/financial_pipeline_dag.py", line 102, in make_dbt_group
    return DbtTaskGroup(
           ^^^^^^^^^^^^^
  File "/home/airflow/.local/lib/python3.11/site-packages/cosmos/airflow/task_group.py", line 28, in __init__
    DbtToAirflowConverter.__init__(self, *args, **specific_kwargs(**kwargs))
  File "/home/airflow/.local/lib/python3.11/site-packages/cosmos/converter.py", line 261, in __init__
    self.dbt_graph.load(method=render_config.load_method, execution_mode=execution_config.execution_mode)
  File "/home/airflow/.local/lib/python3.11/site-packages/cosmos/dbt/graph.py", line 440, in load
    load_method[method]()
  File "/home/airflow/.local/lib/python3.11/site-packages/cosmos/dbt/graph.py", line 748, in load_from_dbt_manifest
    config=node_dict["config"],
           ~~~~~~~~~^^^^^^^^^^
KeyError: 'config'
[2026-09-08T00:40:22.829+0000] {processor.py:842} WARNING - No viable dags retrieved from /opt/airflow/dags/financial_pipeline_dag.py
[2026-09-08T00:40:22.847+0000] {processor.py:183} INFO - Processing /opt/airflow/dags/financial_pipeline_dag.py took 0.183 seconds
[2026-09-08T00:40:36.537+0000] {processor.py:161} INFO - Started process (PID=181) to work on /opt/airflow/dags/financial_pipeline_dag.py
[2026-09-08T00:40:36.539+0000] {processor.py:830} INFO - Processing file /opt/airflow/dags/financial_pipeline_dag.py for tasks to queue
[2026-09-08T00:40:36.541+0000] {logging_mixin.py:188} INFO - [2026-09-08T00:40:36.540+0000] {dagbag.py:545} INFO - Filling up the DagBag from /opt/airflow/dags/financial_pipeline_dag.py
[2026-09-08T00:40:36.680+0000] {logging_mixin.py:188} INFO - [2026-09-08T00:40:36.680+0000] {graph.py:719} INFO - Trying to parse the dbt project `transformations` using a dbt manifest...
[2026-09-08T00:40:36.702+0000] {logging_mixin.py:188} INFO - [2026-09-08T00:40:36.698+0000] {dagbag.py:355} ERROR - Failed to import: /opt/airflow/dags/financial_pipeline_dag.py
Traceback (most recent call last):
  File "/home/airflow/.local/lib/python3.11/site-packages/airflow/models/dagbag.py", line 351, in parse
    loader.exec_module(new_module)
  File "<frozen importlib._bootstrap_external>", line 940, in exec_module
  File "<frozen importlib._bootstrap>", line 241, in _call_with_frames_removed
  File "/opt/airflow/dags/financial_pipeline_dag.py", line 115, in <module>
    dbt_stg_overview = make_dbt_group("dbt_stg_overview", "stg_overview")
                       ^^^^^^^^^^^^^^^^^^^^^^^^^^^^^^^^^^^^^^^^^^^^^^^^^^
  File "/opt/airflow/dags/financial_pipeline_dag.py", line 102, in make_dbt_group
    return DbtTaskGroup(
           ^^^^^^^^^^^^^
  File "/home/airflow/.local/lib/python3.11/site-packages/cosmos/airflow/task_group.py", line 28, in __init__
    DbtToAirflowConverter.__init__(self, *args, **specific_kwargs(**kwargs))
  File "/home/airflow/.local/lib/python3.11/site-packages/cosmos/converter.py", line 261, in __init__
    self.dbt_graph.load(method=render_config.load_method, execution_mode=execution_config.execution_mode)
  File "/home/airflow/.local/lib/python3.11/site-packages/cosmos/dbt/graph.py", line 440, in load
    load_method[method]()
  File "/home/airflow/.local/lib/python3.11/site-packages/cosmos/dbt/graph.py", line 748, in load_from_dbt_manifest
    config=node_dict["config"],
           ~~~~~~~~~^^^^^^^^^^
KeyError: 'config'
[2026-09-08T00:40:36.703+0000] {processor.py:842} WARNING - No viable dags retrieved from /opt/airflow/dags/financial_pipeline_dag.py
[2026-09-08T00:40:36.722+0000] {processor.py:183} INFO - Processing /opt/airflow/dags/financial_pipeline_dag.py took 0.195 seconds
[2026-09-08T00:40:50.725+0000] {processor.py:161} INFO - Started process (PID=180) to work on /opt/airflow/dags/financial_pipeline_dag.py
[2026-09-08T00:40:50.726+0000] {processor.py:830} INFO - Processing file /opt/airflow/dags/financial_pipeline_dag.py for tasks to queue
[2026-09-08T00:40:50.727+0000] {logging_mixin.py:188} INFO - [2026-09-08T00:40:50.727+0000] {dagbag.py:545} INFO - Filling up the DagBag from /opt/airflow/dags/financial_pipeline_dag.py
[2026-09-08T00:40:50.860+0000] {logging_mixin.py:188} INFO - [2026-09-08T00:40:50.859+0000] {graph.py:719} INFO - Trying to parse the dbt project `transformations` using a dbt manifest...
[2026-09-08T00:40:50.881+0000] {logging_mixin.py:188} INFO - [2026-09-08T00:40:50.876+0000] {dagbag.py:355} ERROR - Failed to import: /opt/airflow/dags/financial_pipeline_dag.py
Traceback (most recent call last):
  File "/home/airflow/.local/lib/python3.11/site-packages/airflow/models/dagbag.py", line 351, in parse
    loader.exec_module(new_module)
  File "<frozen importlib._bootstrap_external>", line 940, in exec_module
  File "<frozen importlib._bootstrap>", line 241, in _call_with_frames_removed
  File "/opt/airflow/dags/financial_pipeline_dag.py", line 115, in <module>
    dbt_stg_overview = make_dbt_group("dbt_stg_overview", "stg_overview")
                       ^^^^^^^^^^^^^^^^^^^^^^^^^^^^^^^^^^^^^^^^^^^^^^^^^^
  File "/opt/airflow/dags/financial_pipeline_dag.py", line 102, in make_dbt_group
    return DbtTaskGroup(
           ^^^^^^^^^^^^^
  File "/home/airflow/.local/lib/python3.11/site-packages/cosmos/airflow/task_group.py", line 28, in __init__
    DbtToAirflowConverter.__init__(self, *args, **specific_kwargs(**kwargs))
  File "/home/airflow/.local/lib/python3.11/site-packages/cosmos/converter.py", line 261, in __init__
    self.dbt_graph.load(method=render_config.load_method, execution_mode=execution_config.execution_mode)
  File "/home/airflow/.local/lib/python3.11/site-packages/cosmos/dbt/graph.py", line 440, in load
    load_method[method]()
  File "/home/airflow/.local/lib/python3.11/site-packages/cosmos/dbt/graph.py", line 748, in load_from_dbt_manifest
    config=node_dict["config"],
           ~~~~~~~~~^^^^^^^^^^
KeyError: 'config'
[2026-09-08T00:40:50.882+0000] {processor.py:842} WARNING - No viable dags retrieved from /opt/airflow/dags/financial_pipeline_dag.py
[2026-09-08T00:40:50.902+0000] {processor.py:183} INFO - Processing /opt/airflow/dags/financial_pipeline_dag.py took 0.186 seconds
[2026-09-08T00:41:05.565+0000] {processor.py:161} INFO - Started process (PID=180) to work on /opt/airflow/dags/financial_pipeline_dag.py
[2026-09-08T00:41:05.570+0000] {processor.py:830} INFO - Processing file /opt/airflow/dags/financial_pipeline_dag.py for tasks to queue
[2026-09-08T00:41:05.572+0000] {logging_mixin.py:188} INFO - [2026-09-08T00:41:05.571+0000] {dagbag.py:545} INFO - Filling up the DagBag from /opt/airflow/dags/financial_pipeline_dag.py
[2026-09-08T00:41:05.705+0000] {logging_mixin.py:188} INFO - [2026-09-08T00:41:05.705+0000] {graph.py:719} INFO - Trying to parse the dbt project `transformations` using a dbt manifest...
[2026-09-08T00:41:05.727+0000] {logging_mixin.py:188} INFO - [2026-09-08T00:41:05.722+0000] {dagbag.py:355} ERROR - Failed to import: /opt/airflow/dags/financial_pipeline_dag.py
Traceback (most recent call last):
  File "/home/airflow/.local/lib/python3.11/site-packages/airflow/models/dagbag.py", line 351, in parse
    loader.exec_module(new_module)
  File "<frozen importlib._bootstrap_external>", line 940, in exec_module
  File "<frozen importlib._bootstrap>", line 241, in _call_with_frames_removed
  File "/opt/airflow/dags/financial_pipeline_dag.py", line 115, in <module>
    dbt_stg_overview = make_dbt_group("dbt_stg_overview", "stg_overview")
                       ^^^^^^^^^^^^^^^^^^^^^^^^^^^^^^^^^^^^^^^^^^^^^^^^^^
  File "/opt/airflow/dags/financial_pipeline_dag.py", line 102, in make_dbt_group
    return DbtTaskGroup(
           ^^^^^^^^^^^^^
  File "/home/airflow/.local/lib/python3.11/site-packages/cosmos/airflow/task_group.py", line 28, in __init__
    DbtToAirflowConverter.__init__(self, *args, **specific_kwargs(**kwargs))
  File "/home/airflow/.local/lib/python3.11/site-packages/cosmos/converter.py", line 261, in __init__
    self.dbt_graph.load(method=render_config.load_method, execution_mode=execution_config.execution_mode)
  File "/home/airflow/.local/lib/python3.11/site-packages/cosmos/dbt/graph.py", line 440, in load
    load_method[method]()
  File "/home/airflow/.local/lib/python3.11/site-packages/cosmos/dbt/graph.py", line 748, in load_from_dbt_manifest
    config=node_dict["config"],
           ~~~~~~~~~^^^^^^^^^^
KeyError: 'config'
[2026-09-08T00:41:05.728+0000] {processor.py:842} WARNING - No viable dags retrieved from /opt/airflow/dags/financial_pipeline_dag.py
[2026-09-08T00:41:05.750+0000] {processor.py:183} INFO - Processing /opt/airflow/dags/financial_pipeline_dag.py took 0.194 seconds
[2026-09-08T00:41:19.538+0000] {processor.py:161} INFO - Started process (PID=180) to work on /opt/airflow/dags/financial_pipeline_dag.py
[2026-09-08T00:41:19.539+0000] {processor.py:830} INFO - Processing file /opt/airflow/dags/financial_pipeline_dag.py for tasks to queue
[2026-09-08T00:41:19.541+0000] {logging_mixin.py:188} INFO - [2026-09-08T00:41:19.541+0000] {dagbag.py:545} INFO - Filling up the DagBag from /opt/airflow/dags/financial_pipeline_dag.py
[2026-09-08T00:41:19.677+0000] {logging_mixin.py:188} INFO - [2026-09-08T00:41:19.677+0000] {graph.py:719} INFO - Trying to parse the dbt project `transformations` using a dbt manifest...
[2026-09-08T00:41:19.699+0000] {logging_mixin.py:188} INFO - [2026-09-08T00:41:19.694+0000] {dagbag.py:355} ERROR - Failed to import: /opt/airflow/dags/financial_pipeline_dag.py
Traceback (most recent call last):
  File "/home/airflow/.local/lib/python3.11/site-packages/airflow/models/dagbag.py", line 351, in parse
    loader.exec_module(new_module)
  File "<frozen importlib._bootstrap_external>", line 940, in exec_module
  File "<frozen importlib._bootstrap>", line 241, in _call_with_frames_removed
  File "/opt/airflow/dags/financial_pipeline_dag.py", line 115, in <module>
    dbt_stg_overview = make_dbt_group("dbt_stg_overview", "stg_overview")
                       ^^^^^^^^^^^^^^^^^^^^^^^^^^^^^^^^^^^^^^^^^^^^^^^^^^
  File "/opt/airflow/dags/financial_pipeline_dag.py", line 102, in make_dbt_group
    return DbtTaskGroup(
           ^^^^^^^^^^^^^
  File "/home/airflow/.local/lib/python3.11/site-packages/cosmos/airflow/task_group.py", line 28, in __init__
    DbtToAirflowConverter.__init__(self, *args, **specific_kwargs(**kwargs))
  File "/home/airflow/.local/lib/python3.11/site-packages/cosmos/converter.py", line 261, in __init__
    self.dbt_graph.load(method=render_config.load_method, execution_mode=execution_config.execution_mode)
  File "/home/airflow/.local/lib/python3.11/site-packages/cosmos/dbt/graph.py", line 440, in load
    load_method[method]()
  File "/home/airflow/.local/lib/python3.11/site-packages/cosmos/dbt/graph.py", line 748, in load_from_dbt_manifest
    config=node_dict["config"],
           ~~~~~~~~~^^^^^^^^^^
KeyError: 'config'
[2026-09-08T00:41:19.700+0000] {processor.py:842} WARNING - No viable dags retrieved from /opt/airflow/dags/financial_pipeline_dag.py
[2026-09-08T00:41:19.720+0000] {processor.py:183} INFO - Processing /opt/airflow/dags/financial_pipeline_dag.py took 0.192 seconds
[2026-09-08T00:41:33.412+0000] {processor.py:161} INFO - Started process (PID=180) to work on /opt/airflow/dags/financial_pipeline_dag.py
[2026-09-08T00:41:33.414+0000] {processor.py:830} INFO - Processing file /opt/airflow/dags/financial_pipeline_dag.py for tasks to queue
[2026-09-08T00:41:33.416+0000] {logging_mixin.py:188} INFO - [2026-09-08T00:41:33.416+0000] {dagbag.py:545} INFO - Filling up the DagBag from /opt/airflow/dags/financial_pipeline_dag.py
[2026-09-08T00:41:33.552+0000] {logging_mixin.py:188} INFO - [2026-09-08T00:41:33.552+0000] {graph.py:719} INFO - Trying to parse the dbt project `transformations` using a dbt manifest...
[2026-09-08T00:41:33.572+0000] {logging_mixin.py:188} INFO - [2026-09-08T00:41:33.568+0000] {dagbag.py:355} ERROR - Failed to import: /opt/airflow/dags/financial_pipeline_dag.py
Traceback (most recent call last):
  File "/home/airflow/.local/lib/python3.11/site-packages/airflow/models/dagbag.py", line 351, in parse
    loader.exec_module(new_module)
  File "<frozen importlib._bootstrap_external>", line 940, in exec_module
  File "<frozen importlib._bootstrap>", line 241, in _call_with_frames_removed
  File "/opt/airflow/dags/financial_pipeline_dag.py", line 115, in <module>
    dbt_stg_overview = make_dbt_group("dbt_stg_overview", "stg_overview")
                       ^^^^^^^^^^^^^^^^^^^^^^^^^^^^^^^^^^^^^^^^^^^^^^^^^^
  File "/opt/airflow/dags/financial_pipeline_dag.py", line 102, in make_dbt_group
    return DbtTaskGroup(
           ^^^^^^^^^^^^^
  File "/home/airflow/.local/lib/python3.11/site-packages/cosmos/airflow/task_group.py", line 28, in __init__
    DbtToAirflowConverter.__init__(self, *args, **specific_kwargs(**kwargs))
  File "/home/airflow/.local/lib/python3.11/site-packages/cosmos/converter.py", line 261, in __init__
    self.dbt_graph.load(method=render_config.load_method, execution_mode=execution_config.execution_mode)
  File "/home/airflow/.local/lib/python3.11/site-packages/cosmos/dbt/graph.py", line 440, in load
    load_method[method]()
  File "/home/airflow/.local/lib/python3.11/site-packages/cosmos/dbt/graph.py", line 748, in load_from_dbt_manifest
    config=node_dict["config"],
           ~~~~~~~~~^^^^^^^^^^
KeyError: 'config'
[2026-09-08T00:41:33.573+0000] {processor.py:842} WARNING - No viable dags retrieved from /opt/airflow/dags/financial_pipeline_dag.py
[2026-09-08T00:41:33.591+0000] {processor.py:183} INFO - Processing /opt/airflow/dags/financial_pipeline_dag.py took 0.189 seconds
[2026-09-08T00:41:47.322+0000] {processor.py:161} INFO - Started process (PID=180) to work on /opt/airflow/dags/financial_pipeline_dag.py
[2026-09-08T00:41:47.324+0000] {processor.py:830} INFO - Processing file /opt/airflow/dags/financial_pipeline_dag.py for tasks to queue
[2026-09-08T00:41:47.326+0000] {logging_mixin.py:188} INFO - [2026-09-08T00:41:47.325+0000] {dagbag.py:545} INFO - Filling up the DagBag from /opt/airflow/dags/financial_pipeline_dag.py
[2026-09-08T00:41:47.506+0000] {logging_mixin.py:188} INFO - [2026-09-08T00:41:47.505+0000] {graph.py:719} INFO - Trying to parse the dbt project `transformations` using a dbt manifest...
[2026-09-08T00:41:47.526+0000] {logging_mixin.py:188} INFO - [2026-09-08T00:41:47.522+0000] {dagbag.py:355} ERROR - Failed to import: /opt/airflow/dags/financial_pipeline_dag.py
Traceback (most recent call last):
  File "/home/airflow/.local/lib/python3.11/site-packages/airflow/models/dagbag.py", line 351, in parse
    loader.exec_module(new_module)
  File "<frozen importlib._bootstrap_external>", line 940, in exec_module
  File "<frozen importlib._bootstrap>", line 241, in _call_with_frames_removed
  File "/opt/airflow/dags/financial_pipeline_dag.py", line 115, in <module>
    dbt_stg_overview = make_dbt_group("dbt_stg_overview", "stg_overview")
                       ^^^^^^^^^^^^^^^^^^^^^^^^^^^^^^^^^^^^^^^^^^^^^^^^^^
  File "/opt/airflow/dags/financial_pipeline_dag.py", line 102, in make_dbt_group
    return DbtTaskGroup(
           ^^^^^^^^^^^^^
  File "/home/airflow/.local/lib/python3.11/site-packages/cosmos/airflow/task_group.py", line 28, in __init__
    DbtToAirflowConverter.__init__(self, *args, **specific_kwargs(**kwargs))
  File "/home/airflow/.local/lib/python3.11/site-packages/cosmos/converter.py", line 261, in __init__
    self.dbt_graph.load(method=render_config.load_method, execution_mode=execution_config.execution_mode)
  File "/home/airflow/.local/lib/python3.11/site-packages/cosmos/dbt/graph.py", line 440, in load
    load_method[method]()
  File "/home/airflow/.local/lib/python3.11/site-packages/cosmos/dbt/graph.py", line 748, in load_from_dbt_manifest
    config=node_dict["config"],
           ~~~~~~~~~^^^^^^^^^^
KeyError: 'config'
[2026-09-08T00:41:47.527+0000] {processor.py:842} WARNING - No viable dags retrieved from /opt/airflow/dags/financial_pipeline_dag.py
[2026-09-08T00:41:47.544+0000] {processor.py:183} INFO - Processing /opt/airflow/dags/financial_pipeline_dag.py took 0.234 seconds
[2026-09-08T00:42:01.968+0000] {processor.py:161} INFO - Started process (PID=180) to work on /opt/airflow/dags/financial_pipeline_dag.py
[2026-09-08T00:42:01.969+0000] {processor.py:830} INFO - Processing file /opt/airflow/dags/financial_pipeline_dag.py for tasks to queue
[2026-09-08T00:42:01.971+0000] {logging_mixin.py:188} INFO - [2026-09-08T00:42:01.971+0000] {dagbag.py:545} INFO - Filling up the DagBag from /opt/airflow/dags/financial_pipeline_dag.py
[2026-09-08T00:42:02.133+0000] {logging_mixin.py:188} INFO - [2026-09-08T00:42:02.133+0000] {graph.py:719} INFO - Trying to parse the dbt project `transformations` using a dbt manifest...
[2026-09-08T00:42:02.157+0000] {logging_mixin.py:188} INFO - [2026-09-08T00:42:02.153+0000] {dagbag.py:355} ERROR - Failed to import: /opt/airflow/dags/financial_pipeline_dag.py
Traceback (most recent call last):
  File "/home/airflow/.local/lib/python3.11/site-packages/airflow/models/dagbag.py", line 351, in parse
    loader.exec_module(new_module)
  File "<frozen importlib._bootstrap_external>", line 940, in exec_module
  File "<frozen importlib._bootstrap>", line 241, in _call_with_frames_removed
  File "/opt/airflow/dags/financial_pipeline_dag.py", line 115, in <module>
    dbt_stg_overview = make_dbt_group("dbt_stg_overview", "stg_overview")
                       ^^^^^^^^^^^^^^^^^^^^^^^^^^^^^^^^^^^^^^^^^^^^^^^^^^
  File "/opt/airflow/dags/financial_pipeline_dag.py", line 102, in make_dbt_group
    return DbtTaskGroup(
           ^^^^^^^^^^^^^
  File "/home/airflow/.local/lib/python3.11/site-packages/cosmos/airflow/task_group.py", line 28, in __init__
    DbtToAirflowConverter.__init__(self, *args, **specific_kwargs(**kwargs))
  File "/home/airflow/.local/lib/python3.11/site-packages/cosmos/converter.py", line 261, in __init__
    self.dbt_graph.load(method=render_config.load_method, execution_mode=execution_config.execution_mode)
  File "/home/airflow/.local/lib/python3.11/site-packages/cosmos/dbt/graph.py", line 440, in load
    load_method[method]()
  File "/home/airflow/.local/lib/python3.11/site-packages/cosmos/dbt/graph.py", line 748, in load_from_dbt_manifest
    config=node_dict["config"],
           ~~~~~~~~~^^^^^^^^^^
KeyError: 'config'
[2026-09-08T00:42:02.158+0000] {processor.py:842} WARNING - No viable dags retrieved from /opt/airflow/dags/financial_pipeline_dag.py
[2026-09-08T00:42:02.183+0000] {processor.py:183} INFO - Processing /opt/airflow/dags/financial_pipeline_dag.py took 0.224 seconds
[2026-09-08T00:42:16.491+0000] {processor.py:161} INFO - Started process (PID=180) to work on /opt/airflow/dags/financial_pipeline_dag.py
[2026-09-08T00:42:16.492+0000] {processor.py:830} INFO - Processing file /opt/airflow/dags/financial_pipeline_dag.py for tasks to queue
[2026-09-08T00:42:16.494+0000] {logging_mixin.py:188} INFO - [2026-09-08T00:42:16.494+0000] {dagbag.py:545} INFO - Filling up the DagBag from /opt/airflow/dags/financial_pipeline_dag.py
[2026-09-08T00:42:16.632+0000] {logging_mixin.py:188} INFO - [2026-09-08T00:42:16.632+0000] {graph.py:719} INFO - Trying to parse the dbt project `transformations` using a dbt manifest...
[2026-09-08T00:42:16.651+0000] {logging_mixin.py:188} INFO - [2026-09-08T00:42:16.648+0000] {dagbag.py:355} ERROR - Failed to import: /opt/airflow/dags/financial_pipeline_dag.py
Traceback (most recent call last):
  File "/home/airflow/.local/lib/python3.11/site-packages/airflow/models/dagbag.py", line 351, in parse
    loader.exec_module(new_module)
  File "<frozen importlib._bootstrap_external>", line 940, in exec_module
  File "<frozen importlib._bootstrap>", line 241, in _call_with_frames_removed
  File "/opt/airflow/dags/financial_pipeline_dag.py", line 115, in <module>
    dbt_stg_overview = make_dbt_group("dbt_stg_overview", "stg_overview")
                       ^^^^^^^^^^^^^^^^^^^^^^^^^^^^^^^^^^^^^^^^^^^^^^^^^^
  File "/opt/airflow/dags/financial_pipeline_dag.py", line 102, in make_dbt_group
    return DbtTaskGroup(
           ^^^^^^^^^^^^^
  File "/home/airflow/.local/lib/python3.11/site-packages/cosmos/airflow/task_group.py", line 28, in __init__
    DbtToAirflowConverter.__init__(self, *args, **specific_kwargs(**kwargs))
  File "/home/airflow/.local/lib/python3.11/site-packages/cosmos/converter.py", line 261, in __init__
    self.dbt_graph.load(method=render_config.load_method, execution_mode=execution_config.execution_mode)
  File "/home/airflow/.local/lib/python3.11/site-packages/cosmos/dbt/graph.py", line 440, in load
    load_method[method]()
  File "/home/airflow/.local/lib/python3.11/site-packages/cosmos/dbt/graph.py", line 748, in load_from_dbt_manifest
    config=node_dict["config"],
           ~~~~~~~~~^^^^^^^^^^
KeyError: 'config'
[2026-09-08T00:42:16.652+0000] {processor.py:842} WARNING - No viable dags retrieved from /opt/airflow/dags/financial_pipeline_dag.py
[2026-09-08T00:42:16.671+0000] {processor.py:183} INFO - Processing /opt/airflow/dags/financial_pipeline_dag.py took 0.189 seconds
[2026-09-08T00:42:30.427+0000] {processor.py:161} INFO - Started process (PID=180) to work on /opt/airflow/dags/financial_pipeline_dag.py
[2026-09-08T00:42:30.428+0000] {processor.py:830} INFO - Processing file /opt/airflow/dags/financial_pipeline_dag.py for tasks to queue
[2026-09-08T00:42:30.430+0000] {logging_mixin.py:188} INFO - [2026-09-08T00:42:30.430+0000] {dagbag.py:545} INFO - Filling up the DagBag from /opt/airflow/dags/financial_pipeline_dag.py
[2026-09-08T00:42:30.564+0000] {logging_mixin.py:188} INFO - [2026-09-08T00:42:30.563+0000] {graph.py:719} INFO - Trying to parse the dbt project `transformations` using a dbt manifest...
[2026-09-08T00:42:30.584+0000] {logging_mixin.py:188} INFO - [2026-09-08T00:42:30.580+0000] {dagbag.py:355} ERROR - Failed to import: /opt/airflow/dags/financial_pipeline_dag.py
Traceback (most recent call last):
  File "/home/airflow/.local/lib/python3.11/site-packages/airflow/models/dagbag.py", line 351, in parse
    loader.exec_module(new_module)
  File "<frozen importlib._bootstrap_external>", line 940, in exec_module
  File "<frozen importlib._bootstrap>", line 241, in _call_with_frames_removed
  File "/opt/airflow/dags/financial_pipeline_dag.py", line 115, in <module>
    dbt_stg_overview = make_dbt_group("dbt_stg_overview", "stg_overview")
                       ^^^^^^^^^^^^^^^^^^^^^^^^^^^^^^^^^^^^^^^^^^^^^^^^^^
  File "/opt/airflow/dags/financial_pipeline_dag.py", line 102, in make_dbt_group
    return DbtTaskGroup(
           ^^^^^^^^^^^^^
  File "/home/airflow/.local/lib/python3.11/site-packages/cosmos/airflow/task_group.py", line 28, in __init__
    DbtToAirflowConverter.__init__(self, *args, **specific_kwargs(**kwargs))
  File "/home/airflow/.local/lib/python3.11/site-packages/cosmos/converter.py", line 261, in __init__
    self.dbt_graph.load(method=render_config.load_method, execution_mode=execution_config.execution_mode)
  File "/home/airflow/.local/lib/python3.11/site-packages/cosmos/dbt/graph.py", line 440, in load
    load_method[method]()
  File "/home/airflow/.local/lib/python3.11/site-packages/cosmos/dbt/graph.py", line 748, in load_from_dbt_manifest
    config=node_dict["config"],
           ~~~~~~~~~^^^^^^^^^^
KeyError: 'config'
[2026-09-08T00:42:30.585+0000] {processor.py:842} WARNING - No viable dags retrieved from /opt/airflow/dags/financial_pipeline_dag.py
[2026-09-08T00:42:30.604+0000] {processor.py:183} INFO - Processing /opt/airflow/dags/financial_pipeline_dag.py took 0.185 seconds
[2026-09-08T00:42:44.564+0000] {processor.py:161} INFO - Started process (PID=180) to work on /opt/airflow/dags/financial_pipeline_dag.py
[2026-09-08T00:42:44.565+0000] {processor.py:830} INFO - Processing file /opt/airflow/dags/financial_pipeline_dag.py for tasks to queue
[2026-09-08T00:42:44.567+0000] {logging_mixin.py:188} INFO - [2026-09-08T00:42:44.566+0000] {dagbag.py:545} INFO - Filling up the DagBag from /opt/airflow/dags/financial_pipeline_dag.py
[2026-09-08T00:42:44.700+0000] {logging_mixin.py:188} INFO - [2026-09-08T00:42:44.700+0000] {graph.py:719} INFO - Trying to parse the dbt project `transformations` using a dbt manifest...
[2026-09-08T00:42:44.720+0000] {logging_mixin.py:188} INFO - [2026-09-08T00:42:44.717+0000] {dagbag.py:355} ERROR - Failed to import: /opt/airflow/dags/financial_pipeline_dag.py
Traceback (most recent call last):
  File "/home/airflow/.local/lib/python3.11/site-packages/airflow/models/dagbag.py", line 351, in parse
    loader.exec_module(new_module)
  File "<frozen importlib._bootstrap_external>", line 940, in exec_module
  File "<frozen importlib._bootstrap>", line 241, in _call_with_frames_removed
  File "/opt/airflow/dags/financial_pipeline_dag.py", line 115, in <module>
    dbt_stg_overview = make_dbt_group("dbt_stg_overview", "stg_overview")
                       ^^^^^^^^^^^^^^^^^^^^^^^^^^^^^^^^^^^^^^^^^^^^^^^^^^
  File "/opt/airflow/dags/financial_pipeline_dag.py", line 102, in make_dbt_group
    return DbtTaskGroup(
           ^^^^^^^^^^^^^
  File "/home/airflow/.local/lib/python3.11/site-packages/cosmos/airflow/task_group.py", line 28, in __init__
    DbtToAirflowConverter.__init__(self, *args, **specific_kwargs(**kwargs))
  File "/home/airflow/.local/lib/python3.11/site-packages/cosmos/converter.py", line 261, in __init__
    self.dbt_graph.load(method=render_config.load_method, execution_mode=execution_config.execution_mode)
  File "/home/airflow/.local/lib/python3.11/site-packages/cosmos/dbt/graph.py", line 440, in load
    load_method[method]()
  File "/home/airflow/.local/lib/python3.11/site-packages/cosmos/dbt/graph.py", line 748, in load_from_dbt_manifest
    config=node_dict["config"],
           ~~~~~~~~~^^^^^^^^^^
KeyError: 'config'
[2026-09-08T00:42:44.721+0000] {processor.py:842} WARNING - No viable dags retrieved from /opt/airflow/dags/financial_pipeline_dag.py
[2026-09-08T00:42:44.742+0000] {processor.py:183} INFO - Processing /opt/airflow/dags/financial_pipeline_dag.py took 0.187 seconds
[2026-09-08T00:42:58.427+0000] {processor.py:161} INFO - Started process (PID=181) to work on /opt/airflow/dags/financial_pipeline_dag.py
[2026-09-08T00:42:58.428+0000] {processor.py:830} INFO - Processing file /opt/airflow/dags/financial_pipeline_dag.py for tasks to queue
[2026-09-08T00:42:58.431+0000] {logging_mixin.py:188} INFO - [2026-09-08T00:42:58.430+0000] {dagbag.py:545} INFO - Filling up the DagBag from /opt/airflow/dags/financial_pipeline_dag.py
[2026-09-08T00:42:58.571+0000] {logging_mixin.py:188} INFO - [2026-09-08T00:42:58.570+0000] {graph.py:719} INFO - Trying to parse the dbt project `transformations` using a dbt manifest...
[2026-09-08T00:42:58.592+0000] {logging_mixin.py:188} INFO - [2026-09-08T00:42:58.588+0000] {dagbag.py:355} ERROR - Failed to import: /opt/airflow/dags/financial_pipeline_dag.py
Traceback (most recent call last):
  File "/home/airflow/.local/lib/python3.11/site-packages/airflow/models/dagbag.py", line 351, in parse
    loader.exec_module(new_module)
  File "<frozen importlib._bootstrap_external>", line 940, in exec_module
  File "<frozen importlib._bootstrap>", line 241, in _call_with_frames_removed
  File "/opt/airflow/dags/financial_pipeline_dag.py", line 115, in <module>
    dbt_stg_overview = make_dbt_group("dbt_stg_overview", "stg_overview")
                       ^^^^^^^^^^^^^^^^^^^^^^^^^^^^^^^^^^^^^^^^^^^^^^^^^^
  File "/opt/airflow/dags/financial_pipeline_dag.py", line 102, in make_dbt_group
    return DbtTaskGroup(
           ^^^^^^^^^^^^^
  File "/home/airflow/.local/lib/python3.11/site-packages/cosmos/airflow/task_group.py", line 28, in __init__
    DbtToAirflowConverter.__init__(self, *args, **specific_kwargs(**kwargs))
  File "/home/airflow/.local/lib/python3.11/site-packages/cosmos/converter.py", line 261, in __init__
    self.dbt_graph.load(method=render_config.load_method, execution_mode=execution_config.execution_mode)
  File "/home/airflow/.local/lib/python3.11/site-packages/cosmos/dbt/graph.py", line 440, in load
    load_method[method]()
  File "/home/airflow/.local/lib/python3.11/site-packages/cosmos/dbt/graph.py", line 748, in load_from_dbt_manifest
    config=node_dict["config"],
           ~~~~~~~~~^^^^^^^^^^
KeyError: 'config'
[2026-09-08T00:42:58.593+0000] {processor.py:842} WARNING - No viable dags retrieved from /opt/airflow/dags/financial_pipeline_dag.py
[2026-09-08T00:42:58.611+0000] {processor.py:183} INFO - Processing /opt/airflow/dags/financial_pipeline_dag.py took 0.192 seconds
[2026-09-08T00:43:13.745+0000] {processor.py:161} INFO - Started process (PID=180) to work on /opt/airflow/dags/financial_pipeline_dag.py
[2026-09-08T00:43:13.747+0000] {processor.py:830} INFO - Processing file /opt/airflow/dags/financial_pipeline_dag.py for tasks to queue
[2026-09-08T00:43:13.749+0000] {logging_mixin.py:188} INFO - [2026-09-08T00:43:13.749+0000] {dagbag.py:545} INFO - Filling up the DagBag from /opt/airflow/dags/financial_pipeline_dag.py
[2026-09-08T00:43:13.890+0000] {logging_mixin.py:188} INFO - [2026-09-08T00:43:13.890+0000] {graph.py:719} INFO - Trying to parse the dbt project `transformations` using a dbt manifest...
[2026-09-08T00:43:13.911+0000] {logging_mixin.py:188} INFO - [2026-09-08T00:43:13.907+0000] {dagbag.py:355} ERROR - Failed to import: /opt/airflow/dags/financial_pipeline_dag.py
Traceback (most recent call last):
  File "/home/airflow/.local/lib/python3.11/site-packages/airflow/models/dagbag.py", line 351, in parse
    loader.exec_module(new_module)
  File "<frozen importlib._bootstrap_external>", line 940, in exec_module
  File "<frozen importlib._bootstrap>", line 241, in _call_with_frames_removed
  File "/opt/airflow/dags/financial_pipeline_dag.py", line 115, in <module>
    dbt_stg_overview = make_dbt_group("dbt_stg_overview", "stg_overview")
                       ^^^^^^^^^^^^^^^^^^^^^^^^^^^^^^^^^^^^^^^^^^^^^^^^^^
  File "/opt/airflow/dags/financial_pipeline_dag.py", line 102, in make_dbt_group
    return DbtTaskGroup(
           ^^^^^^^^^^^^^
  File "/home/airflow/.local/lib/python3.11/site-packages/cosmos/airflow/task_group.py", line 28, in __init__
    DbtToAirflowConverter.__init__(self, *args, **specific_kwargs(**kwargs))
  File "/home/airflow/.local/lib/python3.11/site-packages/cosmos/converter.py", line 261, in __init__
    self.dbt_graph.load(method=render_config.load_method, execution_mode=execution_config.execution_mode)
  File "/home/airflow/.local/lib/python3.11/site-packages/cosmos/dbt/graph.py", line 440, in load
    load_method[method]()
  File "/home/airflow/.local/lib/python3.11/site-packages/cosmos/dbt/graph.py", line 748, in load_from_dbt_manifest
    config=node_dict["config"],
           ~~~~~~~~~^^^^^^^^^^
KeyError: 'config'
[2026-09-08T00:43:13.912+0000] {processor.py:842} WARNING - No viable dags retrieved from /opt/airflow/dags/financial_pipeline_dag.py
[2026-09-08T00:43:13.934+0000] {processor.py:183} INFO - Processing /opt/airflow/dags/financial_pipeline_dag.py took 0.197 seconds
[2026-09-08T00:43:28.123+0000] {processor.py:161} INFO - Started process (PID=180) to work on /opt/airflow/dags/financial_pipeline_dag.py
[2026-09-08T00:43:28.127+0000] {processor.py:830} INFO - Processing file /opt/airflow/dags/financial_pipeline_dag.py for tasks to queue
[2026-09-08T00:43:28.131+0000] {logging_mixin.py:188} INFO - [2026-09-08T00:43:28.131+0000] {dagbag.py:545} INFO - Filling up the DagBag from /opt/airflow/dags/financial_pipeline_dag.py
[2026-09-08T00:43:28.280+0000] {logging_mixin.py:188} INFO - [2026-09-08T00:43:28.280+0000] {graph.py:719} INFO - Trying to parse the dbt project `transformations` using a dbt manifest...
[2026-09-08T00:43:28.302+0000] {logging_mixin.py:188} INFO - [2026-09-08T00:43:28.298+0000] {dagbag.py:355} ERROR - Failed to import: /opt/airflow/dags/financial_pipeline_dag.py
Traceback (most recent call last):
  File "/home/airflow/.local/lib/python3.11/site-packages/airflow/models/dagbag.py", line 351, in parse
    loader.exec_module(new_module)
  File "<frozen importlib._bootstrap_external>", line 940, in exec_module
  File "<frozen importlib._bootstrap>", line 241, in _call_with_frames_removed
  File "/opt/airflow/dags/financial_pipeline_dag.py", line 115, in <module>
    dbt_stg_overview = make_dbt_group("dbt_stg_overview", "stg_overview")
                       ^^^^^^^^^^^^^^^^^^^^^^^^^^^^^^^^^^^^^^^^^^^^^^^^^^
  File "/opt/airflow/dags/financial_pipeline_dag.py", line 102, in make_dbt_group
    return DbtTaskGroup(
           ^^^^^^^^^^^^^
  File "/home/airflow/.local/lib/python3.11/site-packages/cosmos/airflow/task_group.py", line 28, in __init__
    DbtToAirflowConverter.__init__(self, *args, **specific_kwargs(**kwargs))
  File "/home/airflow/.local/lib/python3.11/site-packages/cosmos/converter.py", line 261, in __init__
    self.dbt_graph.load(method=render_config.load_method, execution_mode=execution_config.execution_mode)
  File "/home/airflow/.local/lib/python3.11/site-packages/cosmos/dbt/graph.py", line 440, in load
    load_method[method]()
  File "/home/airflow/.local/lib/python3.11/site-packages/cosmos/dbt/graph.py", line 748, in load_from_dbt_manifest
    config=node_dict["config"],
           ~~~~~~~~~^^^^^^^^^^
KeyError: 'config'
[2026-09-08T00:43:28.303+0000] {processor.py:842} WARNING - No viable dags retrieved from /opt/airflow/dags/financial_pipeline_dag.py
[2026-09-08T00:43:28.323+0000] {processor.py:183} INFO - Processing /opt/airflow/dags/financial_pipeline_dag.py took 0.209 seconds
[2026-09-08T00:43:42.812+0000] {processor.py:161} INFO - Started process (PID=180) to work on /opt/airflow/dags/financial_pipeline_dag.py
[2026-09-08T00:43:42.814+0000] {processor.py:830} INFO - Processing file /opt/airflow/dags/financial_pipeline_dag.py for tasks to queue
[2026-09-08T00:43:42.816+0000] {logging_mixin.py:188} INFO - [2026-09-08T00:43:42.816+0000] {dagbag.py:545} INFO - Filling up the DagBag from /opt/airflow/dags/financial_pipeline_dag.py
[2026-09-08T00:43:42.995+0000] {logging_mixin.py:188} INFO - [2026-09-08T00:43:42.994+0000] {graph.py:719} INFO - Trying to parse the dbt project `transformations` using a dbt manifest...
[2026-09-08T00:43:43.020+0000] {logging_mixin.py:188} INFO - [2026-09-08T00:43:43.016+0000] {dagbag.py:355} ERROR - Failed to import: /opt/airflow/dags/financial_pipeline_dag.py
Traceback (most recent call last):
  File "/home/airflow/.local/lib/python3.11/site-packages/airflow/models/dagbag.py", line 351, in parse
    loader.exec_module(new_module)
  File "<frozen importlib._bootstrap_external>", line 940, in exec_module
  File "<frozen importlib._bootstrap>", line 241, in _call_with_frames_removed
  File "/opt/airflow/dags/financial_pipeline_dag.py", line 115, in <module>
    dbt_stg_overview = make_dbt_group("dbt_stg_overview", "stg_overview")
                       ^^^^^^^^^^^^^^^^^^^^^^^^^^^^^^^^^^^^^^^^^^^^^^^^^^
  File "/opt/airflow/dags/financial_pipeline_dag.py", line 102, in make_dbt_group
    return DbtTaskGroup(
           ^^^^^^^^^^^^^
  File "/home/airflow/.local/lib/python3.11/site-packages/cosmos/airflow/task_group.py", line 28, in __init__
    DbtToAirflowConverter.__init__(self, *args, **specific_kwargs(**kwargs))
  File "/home/airflow/.local/lib/python3.11/site-packages/cosmos/converter.py", line 261, in __init__
    self.dbt_graph.load(method=render_config.load_method, execution_mode=execution_config.execution_mode)
  File "/home/airflow/.local/lib/python3.11/site-packages/cosmos/dbt/graph.py", line 440, in load
    load_method[method]()
  File "/home/airflow/.local/lib/python3.11/site-packages/cosmos/dbt/graph.py", line 748, in load_from_dbt_manifest
    config=node_dict["config"],
           ~~~~~~~~~^^^^^^^^^^
KeyError: 'config'
[2026-09-08T00:43:43.021+0000] {processor.py:842} WARNING - No viable dags retrieved from /opt/airflow/dags/financial_pipeline_dag.py
[2026-09-08T00:43:43.045+0000] {processor.py:183} INFO - Processing /opt/airflow/dags/financial_pipeline_dag.py took 0.243 seconds
[2026-09-08T00:43:57.086+0000] {processor.py:161} INFO - Started process (PID=180) to work on /opt/airflow/dags/financial_pipeline_dag.py
[2026-09-08T00:43:57.088+0000] {processor.py:830} INFO - Processing file /opt/airflow/dags/financial_pipeline_dag.py for tasks to queue
[2026-09-08T00:43:57.090+0000] {logging_mixin.py:188} INFO - [2026-09-08T00:43:57.089+0000] {dagbag.py:545} INFO - Filling up the DagBag from /opt/airflow/dags/financial_pipeline_dag.py
[2026-09-08T00:43:57.244+0000] {logging_mixin.py:188} INFO - [2026-09-08T00:43:57.243+0000] {graph.py:719} INFO - Trying to parse the dbt project `transformations` using a dbt manifest...
[2026-09-08T00:43:57.276+0000] {logging_mixin.py:188} INFO - [2026-09-08T00:43:57.266+0000] {dagbag.py:355} ERROR - Failed to import: /opt/airflow/dags/financial_pipeline_dag.py
Traceback (most recent call last):
  File "/home/airflow/.local/lib/python3.11/site-packages/airflow/models/dagbag.py", line 351, in parse
    loader.exec_module(new_module)
  File "<frozen importlib._bootstrap_external>", line 940, in exec_module
  File "<frozen importlib._bootstrap>", line 241, in _call_with_frames_removed
  File "/opt/airflow/dags/financial_pipeline_dag.py", line 115, in <module>
    dbt_stg_overview = make_dbt_group("dbt_stg_overview", "stg_overview")
                       ^^^^^^^^^^^^^^^^^^^^^^^^^^^^^^^^^^^^^^^^^^^^^^^^^^
  File "/opt/airflow/dags/financial_pipeline_dag.py", line 102, in make_dbt_group
    return DbtTaskGroup(
           ^^^^^^^^^^^^^
  File "/home/airflow/.local/lib/python3.11/site-packages/cosmos/airflow/task_group.py", line 28, in __init__
    DbtToAirflowConverter.__init__(self, *args, **specific_kwargs(**kwargs))
  File "/home/airflow/.local/lib/python3.11/site-packages/cosmos/converter.py", line 261, in __init__
    self.dbt_graph.load(method=render_config.load_method, execution_mode=execution_config.execution_mode)
  File "/home/airflow/.local/lib/python3.11/site-packages/cosmos/dbt/graph.py", line 440, in load
    load_method[method]()
  File "/home/airflow/.local/lib/python3.11/site-packages/cosmos/dbt/graph.py", line 748, in load_from_dbt_manifest
    config=node_dict["config"],
           ~~~~~~~~~^^^^^^^^^^
KeyError: 'config'
[2026-09-08T00:43:57.279+0000] {processor.py:842} WARNING - No viable dags retrieved from /opt/airflow/dags/financial_pipeline_dag.py
[2026-09-08T00:43:57.314+0000] {processor.py:183} INFO - Processing /opt/airflow/dags/financial_pipeline_dag.py took 0.237 seconds
[2026-09-08T00:44:12.459+0000] {processor.py:161} INFO - Started process (PID=180) to work on /opt/airflow/dags/financial_pipeline_dag.py
[2026-09-08T00:44:12.461+0000] {processor.py:830} INFO - Processing file /opt/airflow/dags/financial_pipeline_dag.py for tasks to queue
[2026-09-08T00:44:12.463+0000] {logging_mixin.py:188} INFO - [2026-09-08T00:44:12.462+0000] {dagbag.py:545} INFO - Filling up the DagBag from /opt/airflow/dags/financial_pipeline_dag.py
[2026-09-08T00:44:12.593+0000] {logging_mixin.py:188} INFO - [2026-09-08T00:44:12.593+0000] {graph.py:719} INFO - Trying to parse the dbt project `transformations` using a dbt manifest...
[2026-09-08T00:44:12.614+0000] {logging_mixin.py:188} INFO - [2026-09-08T00:44:12.610+0000] {dagbag.py:355} ERROR - Failed to import: /opt/airflow/dags/financial_pipeline_dag.py
Traceback (most recent call last):
  File "/home/airflow/.local/lib/python3.11/site-packages/airflow/models/dagbag.py", line 351, in parse
    loader.exec_module(new_module)
  File "<frozen importlib._bootstrap_external>", line 940, in exec_module
  File "<frozen importlib._bootstrap>", line 241, in _call_with_frames_removed
  File "/opt/airflow/dags/financial_pipeline_dag.py", line 115, in <module>
    dbt_stg_overview = make_dbt_group("dbt_stg_overview", "stg_overview")
                       ^^^^^^^^^^^^^^^^^^^^^^^^^^^^^^^^^^^^^^^^^^^^^^^^^^
  File "/opt/airflow/dags/financial_pipeline_dag.py", line 102, in make_dbt_group
    return DbtTaskGroup(
           ^^^^^^^^^^^^^
  File "/home/airflow/.local/lib/python3.11/site-packages/cosmos/airflow/task_group.py", line 28, in __init__
    DbtToAirflowConverter.__init__(self, *args, **specific_kwargs(**kwargs))
  File "/home/airflow/.local/lib/python3.11/site-packages/cosmos/converter.py", line 261, in __init__
    self.dbt_graph.load(method=render_config.load_method, execution_mode=execution_config.execution_mode)
  File "/home/airflow/.local/lib/python3.11/site-packages/cosmos/dbt/graph.py", line 440, in load
    load_method[method]()
  File "/home/airflow/.local/lib/python3.11/site-packages/cosmos/dbt/graph.py", line 748, in load_from_dbt_manifest
    config=node_dict["config"],
           ~~~~~~~~~^^^^^^^^^^
KeyError: 'config'
[2026-09-08T00:44:12.615+0000] {processor.py:842} WARNING - No viable dags retrieved from /opt/airflow/dags/financial_pipeline_dag.py
[2026-09-08T00:44:12.633+0000] {processor.py:183} INFO - Processing /opt/airflow/dags/financial_pipeline_dag.py took 0.185 seconds
[2026-09-08T00:44:27.021+0000] {processor.py:161} INFO - Started process (PID=180) to work on /opt/airflow/dags/financial_pipeline_dag.py
[2026-09-08T00:44:27.023+0000] {processor.py:830} INFO - Processing file /opt/airflow/dags/financial_pipeline_dag.py for tasks to queue
[2026-09-08T00:44:27.028+0000] {logging_mixin.py:188} INFO - [2026-09-08T00:44:27.027+0000] {dagbag.py:545} INFO - Filling up the DagBag from /opt/airflow/dags/financial_pipeline_dag.py
[2026-09-08T00:44:27.212+0000] {logging_mixin.py:188} INFO - [2026-09-08T00:44:27.212+0000] {graph.py:719} INFO - Trying to parse the dbt project `transformations` using a dbt manifest...
[2026-09-08T00:44:27.238+0000] {logging_mixin.py:188} INFO - [2026-09-08T00:44:27.232+0000] {dagbag.py:355} ERROR - Failed to import: /opt/airflow/dags/financial_pipeline_dag.py
Traceback (most recent call last):
  File "/home/airflow/.local/lib/python3.11/site-packages/airflow/models/dagbag.py", line 351, in parse
    loader.exec_module(new_module)
  File "<frozen importlib._bootstrap_external>", line 940, in exec_module
  File "<frozen importlib._bootstrap>", line 241, in _call_with_frames_removed
  File "/opt/airflow/dags/financial_pipeline_dag.py", line 115, in <module>
    dbt_stg_overview = make_dbt_group("dbt_stg_overview", "stg_overview")
                       ^^^^^^^^^^^^^^^^^^^^^^^^^^^^^^^^^^^^^^^^^^^^^^^^^^
  File "/opt/airflow/dags/financial_pipeline_dag.py", line 102, in make_dbt_group
    return DbtTaskGroup(
           ^^^^^^^^^^^^^
  File "/home/airflow/.local/lib/python3.11/site-packages/cosmos/airflow/task_group.py", line 28, in __init__
    DbtToAirflowConverter.__init__(self, *args, **specific_kwargs(**kwargs))
  File "/home/airflow/.local/lib/python3.11/site-packages/cosmos/converter.py", line 261, in __init__
    self.dbt_graph.load(method=render_config.load_method, execution_mode=execution_config.execution_mode)
  File "/home/airflow/.local/lib/python3.11/site-packages/cosmos/dbt/graph.py", line 440, in load
    load_method[method]()
  File "/home/airflow/.local/lib/python3.11/site-packages/cosmos/dbt/graph.py", line 748, in load_from_dbt_manifest
    config=node_dict["config"],
           ~~~~~~~~~^^^^^^^^^^
KeyError: 'config'
[2026-09-08T00:44:27.239+0000] {processor.py:842} WARNING - No viable dags retrieved from /opt/airflow/dags/financial_pipeline_dag.py
[2026-09-08T00:44:27.265+0000] {processor.py:183} INFO - Processing /opt/airflow/dags/financial_pipeline_dag.py took 0.253 seconds
[2026-09-08T00:44:41.865+0000] {processor.py:161} INFO - Started process (PID=181) to work on /opt/airflow/dags/financial_pipeline_dag.py
[2026-09-08T00:44:41.866+0000] {processor.py:830} INFO - Processing file /opt/airflow/dags/financial_pipeline_dag.py for tasks to queue
[2026-09-08T00:44:41.868+0000] {logging_mixin.py:188} INFO - [2026-09-08T00:44:41.867+0000] {dagbag.py:545} INFO - Filling up the DagBag from /opt/airflow/dags/financial_pipeline_dag.py
[2026-09-08T00:44:42.005+0000] {logging_mixin.py:188} INFO - [2026-09-08T00:44:42.005+0000] {graph.py:719} INFO - Trying to parse the dbt project `transformations` using a dbt manifest...
[2026-09-08T00:44:42.027+0000] {logging_mixin.py:188} INFO - [2026-09-08T00:44:42.022+0000] {dagbag.py:355} ERROR - Failed to import: /opt/airflow/dags/financial_pipeline_dag.py
Traceback (most recent call last):
  File "/home/airflow/.local/lib/python3.11/site-packages/airflow/models/dagbag.py", line 351, in parse
    loader.exec_module(new_module)
  File "<frozen importlib._bootstrap_external>", line 940, in exec_module
  File "<frozen importlib._bootstrap>", line 241, in _call_with_frames_removed
  File "/opt/airflow/dags/financial_pipeline_dag.py", line 115, in <module>
    dbt_stg_overview = make_dbt_group("dbt_stg_overview", "stg_overview")
                       ^^^^^^^^^^^^^^^^^^^^^^^^^^^^^^^^^^^^^^^^^^^^^^^^^^
  File "/opt/airflow/dags/financial_pipeline_dag.py", line 102, in make_dbt_group
    return DbtTaskGroup(
           ^^^^^^^^^^^^^
  File "/home/airflow/.local/lib/python3.11/site-packages/cosmos/airflow/task_group.py", line 28, in __init__
    DbtToAirflowConverter.__init__(self, *args, **specific_kwargs(**kwargs))
  File "/home/airflow/.local/lib/python3.11/site-packages/cosmos/converter.py", line 261, in __init__
    self.dbt_graph.load(method=render_config.load_method, execution_mode=execution_config.execution_mode)
  File "/home/airflow/.local/lib/python3.11/site-packages/cosmos/dbt/graph.py", line 440, in load
    load_method[method]()
  File "/home/airflow/.local/lib/python3.11/site-packages/cosmos/dbt/graph.py", line 748, in load_from_dbt_manifest
    config=node_dict["config"],
           ~~~~~~~~~^^^^^^^^^^
KeyError: 'config'
[2026-09-08T00:44:42.028+0000] {processor.py:842} WARNING - No viable dags retrieved from /opt/airflow/dags/financial_pipeline_dag.py
[2026-09-08T00:44:42.046+0000] {processor.py:183} INFO - Processing /opt/airflow/dags/financial_pipeline_dag.py took 0.188 seconds
[2026-09-08T00:44:56.538+0000] {processor.py:161} INFO - Started process (PID=180) to work on /opt/airflow/dags/financial_pipeline_dag.py
[2026-09-08T00:44:56.540+0000] {processor.py:830} INFO - Processing file /opt/airflow/dags/financial_pipeline_dag.py for tasks to queue
[2026-09-08T00:44:56.542+0000] {logging_mixin.py:188} INFO - [2026-09-08T00:44:56.542+0000] {dagbag.py:545} INFO - Filling up the DagBag from /opt/airflow/dags/financial_pipeline_dag.py
[2026-09-08T00:44:56.678+0000] {logging_mixin.py:188} INFO - [2026-09-08T00:44:56.678+0000] {graph.py:719} INFO - Trying to parse the dbt project `transformations` using a dbt manifest...
[2026-09-08T00:44:56.698+0000] {logging_mixin.py:188} INFO - [2026-09-08T00:44:56.695+0000] {dagbag.py:355} ERROR - Failed to import: /opt/airflow/dags/financial_pipeline_dag.py
Traceback (most recent call last):
  File "/home/airflow/.local/lib/python3.11/site-packages/airflow/models/dagbag.py", line 351, in parse
    loader.exec_module(new_module)
  File "<frozen importlib._bootstrap_external>", line 940, in exec_module
  File "<frozen importlib._bootstrap>", line 241, in _call_with_frames_removed
  File "/opt/airflow/dags/financial_pipeline_dag.py", line 115, in <module>
    dbt_stg_overview = make_dbt_group("dbt_stg_overview", "stg_overview")
                       ^^^^^^^^^^^^^^^^^^^^^^^^^^^^^^^^^^^^^^^^^^^^^^^^^^
  File "/opt/airflow/dags/financial_pipeline_dag.py", line 102, in make_dbt_group
    return DbtTaskGroup(
           ^^^^^^^^^^^^^
  File "/home/airflow/.local/lib/python3.11/site-packages/cosmos/airflow/task_group.py", line 28, in __init__
    DbtToAirflowConverter.__init__(self, *args, **specific_kwargs(**kwargs))
  File "/home/airflow/.local/lib/python3.11/site-packages/cosmos/converter.py", line 261, in __init__
    self.dbt_graph.load(method=render_config.load_method, execution_mode=execution_config.execution_mode)
  File "/home/airflow/.local/lib/python3.11/site-packages/cosmos/dbt/graph.py", line 440, in load
    load_method[method]()
  File "/home/airflow/.local/lib/python3.11/site-packages/cosmos/dbt/graph.py", line 748, in load_from_dbt_manifest
    config=node_dict["config"],
           ~~~~~~~~~^^^^^^^^^^
KeyError: 'config'
[2026-09-08T00:44:56.699+0000] {processor.py:842} WARNING - No viable dags retrieved from /opt/airflow/dags/financial_pipeline_dag.py
[2026-09-08T00:44:56.719+0000] {processor.py:183} INFO - Processing /opt/airflow/dags/financial_pipeline_dag.py took 0.189 seconds
[2026-09-08T00:45:11.379+0000] {processor.py:161} INFO - Started process (PID=180) to work on /opt/airflow/dags/financial_pipeline_dag.py
[2026-09-08T00:45:11.380+0000] {processor.py:830} INFO - Processing file /opt/airflow/dags/financial_pipeline_dag.py for tasks to queue
[2026-09-08T00:45:11.383+0000] {logging_mixin.py:188} INFO - [2026-09-08T00:45:11.382+0000] {dagbag.py:545} INFO - Filling up the DagBag from /opt/airflow/dags/financial_pipeline_dag.py
[2026-09-08T00:45:11.528+0000] {logging_mixin.py:188} INFO - [2026-09-08T00:45:11.527+0000] {graph.py:719} INFO - Trying to parse the dbt project `transformations` using a dbt manifest...
[2026-09-08T00:45:11.551+0000] {logging_mixin.py:188} INFO - [2026-09-08T00:45:11.546+0000] {dagbag.py:355} ERROR - Failed to import: /opt/airflow/dags/financial_pipeline_dag.py
Traceback (most recent call last):
  File "/home/airflow/.local/lib/python3.11/site-packages/airflow/models/dagbag.py", line 351, in parse
    loader.exec_module(new_module)
  File "<frozen importlib._bootstrap_external>", line 940, in exec_module
  File "<frozen importlib._bootstrap>", line 241, in _call_with_frames_removed
  File "/opt/airflow/dags/financial_pipeline_dag.py", line 115, in <module>
    dbt_stg_overview = make_dbt_group("dbt_stg_overview", "stg_overview")
                       ^^^^^^^^^^^^^^^^^^^^^^^^^^^^^^^^^^^^^^^^^^^^^^^^^^
  File "/opt/airflow/dags/financial_pipeline_dag.py", line 102, in make_dbt_group
    return DbtTaskGroup(
           ^^^^^^^^^^^^^
  File "/home/airflow/.local/lib/python3.11/site-packages/cosmos/airflow/task_group.py", line 28, in __init__
    DbtToAirflowConverter.__init__(self, *args, **specific_kwargs(**kwargs))
  File "/home/airflow/.local/lib/python3.11/site-packages/cosmos/converter.py", line 261, in __init__
    self.dbt_graph.load(method=render_config.load_method, execution_mode=execution_config.execution_mode)
  File "/home/airflow/.local/lib/python3.11/site-packages/cosmos/dbt/graph.py", line 440, in load
    load_method[method]()
  File "/home/airflow/.local/lib/python3.11/site-packages/cosmos/dbt/graph.py", line 748, in load_from_dbt_manifest
    config=node_dict["config"],
           ~~~~~~~~~^^^^^^^^^^
KeyError: 'config'
[2026-09-08T00:45:11.552+0000] {processor.py:842} WARNING - No viable dags retrieved from /opt/airflow/dags/financial_pipeline_dag.py
[2026-09-08T00:45:11.570+0000] {processor.py:183} INFO - Processing /opt/airflow/dags/financial_pipeline_dag.py took 0.200 seconds
[2026-09-08T00:45:26.063+0000] {processor.py:161} INFO - Started process (PID=180) to work on /opt/airflow/dags/financial_pipeline_dag.py
[2026-09-08T00:45:26.065+0000] {processor.py:830} INFO - Processing file /opt/airflow/dags/financial_pipeline_dag.py for tasks to queue
[2026-09-08T00:45:26.068+0000] {logging_mixin.py:188} INFO - [2026-09-08T00:45:26.067+0000] {dagbag.py:545} INFO - Filling up the DagBag from /opt/airflow/dags/financial_pipeline_dag.py
[2026-09-08T00:45:26.244+0000] {logging_mixin.py:188} INFO - [2026-09-08T00:45:26.244+0000] {graph.py:719} INFO - Trying to parse the dbt project `transformations` using a dbt manifest...
[2026-09-08T00:45:26.266+0000] {logging_mixin.py:188} INFO - [2026-09-08T00:45:26.262+0000] {dagbag.py:355} ERROR - Failed to import: /opt/airflow/dags/financial_pipeline_dag.py
Traceback (most recent call last):
  File "/home/airflow/.local/lib/python3.11/site-packages/airflow/models/dagbag.py", line 351, in parse
    loader.exec_module(new_module)
  File "<frozen importlib._bootstrap_external>", line 940, in exec_module
  File "<frozen importlib._bootstrap>", line 241, in _call_with_frames_removed
  File "/opt/airflow/dags/financial_pipeline_dag.py", line 115, in <module>
    dbt_stg_overview = make_dbt_group("dbt_stg_overview", "stg_overview")
                       ^^^^^^^^^^^^^^^^^^^^^^^^^^^^^^^^^^^^^^^^^^^^^^^^^^
  File "/opt/airflow/dags/financial_pipeline_dag.py", line 102, in make_dbt_group
    return DbtTaskGroup(
           ^^^^^^^^^^^^^
  File "/home/airflow/.local/lib/python3.11/site-packages/cosmos/airflow/task_group.py", line 28, in __init__
    DbtToAirflowConverter.__init__(self, *args, **specific_kwargs(**kwargs))
  File "/home/airflow/.local/lib/python3.11/site-packages/cosmos/converter.py", line 261, in __init__
    self.dbt_graph.load(method=render_config.load_method, execution_mode=execution_config.execution_mode)
  File "/home/airflow/.local/lib/python3.11/site-packages/cosmos/dbt/graph.py", line 440, in load
    load_method[method]()
  File "/home/airflow/.local/lib/python3.11/site-packages/cosmos/dbt/graph.py", line 748, in load_from_dbt_manifest
    config=node_dict["config"],
           ~~~~~~~~~^^^^^^^^^^
KeyError: 'config'
[2026-09-08T00:45:26.267+0000] {processor.py:842} WARNING - No viable dags retrieved from /opt/airflow/dags/financial_pipeline_dag.py
[2026-09-08T00:45:26.287+0000] {processor.py:183} INFO - Processing /opt/airflow/dags/financial_pipeline_dag.py took 0.234 seconds
[2026-09-08T00:45:40.481+0000] {processor.py:161} INFO - Started process (PID=189) to work on /opt/airflow/dags/financial_pipeline_dag.py
[2026-09-08T00:45:40.488+0000] {processor.py:830} INFO - Processing file /opt/airflow/dags/financial_pipeline_dag.py for tasks to queue
[2026-09-08T00:45:40.492+0000] {logging_mixin.py:188} INFO - [2026-09-08T00:45:40.491+0000] {dagbag.py:545} INFO - Filling up the DagBag from /opt/airflow/dags/financial_pipeline_dag.py
[2026-09-08T00:45:40.591+0000] {logging_mixin.py:188} INFO - [2026-09-08T00:45:40.591+0000] {graph.py:719} INFO - Trying to parse the dbt project `transformations` using a dbt manifest...
[2026-09-08T00:45:40.612+0000] {logging_mixin.py:188} INFO - [2026-09-08T00:45:40.608+0000] {dagbag.py:355} ERROR - Failed to import: /opt/airflow/dags/financial_pipeline_dag.py
Traceback (most recent call last):
  File "/home/airflow/.local/lib/python3.11/site-packages/airflow/models/dagbag.py", line 351, in parse
    loader.exec_module(new_module)
  File "<frozen importlib._bootstrap_external>", line 940, in exec_module
  File "<frozen importlib._bootstrap>", line 241, in _call_with_frames_removed
  File "/opt/airflow/dags/financial_pipeline_dag.py", line 115, in <module>
    dbt_stg_overview = make_dbt_group("dbt_stg_overview", "stg_overview")
                       ^^^^^^^^^^^^^^^^^^^^^^^^^^^^^^^^^^^^^^^^^^^^^^^^^^
  File "/opt/airflow/dags/financial_pipeline_dag.py", line 102, in make_dbt_group
    return DbtTaskGroup(
           ^^^^^^^^^^^^^
  File "/home/airflow/.local/lib/python3.11/site-packages/cosmos/airflow/task_group.py", line 28, in __init__
    DbtToAirflowConverter.__init__(self, *args, **specific_kwargs(**kwargs))
  File "/home/airflow/.local/lib/python3.11/site-packages/cosmos/converter.py", line 261, in __init__
    self.dbt_graph.load(method=render_config.load_method, execution_mode=execution_config.execution_mode)
  File "/home/airflow/.local/lib/python3.11/site-packages/cosmos/dbt/graph.py", line 440, in load
    load_method[method]()
  File "/home/airflow/.local/lib/python3.11/site-packages/cosmos/dbt/graph.py", line 748, in load_from_dbt_manifest
    config=node_dict["config"],
           ~~~~~~~~~^^^^^^^^^^
KeyError: 'config'
[2026-09-08T00:45:40.613+0000] {processor.py:842} WARNING - No viable dags retrieved from /opt/airflow/dags/financial_pipeline_dag.py
[2026-09-08T00:45:40.632+0000] {processor.py:183} INFO - Processing /opt/airflow/dags/financial_pipeline_dag.py took 0.158 seconds
[2026-09-08T00:45:54.973+0000] {processor.py:161} INFO - Started process (PID=180) to work on /opt/airflow/dags/financial_pipeline_dag.py
[2026-09-08T00:45:54.975+0000] {processor.py:830} INFO - Processing file /opt/airflow/dags/financial_pipeline_dag.py for tasks to queue
[2026-09-08T00:45:54.978+0000] {logging_mixin.py:188} INFO - [2026-09-08T00:45:54.977+0000] {dagbag.py:545} INFO - Filling up the DagBag from /opt/airflow/dags/financial_pipeline_dag.py
[2026-09-08T00:45:55.165+0000] {logging_mixin.py:188} INFO - [2026-09-08T00:45:55.165+0000] {graph.py:719} INFO - Trying to parse the dbt project `transformations` using a dbt manifest...
[2026-09-08T00:45:55.190+0000] {logging_mixin.py:188} INFO - [2026-09-08T00:45:55.186+0000] {dagbag.py:355} ERROR - Failed to import: /opt/airflow/dags/financial_pipeline_dag.py
Traceback (most recent call last):
  File "/home/airflow/.local/lib/python3.11/site-packages/airflow/models/dagbag.py", line 351, in parse
    loader.exec_module(new_module)
  File "<frozen importlib._bootstrap_external>", line 940, in exec_module
  File "<frozen importlib._bootstrap>", line 241, in _call_with_frames_removed
  File "/opt/airflow/dags/financial_pipeline_dag.py", line 115, in <module>
    dbt_stg_overview = make_dbt_group("dbt_stg_overview", "stg_overview")
                       ^^^^^^^^^^^^^^^^^^^^^^^^^^^^^^^^^^^^^^^^^^^^^^^^^^
  File "/opt/airflow/dags/financial_pipeline_dag.py", line 102, in make_dbt_group
    return DbtTaskGroup(
           ^^^^^^^^^^^^^
  File "/home/airflow/.local/lib/python3.11/site-packages/cosmos/airflow/task_group.py", line 28, in __init__
    DbtToAirflowConverter.__init__(self, *args, **specific_kwargs(**kwargs))
  File "/home/airflow/.local/lib/python3.11/site-packages/cosmos/converter.py", line 261, in __init__
    self.dbt_graph.load(method=render_config.load_method, execution_mode=execution_config.execution_mode)
  File "/home/airflow/.local/lib/python3.11/site-packages/cosmos/dbt/graph.py", line 440, in load
    load_method[method]()
  File "/home/airflow/.local/lib/python3.11/site-packages/cosmos/dbt/graph.py", line 748, in load_from_dbt_manifest
    config=node_dict["config"],
           ~~~~~~~~~^^^^^^^^^^
KeyError: 'config'
[2026-09-08T00:45:55.192+0000] {processor.py:842} WARNING - No viable dags retrieved from /opt/airflow/dags/financial_pipeline_dag.py
[2026-09-08T00:45:55.216+0000] {processor.py:183} INFO - Processing /opt/airflow/dags/financial_pipeline_dag.py took 0.253 seconds
[2026-09-08T00:46:09.380+0000] {processor.py:161} INFO - Started process (PID=180) to work on /opt/airflow/dags/financial_pipeline_dag.py
[2026-09-08T00:46:09.381+0000] {processor.py:830} INFO - Processing file /opt/airflow/dags/financial_pipeline_dag.py for tasks to queue
[2026-09-08T00:46:09.383+0000] {logging_mixin.py:188} INFO - [2026-09-08T00:46:09.383+0000] {dagbag.py:545} INFO - Filling up the DagBag from /opt/airflow/dags/financial_pipeline_dag.py
[2026-09-08T00:46:09.520+0000] {logging_mixin.py:188} INFO - [2026-09-08T00:46:09.520+0000] {graph.py:719} INFO - Trying to parse the dbt project `transformations` using a dbt manifest...
[2026-09-08T00:46:09.543+0000] {logging_mixin.py:188} INFO - [2026-09-08T00:46:09.537+0000] {dagbag.py:355} ERROR - Failed to import: /opt/airflow/dags/financial_pipeline_dag.py
Traceback (most recent call last):
  File "/home/airflow/.local/lib/python3.11/site-packages/airflow/models/dagbag.py", line 351, in parse
    loader.exec_module(new_module)
  File "<frozen importlib._bootstrap_external>", line 940, in exec_module
  File "<frozen importlib._bootstrap>", line 241, in _call_with_frames_removed
  File "/opt/airflow/dags/financial_pipeline_dag.py", line 115, in <module>
    dbt_stg_overview = make_dbt_group("dbt_stg_overview", "stg_overview")
                       ^^^^^^^^^^^^^^^^^^^^^^^^^^^^^^^^^^^^^^^^^^^^^^^^^^
  File "/opt/airflow/dags/financial_pipeline_dag.py", line 102, in make_dbt_group
    return DbtTaskGroup(
           ^^^^^^^^^^^^^
  File "/home/airflow/.local/lib/python3.11/site-packages/cosmos/airflow/task_group.py", line 28, in __init__
    DbtToAirflowConverter.__init__(self, *args, **specific_kwargs(**kwargs))
  File "/home/airflow/.local/lib/python3.11/site-packages/cosmos/converter.py", line 261, in __init__
    self.dbt_graph.load(method=render_config.load_method, execution_mode=execution_config.execution_mode)
  File "/home/airflow/.local/lib/python3.11/site-packages/cosmos/dbt/graph.py", line 440, in load
    load_method[method]()
  File "/home/airflow/.local/lib/python3.11/site-packages/cosmos/dbt/graph.py", line 748, in load_from_dbt_manifest
    config=node_dict["config"],
           ~~~~~~~~~^^^^^^^^^^
KeyError: 'config'
[2026-09-08T00:46:09.544+0000] {processor.py:842} WARNING - No viable dags retrieved from /opt/airflow/dags/financial_pipeline_dag.py
[2026-09-08T00:46:09.566+0000] {processor.py:183} INFO - Processing /opt/airflow/dags/financial_pipeline_dag.py took 0.194 seconds
[2026-09-08T00:46:24.575+0000] {processor.py:161} INFO - Started process (PID=180) to work on /opt/airflow/dags/financial_pipeline_dag.py
[2026-09-08T00:46:24.577+0000] {processor.py:830} INFO - Processing file /opt/airflow/dags/financial_pipeline_dag.py for tasks to queue
[2026-09-08T00:46:24.579+0000] {logging_mixin.py:188} INFO - [2026-09-08T00:46:24.578+0000] {dagbag.py:545} INFO - Filling up the DagBag from /opt/airflow/dags/financial_pipeline_dag.py
[2026-09-08T00:46:24.720+0000] {logging_mixin.py:188} INFO - [2026-09-08T00:46:24.720+0000] {graph.py:719} INFO - Trying to parse the dbt project `transformations` using a dbt manifest...
[2026-09-08T00:46:24.742+0000] {logging_mixin.py:188} INFO - [2026-09-08T00:46:24.737+0000] {dagbag.py:355} ERROR - Failed to import: /opt/airflow/dags/financial_pipeline_dag.py
Traceback (most recent call last):
  File "/home/airflow/.local/lib/python3.11/site-packages/airflow/models/dagbag.py", line 351, in parse
    loader.exec_module(new_module)
  File "<frozen importlib._bootstrap_external>", line 940, in exec_module
  File "<frozen importlib._bootstrap>", line 241, in _call_with_frames_removed
  File "/opt/airflow/dags/financial_pipeline_dag.py", line 115, in <module>
    dbt_stg_overview = make_dbt_group("dbt_stg_overview", "stg_overview")
                       ^^^^^^^^^^^^^^^^^^^^^^^^^^^^^^^^^^^^^^^^^^^^^^^^^^
  File "/opt/airflow/dags/financial_pipeline_dag.py", line 102, in make_dbt_group
    return DbtTaskGroup(
           ^^^^^^^^^^^^^
  File "/home/airflow/.local/lib/python3.11/site-packages/cosmos/airflow/task_group.py", line 28, in __init__
    DbtToAirflowConverter.__init__(self, *args, **specific_kwargs(**kwargs))
  File "/home/airflow/.local/lib/python3.11/site-packages/cosmos/converter.py", line 261, in __init__
    self.dbt_graph.load(method=render_config.load_method, execution_mode=execution_config.execution_mode)
  File "/home/airflow/.local/lib/python3.11/site-packages/cosmos/dbt/graph.py", line 440, in load
    load_method[method]()
  File "/home/airflow/.local/lib/python3.11/site-packages/cosmos/dbt/graph.py", line 748, in load_from_dbt_manifest
    config=node_dict["config"],
           ~~~~~~~~~^^^^^^^^^^
KeyError: 'config'
[2026-09-08T00:46:24.743+0000] {processor.py:842} WARNING - No viable dags retrieved from /opt/airflow/dags/financial_pipeline_dag.py
[2026-09-08T00:46:24.763+0000] {processor.py:183} INFO - Processing /opt/airflow/dags/financial_pipeline_dag.py took 0.197 seconds
[2026-09-08T00:46:39.370+0000] {processor.py:161} INFO - Started process (PID=180) to work on /opt/airflow/dags/financial_pipeline_dag.py
[2026-09-08T00:46:39.371+0000] {processor.py:830} INFO - Processing file /opt/airflow/dags/financial_pipeline_dag.py for tasks to queue
[2026-09-08T00:46:39.374+0000] {logging_mixin.py:188} INFO - [2026-09-08T00:46:39.373+0000] {dagbag.py:545} INFO - Filling up the DagBag from /opt/airflow/dags/financial_pipeline_dag.py
[2026-09-08T00:46:39.522+0000] {logging_mixin.py:188} INFO - [2026-09-08T00:46:39.522+0000] {graph.py:719} INFO - Trying to parse the dbt project `transformations` using a dbt manifest...
[2026-09-08T00:46:39.544+0000] {logging_mixin.py:188} INFO - [2026-09-08T00:46:39.540+0000] {dagbag.py:355} ERROR - Failed to import: /opt/airflow/dags/financial_pipeline_dag.py
Traceback (most recent call last):
  File "/home/airflow/.local/lib/python3.11/site-packages/airflow/models/dagbag.py", line 351, in parse
    loader.exec_module(new_module)
  File "<frozen importlib._bootstrap_external>", line 940, in exec_module
  File "<frozen importlib._bootstrap>", line 241, in _call_with_frames_removed
  File "/opt/airflow/dags/financial_pipeline_dag.py", line 115, in <module>
    dbt_stg_overview = make_dbt_group("dbt_stg_overview", "stg_overview")
                       ^^^^^^^^^^^^^^^^^^^^^^^^^^^^^^^^^^^^^^^^^^^^^^^^^^
  File "/opt/airflow/dags/financial_pipeline_dag.py", line 102, in make_dbt_group
    return DbtTaskGroup(
           ^^^^^^^^^^^^^
  File "/home/airflow/.local/lib/python3.11/site-packages/cosmos/airflow/task_group.py", line 28, in __init__
    DbtToAirflowConverter.__init__(self, *args, **specific_kwargs(**kwargs))
  File "/home/airflow/.local/lib/python3.11/site-packages/cosmos/converter.py", line 261, in __init__
    self.dbt_graph.load(method=render_config.load_method, execution_mode=execution_config.execution_mode)
  File "/home/airflow/.local/lib/python3.11/site-packages/cosmos/dbt/graph.py", line 440, in load
    load_method[method]()
  File "/home/airflow/.local/lib/python3.11/site-packages/cosmos/dbt/graph.py", line 748, in load_from_dbt_manifest
    config=node_dict["config"],
           ~~~~~~~~~^^^^^^^^^^
KeyError: 'config'
[2026-09-08T00:46:39.545+0000] {processor.py:842} WARNING - No viable dags retrieved from /opt/airflow/dags/financial_pipeline_dag.py
[2026-09-08T00:46:39.564+0000] {processor.py:183} INFO - Processing /opt/airflow/dags/financial_pipeline_dag.py took 0.200 seconds
[2026-09-08T00:46:53.734+0000] {processor.py:161} INFO - Started process (PID=180) to work on /opt/airflow/dags/financial_pipeline_dag.py
[2026-09-08T00:46:53.735+0000] {processor.py:830} INFO - Processing file /opt/airflow/dags/financial_pipeline_dag.py for tasks to queue
[2026-09-08T00:46:53.737+0000] {logging_mixin.py:188} INFO - [2026-09-08T00:46:53.737+0000] {dagbag.py:545} INFO - Filling up the DagBag from /opt/airflow/dags/financial_pipeline_dag.py
[2026-09-08T00:46:53.871+0000] {logging_mixin.py:188} INFO - [2026-09-08T00:46:53.871+0000] {graph.py:719} INFO - Trying to parse the dbt project `transformations` using a dbt manifest...
[2026-09-08T00:46:53.892+0000] {logging_mixin.py:188} INFO - [2026-09-08T00:46:53.888+0000] {dagbag.py:355} ERROR - Failed to import: /opt/airflow/dags/financial_pipeline_dag.py
Traceback (most recent call last):
  File "/home/airflow/.local/lib/python3.11/site-packages/airflow/models/dagbag.py", line 351, in parse
    loader.exec_module(new_module)
  File "<frozen importlib._bootstrap_external>", line 940, in exec_module
  File "<frozen importlib._bootstrap>", line 241, in _call_with_frames_removed
  File "/opt/airflow/dags/financial_pipeline_dag.py", line 115, in <module>
    dbt_stg_overview = make_dbt_group("dbt_stg_overview", "stg_overview")
                       ^^^^^^^^^^^^^^^^^^^^^^^^^^^^^^^^^^^^^^^^^^^^^^^^^^
  File "/opt/airflow/dags/financial_pipeline_dag.py", line 102, in make_dbt_group
    return DbtTaskGroup(
           ^^^^^^^^^^^^^
  File "/home/airflow/.local/lib/python3.11/site-packages/cosmos/airflow/task_group.py", line 28, in __init__
    DbtToAirflowConverter.__init__(self, *args, **specific_kwargs(**kwargs))
  File "/home/airflow/.local/lib/python3.11/site-packages/cosmos/converter.py", line 261, in __init__
    self.dbt_graph.load(method=render_config.load_method, execution_mode=execution_config.execution_mode)
  File "/home/airflow/.local/lib/python3.11/site-packages/cosmos/dbt/graph.py", line 440, in load
    load_method[method]()
  File "/home/airflow/.local/lib/python3.11/site-packages/cosmos/dbt/graph.py", line 748, in load_from_dbt_manifest
    config=node_dict["config"],
           ~~~~~~~~~^^^^^^^^^^
KeyError: 'config'
[2026-09-08T00:46:53.894+0000] {processor.py:842} WARNING - No viable dags retrieved from /opt/airflow/dags/financial_pipeline_dag.py
[2026-09-08T00:46:53.914+0000] {processor.py:183} INFO - Processing /opt/airflow/dags/financial_pipeline_dag.py took 0.188 seconds
[2026-09-08T00:47:07.640+0000] {processor.py:161} INFO - Started process (PID=180) to work on /opt/airflow/dags/financial_pipeline_dag.py
[2026-09-08T00:47:07.641+0000] {processor.py:830} INFO - Processing file /opt/airflow/dags/financial_pipeline_dag.py for tasks to queue
[2026-09-08T00:47:07.643+0000] {logging_mixin.py:188} INFO - [2026-09-08T00:47:07.642+0000] {dagbag.py:545} INFO - Filling up the DagBag from /opt/airflow/dags/financial_pipeline_dag.py
[2026-09-08T00:47:07.791+0000] {logging_mixin.py:188} INFO - [2026-09-08T00:47:07.791+0000] {graph.py:719} INFO - Trying to parse the dbt project `transformations` using a dbt manifest...
[2026-09-08T00:47:07.812+0000] {logging_mixin.py:188} INFO - [2026-09-08T00:47:07.808+0000] {dagbag.py:355} ERROR - Failed to import: /opt/airflow/dags/financial_pipeline_dag.py
Traceback (most recent call last):
  File "/home/airflow/.local/lib/python3.11/site-packages/airflow/models/dagbag.py", line 351, in parse
    loader.exec_module(new_module)
  File "<frozen importlib._bootstrap_external>", line 940, in exec_module
  File "<frozen importlib._bootstrap>", line 241, in _call_with_frames_removed
  File "/opt/airflow/dags/financial_pipeline_dag.py", line 115, in <module>
    dbt_stg_overview = make_dbt_group("dbt_stg_overview", "stg_overview")
                       ^^^^^^^^^^^^^^^^^^^^^^^^^^^^^^^^^^^^^^^^^^^^^^^^^^
  File "/opt/airflow/dags/financial_pipeline_dag.py", line 102, in make_dbt_group
    return DbtTaskGroup(
           ^^^^^^^^^^^^^
  File "/home/airflow/.local/lib/python3.11/site-packages/cosmos/airflow/task_group.py", line 28, in __init__
    DbtToAirflowConverter.__init__(self, *args, **specific_kwargs(**kwargs))
  File "/home/airflow/.local/lib/python3.11/site-packages/cosmos/converter.py", line 261, in __init__
    self.dbt_graph.load(method=render_config.load_method, execution_mode=execution_config.execution_mode)
  File "/home/airflow/.local/lib/python3.11/site-packages/cosmos/dbt/graph.py", line 440, in load
    load_method[method]()
  File "/home/airflow/.local/lib/python3.11/site-packages/cosmos/dbt/graph.py", line 748, in load_from_dbt_manifest
    config=node_dict["config"],
           ~~~~~~~~~^^^^^^^^^^
KeyError: 'config'
[2026-09-08T00:47:07.813+0000] {processor.py:842} WARNING - No viable dags retrieved from /opt/airflow/dags/financial_pipeline_dag.py
[2026-09-08T00:47:07.834+0000] {processor.py:183} INFO - Processing /opt/airflow/dags/financial_pipeline_dag.py took 0.205 seconds
[2026-09-08T00:47:21.987+0000] {processor.py:161} INFO - Started process (PID=180) to work on /opt/airflow/dags/financial_pipeline_dag.py
[2026-09-08T00:47:21.989+0000] {processor.py:830} INFO - Processing file /opt/airflow/dags/financial_pipeline_dag.py for tasks to queue
[2026-09-08T00:47:21.991+0000] {logging_mixin.py:188} INFO - [2026-09-08T00:47:21.990+0000] {dagbag.py:545} INFO - Filling up the DagBag from /opt/airflow/dags/financial_pipeline_dag.py
[2026-09-08T00:47:22.135+0000] {logging_mixin.py:188} INFO - [2026-09-08T00:47:22.134+0000] {graph.py:719} INFO - Trying to parse the dbt project `transformations` using a dbt manifest...
[2026-09-08T00:47:22.161+0000] {logging_mixin.py:188} INFO - [2026-09-08T00:47:22.155+0000] {dagbag.py:355} ERROR - Failed to import: /opt/airflow/dags/financial_pipeline_dag.py
Traceback (most recent call last):
  File "/home/airflow/.local/lib/python3.11/site-packages/airflow/models/dagbag.py", line 351, in parse
    loader.exec_module(new_module)
  File "<frozen importlib._bootstrap_external>", line 940, in exec_module
  File "<frozen importlib._bootstrap>", line 241, in _call_with_frames_removed
  File "/opt/airflow/dags/financial_pipeline_dag.py", line 115, in <module>
    dbt_stg_overview = make_dbt_group("dbt_stg_overview", "stg_overview")
                       ^^^^^^^^^^^^^^^^^^^^^^^^^^^^^^^^^^^^^^^^^^^^^^^^^^
  File "/opt/airflow/dags/financial_pipeline_dag.py", line 102, in make_dbt_group
    return DbtTaskGroup(
           ^^^^^^^^^^^^^
  File "/home/airflow/.local/lib/python3.11/site-packages/cosmos/airflow/task_group.py", line 28, in __init__
    DbtToAirflowConverter.__init__(self, *args, **specific_kwargs(**kwargs))
  File "/home/airflow/.local/lib/python3.11/site-packages/cosmos/converter.py", line 261, in __init__
    self.dbt_graph.load(method=render_config.load_method, execution_mode=execution_config.execution_mode)
  File "/home/airflow/.local/lib/python3.11/site-packages/cosmos/dbt/graph.py", line 440, in load
    load_method[method]()
  File "/home/airflow/.local/lib/python3.11/site-packages/cosmos/dbt/graph.py", line 748, in load_from_dbt_manifest
    config=node_dict["config"],
           ~~~~~~~~~^^^^^^^^^^
KeyError: 'config'
[2026-09-08T00:47:22.163+0000] {processor.py:842} WARNING - No viable dags retrieved from /opt/airflow/dags/financial_pipeline_dag.py
[2026-09-08T00:47:22.184+0000] {processor.py:183} INFO - Processing /opt/airflow/dags/financial_pipeline_dag.py took 0.204 seconds
[2026-09-08T00:47:36.564+0000] {processor.py:161} INFO - Started process (PID=180) to work on /opt/airflow/dags/financial_pipeline_dag.py
[2026-09-08T00:47:36.565+0000] {processor.py:830} INFO - Processing file /opt/airflow/dags/financial_pipeline_dag.py for tasks to queue
[2026-09-08T00:47:36.570+0000] {logging_mixin.py:188} INFO - [2026-09-08T00:47:36.570+0000] {dagbag.py:545} INFO - Filling up the DagBag from /opt/airflow/dags/financial_pipeline_dag.py
[2026-09-08T00:47:36.701+0000] {logging_mixin.py:188} INFO - [2026-09-08T00:47:36.701+0000] {graph.py:719} INFO - Trying to parse the dbt project `transformations` using a dbt manifest...
[2026-09-08T00:47:36.723+0000] {logging_mixin.py:188} INFO - [2026-09-08T00:47:36.718+0000] {dagbag.py:355} ERROR - Failed to import: /opt/airflow/dags/financial_pipeline_dag.py
Traceback (most recent call last):
  File "/home/airflow/.local/lib/python3.11/site-packages/airflow/models/dagbag.py", line 351, in parse
    loader.exec_module(new_module)
  File "<frozen importlib._bootstrap_external>", line 940, in exec_module
  File "<frozen importlib._bootstrap>", line 241, in _call_with_frames_removed
  File "/opt/airflow/dags/financial_pipeline_dag.py", line 115, in <module>
    dbt_stg_overview = make_dbt_group("dbt_stg_overview", "stg_overview")
                       ^^^^^^^^^^^^^^^^^^^^^^^^^^^^^^^^^^^^^^^^^^^^^^^^^^
  File "/opt/airflow/dags/financial_pipeline_dag.py", line 102, in make_dbt_group
    return DbtTaskGroup(
           ^^^^^^^^^^^^^
  File "/home/airflow/.local/lib/python3.11/site-packages/cosmos/airflow/task_group.py", line 28, in __init__
    DbtToAirflowConverter.__init__(self, *args, **specific_kwargs(**kwargs))
  File "/home/airflow/.local/lib/python3.11/site-packages/cosmos/converter.py", line 261, in __init__
    self.dbt_graph.load(method=render_config.load_method, execution_mode=execution_config.execution_mode)
  File "/home/airflow/.local/lib/python3.11/site-packages/cosmos/dbt/graph.py", line 440, in load
    load_method[method]()
  File "/home/airflow/.local/lib/python3.11/site-packages/cosmos/dbt/graph.py", line 748, in load_from_dbt_manifest
    config=node_dict["config"],
           ~~~~~~~~~^^^^^^^^^^
KeyError: 'config'
[2026-09-08T00:47:36.725+0000] {processor.py:842} WARNING - No viable dags retrieved from /opt/airflow/dags/financial_pipeline_dag.py
[2026-09-08T00:47:36.744+0000] {processor.py:183} INFO - Processing /opt/airflow/dags/financial_pipeline_dag.py took 0.189 seconds
[2026-09-08T00:47:50.777+0000] {processor.py:161} INFO - Started process (PID=180) to work on /opt/airflow/dags/financial_pipeline_dag.py
[2026-09-08T00:47:50.778+0000] {processor.py:830} INFO - Processing file /opt/airflow/dags/financial_pipeline_dag.py for tasks to queue
[2026-09-08T00:47:50.780+0000] {logging_mixin.py:188} INFO - [2026-09-08T00:47:50.779+0000] {dagbag.py:545} INFO - Filling up the DagBag from /opt/airflow/dags/financial_pipeline_dag.py
[2026-09-08T00:47:50.921+0000] {logging_mixin.py:188} INFO - [2026-09-08T00:47:50.921+0000] {graph.py:719} INFO - Trying to parse the dbt project `transformations` using a dbt manifest...
[2026-09-08T00:47:50.942+0000] {logging_mixin.py:188} INFO - [2026-09-08T00:47:50.939+0000] {dagbag.py:355} ERROR - Failed to import: /opt/airflow/dags/financial_pipeline_dag.py
Traceback (most recent call last):
  File "/home/airflow/.local/lib/python3.11/site-packages/airflow/models/dagbag.py", line 351, in parse
    loader.exec_module(new_module)
  File "<frozen importlib._bootstrap_external>", line 940, in exec_module
  File "<frozen importlib._bootstrap>", line 241, in _call_with_frames_removed
  File "/opt/airflow/dags/financial_pipeline_dag.py", line 115, in <module>
    dbt_stg_overview = make_dbt_group("dbt_stg_overview", "stg_overview")
                       ^^^^^^^^^^^^^^^^^^^^^^^^^^^^^^^^^^^^^^^^^^^^^^^^^^
  File "/opt/airflow/dags/financial_pipeline_dag.py", line 102, in make_dbt_group
    return DbtTaskGroup(
           ^^^^^^^^^^^^^
  File "/home/airflow/.local/lib/python3.11/site-packages/cosmos/airflow/task_group.py", line 28, in __init__
    DbtToAirflowConverter.__init__(self, *args, **specific_kwargs(**kwargs))
  File "/home/airflow/.local/lib/python3.11/site-packages/cosmos/converter.py", line 261, in __init__
    self.dbt_graph.load(method=render_config.load_method, execution_mode=execution_config.execution_mode)
  File "/home/airflow/.local/lib/python3.11/site-packages/cosmos/dbt/graph.py", line 440, in load
    load_method[method]()
  File "/home/airflow/.local/lib/python3.11/site-packages/cosmos/dbt/graph.py", line 748, in load_from_dbt_manifest
    config=node_dict["config"],
           ~~~~~~~~~^^^^^^^^^^
KeyError: 'config'
[2026-09-08T00:47:50.943+0000] {processor.py:842} WARNING - No viable dags retrieved from /opt/airflow/dags/financial_pipeline_dag.py
[2026-09-08T00:47:50.963+0000] {processor.py:183} INFO - Processing /opt/airflow/dags/financial_pipeline_dag.py took 0.195 seconds
[2026-09-08T00:48:04.856+0000] {processor.py:161} INFO - Started process (PID=180) to work on /opt/airflow/dags/financial_pipeline_dag.py
[2026-09-08T00:48:04.858+0000] {processor.py:830} INFO - Processing file /opt/airflow/dags/financial_pipeline_dag.py for tasks to queue
[2026-09-08T00:48:04.860+0000] {logging_mixin.py:188} INFO - [2026-09-08T00:48:04.859+0000] {dagbag.py:545} INFO - Filling up the DagBag from /opt/airflow/dags/financial_pipeline_dag.py
[2026-09-08T00:48:05.003+0000] {logging_mixin.py:188} INFO - [2026-09-08T00:48:05.003+0000] {graph.py:719} INFO - Trying to parse the dbt project `transformations` using a dbt manifest...
[2026-09-08T00:48:05.024+0000] {logging_mixin.py:188} INFO - [2026-09-08T00:48:05.020+0000] {dagbag.py:355} ERROR - Failed to import: /opt/airflow/dags/financial_pipeline_dag.py
Traceback (most recent call last):
  File "/home/airflow/.local/lib/python3.11/site-packages/airflow/models/dagbag.py", line 351, in parse
    loader.exec_module(new_module)
  File "<frozen importlib._bootstrap_external>", line 940, in exec_module
  File "<frozen importlib._bootstrap>", line 241, in _call_with_frames_removed
  File "/opt/airflow/dags/financial_pipeline_dag.py", line 115, in <module>
    dbt_stg_overview = make_dbt_group("dbt_stg_overview", "stg_overview")
                       ^^^^^^^^^^^^^^^^^^^^^^^^^^^^^^^^^^^^^^^^^^^^^^^^^^
  File "/opt/airflow/dags/financial_pipeline_dag.py", line 102, in make_dbt_group
    return DbtTaskGroup(
           ^^^^^^^^^^^^^
  File "/home/airflow/.local/lib/python3.11/site-packages/cosmos/airflow/task_group.py", line 28, in __init__
    DbtToAirflowConverter.__init__(self, *args, **specific_kwargs(**kwargs))
  File "/home/airflow/.local/lib/python3.11/site-packages/cosmos/converter.py", line 261, in __init__
    self.dbt_graph.load(method=render_config.load_method, execution_mode=execution_config.execution_mode)
  File "/home/airflow/.local/lib/python3.11/site-packages/cosmos/dbt/graph.py", line 440, in load
    load_method[method]()
  File "/home/airflow/.local/lib/python3.11/site-packages/cosmos/dbt/graph.py", line 748, in load_from_dbt_manifest
    config=node_dict["config"],
           ~~~~~~~~~^^^^^^^^^^
KeyError: 'config'
[2026-09-08T00:48:05.025+0000] {processor.py:842} WARNING - No viable dags retrieved from /opt/airflow/dags/financial_pipeline_dag.py
[2026-09-08T00:48:05.044+0000] {processor.py:183} INFO - Processing /opt/airflow/dags/financial_pipeline_dag.py took 0.200 seconds
[2026-09-08T00:48:18.915+0000] {processor.py:161} INFO - Started process (PID=180) to work on /opt/airflow/dags/financial_pipeline_dag.py
[2026-09-08T00:48:18.917+0000] {processor.py:830} INFO - Processing file /opt/airflow/dags/financial_pipeline_dag.py for tasks to queue
[2026-09-08T00:48:18.920+0000] {logging_mixin.py:188} INFO - [2026-09-08T00:48:18.920+0000] {dagbag.py:545} INFO - Filling up the DagBag from /opt/airflow/dags/financial_pipeline_dag.py
[2026-09-08T00:48:19.090+0000] {logging_mixin.py:188} INFO - [2026-09-08T00:48:19.090+0000] {graph.py:719} INFO - Trying to parse the dbt project `transformations` using a dbt manifest...
[2026-09-08T00:48:19.115+0000] {logging_mixin.py:188} INFO - [2026-09-08T00:48:19.109+0000] {dagbag.py:355} ERROR - Failed to import: /opt/airflow/dags/financial_pipeline_dag.py
Traceback (most recent call last):
  File "/home/airflow/.local/lib/python3.11/site-packages/airflow/models/dagbag.py", line 351, in parse
    loader.exec_module(new_module)
  File "<frozen importlib._bootstrap_external>", line 940, in exec_module
  File "<frozen importlib._bootstrap>", line 241, in _call_with_frames_removed
  File "/opt/airflow/dags/financial_pipeline_dag.py", line 115, in <module>
    dbt_stg_overview = make_dbt_group("dbt_stg_overview", "stg_overview")
                       ^^^^^^^^^^^^^^^^^^^^^^^^^^^^^^^^^^^^^^^^^^^^^^^^^^
  File "/opt/airflow/dags/financial_pipeline_dag.py", line 102, in make_dbt_group
    return DbtTaskGroup(
           ^^^^^^^^^^^^^
  File "/home/airflow/.local/lib/python3.11/site-packages/cosmos/airflow/task_group.py", line 28, in __init__
    DbtToAirflowConverter.__init__(self, *args, **specific_kwargs(**kwargs))
  File "/home/airflow/.local/lib/python3.11/site-packages/cosmos/converter.py", line 261, in __init__
    self.dbt_graph.load(method=render_config.load_method, execution_mode=execution_config.execution_mode)
  File "/home/airflow/.local/lib/python3.11/site-packages/cosmos/dbt/graph.py", line 440, in load
    load_method[method]()
  File "/home/airflow/.local/lib/python3.11/site-packages/cosmos/dbt/graph.py", line 748, in load_from_dbt_manifest
    config=node_dict["config"],
           ~~~~~~~~~^^^^^^^^^^
KeyError: 'config'
[2026-09-08T00:48:19.117+0000] {processor.py:842} WARNING - No viable dags retrieved from /opt/airflow/dags/financial_pipeline_dag.py
[2026-09-08T00:48:19.145+0000] {processor.py:183} INFO - Processing /opt/airflow/dags/financial_pipeline_dag.py took 0.240 seconds
[2026-09-08T00:48:33.466+0000] {processor.py:161} INFO - Started process (PID=180) to work on /opt/airflow/dags/financial_pipeline_dag.py
[2026-09-08T00:48:33.471+0000] {processor.py:830} INFO - Processing file /opt/airflow/dags/financial_pipeline_dag.py for tasks to queue
[2026-09-08T00:48:33.475+0000] {logging_mixin.py:188} INFO - [2026-09-08T00:48:33.474+0000] {dagbag.py:545} INFO - Filling up the DagBag from /opt/airflow/dags/financial_pipeline_dag.py
[2026-09-08T00:48:33.619+0000] {logging_mixin.py:188} INFO - [2026-09-08T00:48:33.619+0000] {graph.py:719} INFO - Trying to parse the dbt project `transformations` using a dbt manifest...
[2026-09-08T00:48:33.645+0000] {logging_mixin.py:188} INFO - [2026-09-08T00:48:33.641+0000] {dagbag.py:355} ERROR - Failed to import: /opt/airflow/dags/financial_pipeline_dag.py
Traceback (most recent call last):
  File "/home/airflow/.local/lib/python3.11/site-packages/airflow/models/dagbag.py", line 351, in parse
    loader.exec_module(new_module)
  File "<frozen importlib._bootstrap_external>", line 940, in exec_module
  File "<frozen importlib._bootstrap>", line 241, in _call_with_frames_removed
  File "/opt/airflow/dags/financial_pipeline_dag.py", line 115, in <module>
    dbt_stg_overview = make_dbt_group("dbt_stg_overview", "stg_overview")
                       ^^^^^^^^^^^^^^^^^^^^^^^^^^^^^^^^^^^^^^^^^^^^^^^^^^
  File "/opt/airflow/dags/financial_pipeline_dag.py", line 102, in make_dbt_group
    return DbtTaskGroup(
           ^^^^^^^^^^^^^
  File "/home/airflow/.local/lib/python3.11/site-packages/cosmos/airflow/task_group.py", line 28, in __init__
    DbtToAirflowConverter.__init__(self, *args, **specific_kwargs(**kwargs))
  File "/home/airflow/.local/lib/python3.11/site-packages/cosmos/converter.py", line 261, in __init__
    self.dbt_graph.load(method=render_config.load_method, execution_mode=execution_config.execution_mode)
  File "/home/airflow/.local/lib/python3.11/site-packages/cosmos/dbt/graph.py", line 440, in load
    load_method[method]()
  File "/home/airflow/.local/lib/python3.11/site-packages/cosmos/dbt/graph.py", line 748, in load_from_dbt_manifest
    config=node_dict["config"],
           ~~~~~~~~~^^^^^^^^^^
KeyError: 'config'
[2026-09-08T00:48:33.647+0000] {processor.py:842} WARNING - No viable dags retrieved from /opt/airflow/dags/financial_pipeline_dag.py
[2026-09-08T00:48:33.668+0000] {processor.py:183} INFO - Processing /opt/airflow/dags/financial_pipeline_dag.py took 0.210 seconds
[2026-09-08T00:48:47.784+0000] {processor.py:161} INFO - Started process (PID=180) to work on /opt/airflow/dags/financial_pipeline_dag.py
[2026-09-08T00:48:47.786+0000] {processor.py:830} INFO - Processing file /opt/airflow/dags/financial_pipeline_dag.py for tasks to queue
[2026-09-08T00:48:47.788+0000] {logging_mixin.py:188} INFO - [2026-09-08T00:48:47.788+0000] {dagbag.py:545} INFO - Filling up the DagBag from /opt/airflow/dags/financial_pipeline_dag.py
[2026-09-08T00:48:47.926+0000] {logging_mixin.py:188} INFO - [2026-09-08T00:48:47.926+0000] {graph.py:719} INFO - Trying to parse the dbt project `transformations` using a dbt manifest...
[2026-09-08T00:48:47.947+0000] {logging_mixin.py:188} INFO - [2026-09-08T00:48:47.943+0000] {dagbag.py:355} ERROR - Failed to import: /opt/airflow/dags/financial_pipeline_dag.py
Traceback (most recent call last):
  File "/home/airflow/.local/lib/python3.11/site-packages/airflow/models/dagbag.py", line 351, in parse
    loader.exec_module(new_module)
  File "<frozen importlib._bootstrap_external>", line 940, in exec_module
  File "<frozen importlib._bootstrap>", line 241, in _call_with_frames_removed
  File "/opt/airflow/dags/financial_pipeline_dag.py", line 115, in <module>
    dbt_stg_overview = make_dbt_group("dbt_stg_overview", "stg_overview")
                       ^^^^^^^^^^^^^^^^^^^^^^^^^^^^^^^^^^^^^^^^^^^^^^^^^^
  File "/opt/airflow/dags/financial_pipeline_dag.py", line 102, in make_dbt_group
    return DbtTaskGroup(
           ^^^^^^^^^^^^^
  File "/home/airflow/.local/lib/python3.11/site-packages/cosmos/airflow/task_group.py", line 28, in __init__
    DbtToAirflowConverter.__init__(self, *args, **specific_kwargs(**kwargs))
  File "/home/airflow/.local/lib/python3.11/site-packages/cosmos/converter.py", line 261, in __init__
    self.dbt_graph.load(method=render_config.load_method, execution_mode=execution_config.execution_mode)
  File "/home/airflow/.local/lib/python3.11/site-packages/cosmos/dbt/graph.py", line 440, in load
    load_method[method]()
  File "/home/airflow/.local/lib/python3.11/site-packages/cosmos/dbt/graph.py", line 748, in load_from_dbt_manifest
    config=node_dict["config"],
           ~~~~~~~~~^^^^^^^^^^
KeyError: 'config'
[2026-09-08T00:48:47.948+0000] {processor.py:842} WARNING - No viable dags retrieved from /opt/airflow/dags/financial_pipeline_dag.py
[2026-09-08T00:48:47.968+0000] {processor.py:183} INFO - Processing /opt/airflow/dags/financial_pipeline_dag.py took 0.202 seconds
[2026-09-08T00:49:02.539+0000] {processor.py:161} INFO - Started process (PID=180) to work on /opt/airflow/dags/financial_pipeline_dag.py
[2026-09-08T00:49:02.540+0000] {processor.py:830} INFO - Processing file /opt/airflow/dags/financial_pipeline_dag.py for tasks to queue
[2026-09-08T00:49:02.542+0000] {logging_mixin.py:188} INFO - [2026-09-08T00:49:02.541+0000] {dagbag.py:545} INFO - Filling up the DagBag from /opt/airflow/dags/financial_pipeline_dag.py
[2026-09-08T00:49:02.684+0000] {logging_mixin.py:188} INFO - [2026-09-08T00:49:02.684+0000] {graph.py:719} INFO - Trying to parse the dbt project `transformations` using a dbt manifest...
[2026-09-08T00:49:02.706+0000] {logging_mixin.py:188} INFO - [2026-09-08T00:49:02.701+0000] {dagbag.py:355} ERROR - Failed to import: /opt/airflow/dags/financial_pipeline_dag.py
Traceback (most recent call last):
  File "/home/airflow/.local/lib/python3.11/site-packages/airflow/models/dagbag.py", line 351, in parse
    loader.exec_module(new_module)
  File "<frozen importlib._bootstrap_external>", line 940, in exec_module
  File "<frozen importlib._bootstrap>", line 241, in _call_with_frames_removed
  File "/opt/airflow/dags/financial_pipeline_dag.py", line 115, in <module>
    dbt_stg_overview = make_dbt_group("dbt_stg_overview", "stg_overview")
                       ^^^^^^^^^^^^^^^^^^^^^^^^^^^^^^^^^^^^^^^^^^^^^^^^^^
  File "/opt/airflow/dags/financial_pipeline_dag.py", line 102, in make_dbt_group
    return DbtTaskGroup(
           ^^^^^^^^^^^^^
  File "/home/airflow/.local/lib/python3.11/site-packages/cosmos/airflow/task_group.py", line 28, in __init__
    DbtToAirflowConverter.__init__(self, *args, **specific_kwargs(**kwargs))
  File "/home/airflow/.local/lib/python3.11/site-packages/cosmos/converter.py", line 261, in __init__
    self.dbt_graph.load(method=render_config.load_method, execution_mode=execution_config.execution_mode)
  File "/home/airflow/.local/lib/python3.11/site-packages/cosmos/dbt/graph.py", line 440, in load
    load_method[method]()
  File "/home/airflow/.local/lib/python3.11/site-packages/cosmos/dbt/graph.py", line 748, in load_from_dbt_manifest
    config=node_dict["config"],
           ~~~~~~~~~^^^^^^^^^^
KeyError: 'config'
[2026-09-08T00:49:02.707+0000] {processor.py:842} WARNING - No viable dags retrieved from /opt/airflow/dags/financial_pipeline_dag.py
[2026-09-08T00:49:02.726+0000] {processor.py:183} INFO - Processing /opt/airflow/dags/financial_pipeline_dag.py took 0.199 seconds
[2026-09-08T00:49:16.462+0000] {processor.py:161} INFO - Started process (PID=180) to work on /opt/airflow/dags/financial_pipeline_dag.py
[2026-09-08T00:49:16.463+0000] {processor.py:830} INFO - Processing file /opt/airflow/dags/financial_pipeline_dag.py for tasks to queue
[2026-09-08T00:49:16.465+0000] {logging_mixin.py:188} INFO - [2026-09-08T00:49:16.465+0000] {dagbag.py:545} INFO - Filling up the DagBag from /opt/airflow/dags/financial_pipeline_dag.py
[2026-09-08T00:49:16.600+0000] {logging_mixin.py:188} INFO - [2026-09-08T00:49:16.600+0000] {graph.py:719} INFO - Trying to parse the dbt project `transformations` using a dbt manifest...
[2026-09-08T00:49:16.621+0000] {logging_mixin.py:188} INFO - [2026-09-08T00:49:16.617+0000] {dagbag.py:355} ERROR - Failed to import: /opt/airflow/dags/financial_pipeline_dag.py
Traceback (most recent call last):
  File "/home/airflow/.local/lib/python3.11/site-packages/airflow/models/dagbag.py", line 351, in parse
    loader.exec_module(new_module)
  File "<frozen importlib._bootstrap_external>", line 940, in exec_module
  File "<frozen importlib._bootstrap>", line 241, in _call_with_frames_removed
  File "/opt/airflow/dags/financial_pipeline_dag.py", line 115, in <module>
    dbt_stg_overview = make_dbt_group("dbt_stg_overview", "stg_overview")
                       ^^^^^^^^^^^^^^^^^^^^^^^^^^^^^^^^^^^^^^^^^^^^^^^^^^
  File "/opt/airflow/dags/financial_pipeline_dag.py", line 102, in make_dbt_group
    return DbtTaskGroup(
           ^^^^^^^^^^^^^
  File "/home/airflow/.local/lib/python3.11/site-packages/cosmos/airflow/task_group.py", line 28, in __init__
    DbtToAirflowConverter.__init__(self, *args, **specific_kwargs(**kwargs))
  File "/home/airflow/.local/lib/python3.11/site-packages/cosmos/converter.py", line 261, in __init__
    self.dbt_graph.load(method=render_config.load_method, execution_mode=execution_config.execution_mode)
  File "/home/airflow/.local/lib/python3.11/site-packages/cosmos/dbt/graph.py", line 440, in load
    load_method[method]()
  File "/home/airflow/.local/lib/python3.11/site-packages/cosmos/dbt/graph.py", line 748, in load_from_dbt_manifest
    config=node_dict["config"],
           ~~~~~~~~~^^^^^^^^^^
KeyError: 'config'
[2026-09-08T00:49:16.622+0000] {processor.py:842} WARNING - No viable dags retrieved from /opt/airflow/dags/financial_pipeline_dag.py
[2026-09-08T00:49:16.641+0000] {processor.py:183} INFO - Processing /opt/airflow/dags/financial_pipeline_dag.py took 0.187 seconds
[2026-09-08T00:49:30.992+0000] {processor.py:161} INFO - Started process (PID=180) to work on /opt/airflow/dags/financial_pipeline_dag.py
[2026-09-08T00:49:30.993+0000] {processor.py:830} INFO - Processing file /opt/airflow/dags/financial_pipeline_dag.py for tasks to queue
[2026-09-08T00:49:30.995+0000] {logging_mixin.py:188} INFO - [2026-09-08T00:49:30.995+0000] {dagbag.py:545} INFO - Filling up the DagBag from /opt/airflow/dags/financial_pipeline_dag.py
[2026-09-08T00:49:31.139+0000] {logging_mixin.py:188} INFO - [2026-09-08T00:49:31.139+0000] {graph.py:719} INFO - Trying to parse the dbt project `transformations` using a dbt manifest...
[2026-09-08T00:49:31.162+0000] {logging_mixin.py:188} INFO - [2026-09-08T00:49:31.158+0000] {dagbag.py:355} ERROR - Failed to import: /opt/airflow/dags/financial_pipeline_dag.py
Traceback (most recent call last):
  File "/home/airflow/.local/lib/python3.11/site-packages/airflow/models/dagbag.py", line 351, in parse
    loader.exec_module(new_module)
  File "<frozen importlib._bootstrap_external>", line 940, in exec_module
  File "<frozen importlib._bootstrap>", line 241, in _call_with_frames_removed
  File "/opt/airflow/dags/financial_pipeline_dag.py", line 115, in <module>
    dbt_stg_overview = make_dbt_group("dbt_stg_overview", "stg_overview")
                       ^^^^^^^^^^^^^^^^^^^^^^^^^^^^^^^^^^^^^^^^^^^^^^^^^^
  File "/opt/airflow/dags/financial_pipeline_dag.py", line 102, in make_dbt_group
    return DbtTaskGroup(
           ^^^^^^^^^^^^^
  File "/home/airflow/.local/lib/python3.11/site-packages/cosmos/airflow/task_group.py", line 28, in __init__
    DbtToAirflowConverter.__init__(self, *args, **specific_kwargs(**kwargs))
  File "/home/airflow/.local/lib/python3.11/site-packages/cosmos/converter.py", line 261, in __init__
    self.dbt_graph.load(method=render_config.load_method, execution_mode=execution_config.execution_mode)
  File "/home/airflow/.local/lib/python3.11/site-packages/cosmos/dbt/graph.py", line 440, in load
    load_method[method]()
  File "/home/airflow/.local/lib/python3.11/site-packages/cosmos/dbt/graph.py", line 748, in load_from_dbt_manifest
    config=node_dict["config"],
           ~~~~~~~~~^^^^^^^^^^
KeyError: 'config'
[2026-09-08T00:49:31.163+0000] {processor.py:842} WARNING - No viable dags retrieved from /opt/airflow/dags/financial_pipeline_dag.py
[2026-09-08T00:49:31.185+0000] {processor.py:183} INFO - Processing /opt/airflow/dags/financial_pipeline_dag.py took 0.202 seconds
[2026-09-08T00:49:45.285+0000] {processor.py:161} INFO - Started process (PID=184) to work on /opt/airflow/dags/financial_pipeline_dag.py
[2026-09-08T00:49:45.286+0000] {processor.py:830} INFO - Processing file /opt/airflow/dags/financial_pipeline_dag.py for tasks to queue
[2026-09-08T00:49:45.289+0000] {logging_mixin.py:188} INFO - [2026-09-08T00:49:45.288+0000] {dagbag.py:545} INFO - Filling up the DagBag from /opt/airflow/dags/financial_pipeline_dag.py
[2026-09-08T00:49:45.416+0000] {logging_mixin.py:188} INFO - [2026-09-08T00:49:45.416+0000] {graph.py:719} INFO - Trying to parse the dbt project `transformations` using a dbt manifest...
[2026-09-08T00:49:45.438+0000] {logging_mixin.py:188} INFO - [2026-09-08T00:49:45.433+0000] {dagbag.py:355} ERROR - Failed to import: /opt/airflow/dags/financial_pipeline_dag.py
Traceback (most recent call last):
  File "/home/airflow/.local/lib/python3.11/site-packages/airflow/models/dagbag.py", line 351, in parse
    loader.exec_module(new_module)
  File "<frozen importlib._bootstrap_external>", line 940, in exec_module
  File "<frozen importlib._bootstrap>", line 241, in _call_with_frames_removed
  File "/opt/airflow/dags/financial_pipeline_dag.py", line 115, in <module>
    dbt_stg_overview = make_dbt_group("dbt_stg_overview", "stg_overview")
                       ^^^^^^^^^^^^^^^^^^^^^^^^^^^^^^^^^^^^^^^^^^^^^^^^^^
  File "/opt/airflow/dags/financial_pipeline_dag.py", line 102, in make_dbt_group
    return DbtTaskGroup(
           ^^^^^^^^^^^^^
  File "/home/airflow/.local/lib/python3.11/site-packages/cosmos/airflow/task_group.py", line 28, in __init__
    DbtToAirflowConverter.__init__(self, *args, **specific_kwargs(**kwargs))
  File "/home/airflow/.local/lib/python3.11/site-packages/cosmos/converter.py", line 261, in __init__
    self.dbt_graph.load(method=render_config.load_method, execution_mode=execution_config.execution_mode)
  File "/home/airflow/.local/lib/python3.11/site-packages/cosmos/dbt/graph.py", line 440, in load
    load_method[method]()
  File "/home/airflow/.local/lib/python3.11/site-packages/cosmos/dbt/graph.py", line 748, in load_from_dbt_manifest
    config=node_dict["config"],
           ~~~~~~~~~^^^^^^^^^^
KeyError: 'config'
[2026-09-08T00:49:45.439+0000] {processor.py:842} WARNING - No viable dags retrieved from /opt/airflow/dags/financial_pipeline_dag.py
[2026-09-08T00:49:45.459+0000] {processor.py:183} INFO - Processing /opt/airflow/dags/financial_pipeline_dag.py took 0.185 seconds
[2026-09-08T00:49:59.631+0000] {processor.py:161} INFO - Started process (PID=180) to work on /opt/airflow/dags/financial_pipeline_dag.py
[2026-09-08T00:49:59.632+0000] {processor.py:830} INFO - Processing file /opt/airflow/dags/financial_pipeline_dag.py for tasks to queue
[2026-09-08T00:49:59.636+0000] {logging_mixin.py:188} INFO - [2026-09-08T00:49:59.635+0000] {dagbag.py:545} INFO - Filling up the DagBag from /opt/airflow/dags/financial_pipeline_dag.py
[2026-09-08T00:49:59.766+0000] {logging_mixin.py:188} INFO - [2026-09-08T00:49:59.765+0000] {graph.py:719} INFO - Trying to parse the dbt project `transformations` using a dbt manifest...
[2026-09-08T00:49:59.787+0000] {logging_mixin.py:188} INFO - [2026-09-08T00:49:59.782+0000] {dagbag.py:355} ERROR - Failed to import: /opt/airflow/dags/financial_pipeline_dag.py
Traceback (most recent call last):
  File "/home/airflow/.local/lib/python3.11/site-packages/airflow/models/dagbag.py", line 351, in parse
    loader.exec_module(new_module)
  File "<frozen importlib._bootstrap_external>", line 940, in exec_module
  File "<frozen importlib._bootstrap>", line 241, in _call_with_frames_removed
  File "/opt/airflow/dags/financial_pipeline_dag.py", line 115, in <module>
    dbt_stg_overview = make_dbt_group("dbt_stg_overview", "stg_overview")
                       ^^^^^^^^^^^^^^^^^^^^^^^^^^^^^^^^^^^^^^^^^^^^^^^^^^
  File "/opt/airflow/dags/financial_pipeline_dag.py", line 102, in make_dbt_group
    return DbtTaskGroup(
           ^^^^^^^^^^^^^
  File "/home/airflow/.local/lib/python3.11/site-packages/cosmos/airflow/task_group.py", line 28, in __init__
    DbtToAirflowConverter.__init__(self, *args, **specific_kwargs(**kwargs))
  File "/home/airflow/.local/lib/python3.11/site-packages/cosmos/converter.py", line 261, in __init__
    self.dbt_graph.load(method=render_config.load_method, execution_mode=execution_config.execution_mode)
  File "/home/airflow/.local/lib/python3.11/site-packages/cosmos/dbt/graph.py", line 440, in load
    load_method[method]()
  File "/home/airflow/.local/lib/python3.11/site-packages/cosmos/dbt/graph.py", line 748, in load_from_dbt_manifest
    config=node_dict["config"],
           ~~~~~~~~~^^^^^^^^^^
KeyError: 'config'
[2026-09-08T00:49:59.789+0000] {processor.py:842} WARNING - No viable dags retrieved from /opt/airflow/dags/financial_pipeline_dag.py
[2026-09-08T00:49:59.810+0000] {processor.py:183} INFO - Processing /opt/airflow/dags/financial_pipeline_dag.py took 0.189 seconds
[2026-09-08T00:50:13.536+0000] {processor.py:161} INFO - Started process (PID=180) to work on /opt/airflow/dags/financial_pipeline_dag.py
[2026-09-08T00:50:13.537+0000] {processor.py:830} INFO - Processing file /opt/airflow/dags/financial_pipeline_dag.py for tasks to queue
[2026-09-08T00:50:13.539+0000] {logging_mixin.py:188} INFO - [2026-09-08T00:50:13.538+0000] {dagbag.py:545} INFO - Filling up the DagBag from /opt/airflow/dags/financial_pipeline_dag.py
[2026-09-08T00:50:13.674+0000] {logging_mixin.py:188} INFO - [2026-09-08T00:50:13.674+0000] {graph.py:719} INFO - Trying to parse the dbt project `transformations` using a dbt manifest...
[2026-09-08T00:50:13.695+0000] {logging_mixin.py:188} INFO - [2026-09-08T00:50:13.691+0000] {dagbag.py:355} ERROR - Failed to import: /opt/airflow/dags/financial_pipeline_dag.py
Traceback (most recent call last):
  File "/home/airflow/.local/lib/python3.11/site-packages/airflow/models/dagbag.py", line 351, in parse
    loader.exec_module(new_module)
  File "<frozen importlib._bootstrap_external>", line 940, in exec_module
  File "<frozen importlib._bootstrap>", line 241, in _call_with_frames_removed
  File "/opt/airflow/dags/financial_pipeline_dag.py", line 115, in <module>
    dbt_stg_overview = make_dbt_group("dbt_stg_overview", "stg_overview")
                       ^^^^^^^^^^^^^^^^^^^^^^^^^^^^^^^^^^^^^^^^^^^^^^^^^^
  File "/opt/airflow/dags/financial_pipeline_dag.py", line 102, in make_dbt_group
    return DbtTaskGroup(
           ^^^^^^^^^^^^^
  File "/home/airflow/.local/lib/python3.11/site-packages/cosmos/airflow/task_group.py", line 28, in __init__
    DbtToAirflowConverter.__init__(self, *args, **specific_kwargs(**kwargs))
  File "/home/airflow/.local/lib/python3.11/site-packages/cosmos/converter.py", line 261, in __init__
    self.dbt_graph.load(method=render_config.load_method, execution_mode=execution_config.execution_mode)
  File "/home/airflow/.local/lib/python3.11/site-packages/cosmos/dbt/graph.py", line 440, in load
    load_method[method]()
  File "/home/airflow/.local/lib/python3.11/site-packages/cosmos/dbt/graph.py", line 748, in load_from_dbt_manifest
    config=node_dict["config"],
           ~~~~~~~~~^^^^^^^^^^
KeyError: 'config'
[2026-09-08T00:50:13.696+0000] {processor.py:842} WARNING - No viable dags retrieved from /opt/airflow/dags/financial_pipeline_dag.py
[2026-09-08T00:50:13.717+0000] {processor.py:183} INFO - Processing /opt/airflow/dags/financial_pipeline_dag.py took 0.190 seconds
[2026-09-08T00:50:27.718+0000] {processor.py:161} INFO - Started process (PID=180) to work on /opt/airflow/dags/financial_pipeline_dag.py
[2026-09-08T00:50:27.720+0000] {processor.py:830} INFO - Processing file /opt/airflow/dags/financial_pipeline_dag.py for tasks to queue
[2026-09-08T00:50:27.722+0000] {logging_mixin.py:188} INFO - [2026-09-08T00:50:27.721+0000] {dagbag.py:545} INFO - Filling up the DagBag from /opt/airflow/dags/financial_pipeline_dag.py
[2026-09-08T00:50:27.913+0000] {logging_mixin.py:188} INFO - [2026-09-08T00:50:27.912+0000] {graph.py:719} INFO - Trying to parse the dbt project `transformations` using a dbt manifest...
[2026-09-08T00:50:27.934+0000] {logging_mixin.py:188} INFO - [2026-09-08T00:50:27.929+0000] {dagbag.py:355} ERROR - Failed to import: /opt/airflow/dags/financial_pipeline_dag.py
Traceback (most recent call last):
  File "/home/airflow/.local/lib/python3.11/site-packages/airflow/models/dagbag.py", line 351, in parse
    loader.exec_module(new_module)
  File "<frozen importlib._bootstrap_external>", line 940, in exec_module
  File "<frozen importlib._bootstrap>", line 241, in _call_with_frames_removed
  File "/opt/airflow/dags/financial_pipeline_dag.py", line 115, in <module>
    dbt_stg_overview = make_dbt_group("dbt_stg_overview", "stg_overview")
                       ^^^^^^^^^^^^^^^^^^^^^^^^^^^^^^^^^^^^^^^^^^^^^^^^^^
  File "/opt/airflow/dags/financial_pipeline_dag.py", line 102, in make_dbt_group
    return DbtTaskGroup(
           ^^^^^^^^^^^^^
  File "/home/airflow/.local/lib/python3.11/site-packages/cosmos/airflow/task_group.py", line 28, in __init__
    DbtToAirflowConverter.__init__(self, *args, **specific_kwargs(**kwargs))
  File "/home/airflow/.local/lib/python3.11/site-packages/cosmos/converter.py", line 261, in __init__
    self.dbt_graph.load(method=render_config.load_method, execution_mode=execution_config.execution_mode)
  File "/home/airflow/.local/lib/python3.11/site-packages/cosmos/dbt/graph.py", line 440, in load
    load_method[method]()
  File "/home/airflow/.local/lib/python3.11/site-packages/cosmos/dbt/graph.py", line 748, in load_from_dbt_manifest
    config=node_dict["config"],
           ~~~~~~~~~^^^^^^^^^^
KeyError: 'config'
[2026-09-08T00:50:27.935+0000] {processor.py:842} WARNING - No viable dags retrieved from /opt/airflow/dags/financial_pipeline_dag.py
[2026-09-08T00:50:27.956+0000] {processor.py:183} INFO - Processing /opt/airflow/dags/financial_pipeline_dag.py took 0.254 seconds
[2026-09-08T00:50:41.590+0000] {processor.py:161} INFO - Started process (PID=180) to work on /opt/airflow/dags/financial_pipeline_dag.py
[2026-09-08T00:50:41.591+0000] {processor.py:830} INFO - Processing file /opt/airflow/dags/financial_pipeline_dag.py for tasks to queue
[2026-09-08T00:50:41.593+0000] {logging_mixin.py:188} INFO - [2026-09-08T00:50:41.592+0000] {dagbag.py:545} INFO - Filling up the DagBag from /opt/airflow/dags/financial_pipeline_dag.py
[2026-09-08T00:50:41.730+0000] {logging_mixin.py:188} INFO - [2026-09-08T00:50:41.730+0000] {graph.py:719} INFO - Trying to parse the dbt project `transformations` using a dbt manifest...
[2026-09-08T00:50:41.752+0000] {logging_mixin.py:188} INFO - [2026-09-08T00:50:41.748+0000] {dagbag.py:355} ERROR - Failed to import: /opt/airflow/dags/financial_pipeline_dag.py
Traceback (most recent call last):
  File "/home/airflow/.local/lib/python3.11/site-packages/airflow/models/dagbag.py", line 351, in parse
    loader.exec_module(new_module)
  File "<frozen importlib._bootstrap_external>", line 940, in exec_module
  File "<frozen importlib._bootstrap>", line 241, in _call_with_frames_removed
  File "/opt/airflow/dags/financial_pipeline_dag.py", line 115, in <module>
    dbt_stg_overview = make_dbt_group("dbt_stg_overview", "stg_overview")
                       ^^^^^^^^^^^^^^^^^^^^^^^^^^^^^^^^^^^^^^^^^^^^^^^^^^
  File "/opt/airflow/dags/financial_pipeline_dag.py", line 102, in make_dbt_group
    return DbtTaskGroup(
           ^^^^^^^^^^^^^
  File "/home/airflow/.local/lib/python3.11/site-packages/cosmos/airflow/task_group.py", line 28, in __init__
    DbtToAirflowConverter.__init__(self, *args, **specific_kwargs(**kwargs))
  File "/home/airflow/.local/lib/python3.11/site-packages/cosmos/converter.py", line 261, in __init__
    self.dbt_graph.load(method=render_config.load_method, execution_mode=execution_config.execution_mode)
  File "/home/airflow/.local/lib/python3.11/site-packages/cosmos/dbt/graph.py", line 440, in load
    load_method[method]()
  File "/home/airflow/.local/lib/python3.11/site-packages/cosmos/dbt/graph.py", line 748, in load_from_dbt_manifest
    config=node_dict["config"],
           ~~~~~~~~~^^^^^^^^^^
KeyError: 'config'
[2026-09-08T00:50:41.754+0000] {processor.py:842} WARNING - No viable dags retrieved from /opt/airflow/dags/financial_pipeline_dag.py
[2026-09-08T00:50:41.774+0000] {processor.py:183} INFO - Processing /opt/airflow/dags/financial_pipeline_dag.py took 0.192 seconds
[2026-09-08T00:50:56.128+0000] {processor.py:161} INFO - Started process (PID=180) to work on /opt/airflow/dags/financial_pipeline_dag.py
[2026-09-08T00:50:56.129+0000] {processor.py:830} INFO - Processing file /opt/airflow/dags/financial_pipeline_dag.py for tasks to queue
[2026-09-08T00:50:56.132+0000] {logging_mixin.py:188} INFO - [2026-09-08T00:50:56.131+0000] {dagbag.py:545} INFO - Filling up the DagBag from /opt/airflow/dags/financial_pipeline_dag.py
[2026-09-08T00:50:56.328+0000] {logging_mixin.py:188} INFO - [2026-09-08T00:50:56.328+0000] {graph.py:719} INFO - Trying to parse the dbt project `transformations` using a dbt manifest...
[2026-09-08T00:50:56.352+0000] {logging_mixin.py:188} INFO - [2026-09-08T00:50:56.346+0000] {dagbag.py:355} ERROR - Failed to import: /opt/airflow/dags/financial_pipeline_dag.py
Traceback (most recent call last):
  File "/home/airflow/.local/lib/python3.11/site-packages/airflow/models/dagbag.py", line 351, in parse
    loader.exec_module(new_module)
  File "<frozen importlib._bootstrap_external>", line 940, in exec_module
  File "<frozen importlib._bootstrap>", line 241, in _call_with_frames_removed
  File "/opt/airflow/dags/financial_pipeline_dag.py", line 115, in <module>
    dbt_stg_overview = make_dbt_group("dbt_stg_overview", "stg_overview")
                       ^^^^^^^^^^^^^^^^^^^^^^^^^^^^^^^^^^^^^^^^^^^^^^^^^^
  File "/opt/airflow/dags/financial_pipeline_dag.py", line 102, in make_dbt_group
    return DbtTaskGroup(
           ^^^^^^^^^^^^^
  File "/home/airflow/.local/lib/python3.11/site-packages/cosmos/airflow/task_group.py", line 28, in __init__
    DbtToAirflowConverter.__init__(self, *args, **specific_kwargs(**kwargs))
  File "/home/airflow/.local/lib/python3.11/site-packages/cosmos/converter.py", line 261, in __init__
    self.dbt_graph.load(method=render_config.load_method, execution_mode=execution_config.execution_mode)
  File "/home/airflow/.local/lib/python3.11/site-packages/cosmos/dbt/graph.py", line 440, in load
    load_method[method]()
  File "/home/airflow/.local/lib/python3.11/site-packages/cosmos/dbt/graph.py", line 748, in load_from_dbt_manifest
    config=node_dict["config"],
           ~~~~~~~~~^^^^^^^^^^
KeyError: 'config'
[2026-09-08T00:50:56.353+0000] {processor.py:842} WARNING - No viable dags retrieved from /opt/airflow/dags/financial_pipeline_dag.py
[2026-09-08T00:50:56.374+0000] {processor.py:183} INFO - Processing /opt/airflow/dags/financial_pipeline_dag.py took 0.263 seconds
[2026-09-08T00:51:10.309+0000] {processor.py:161} INFO - Started process (PID=180) to work on /opt/airflow/dags/financial_pipeline_dag.py
[2026-09-08T00:51:10.311+0000] {processor.py:830} INFO - Processing file /opt/airflow/dags/financial_pipeline_dag.py for tasks to queue
[2026-09-08T00:51:10.313+0000] {logging_mixin.py:188} INFO - [2026-09-08T00:51:10.313+0000] {dagbag.py:545} INFO - Filling up the DagBag from /opt/airflow/dags/financial_pipeline_dag.py
[2026-09-08T00:51:10.454+0000] {logging_mixin.py:188} INFO - [2026-09-08T00:51:10.454+0000] {graph.py:719} INFO - Trying to parse the dbt project `transformations` using a dbt manifest...
[2026-09-08T00:51:10.475+0000] {logging_mixin.py:188} INFO - [2026-09-08T00:51:10.471+0000] {dagbag.py:355} ERROR - Failed to import: /opt/airflow/dags/financial_pipeline_dag.py
Traceback (most recent call last):
  File "/home/airflow/.local/lib/python3.11/site-packages/airflow/models/dagbag.py", line 351, in parse
    loader.exec_module(new_module)
  File "<frozen importlib._bootstrap_external>", line 940, in exec_module
  File "<frozen importlib._bootstrap>", line 241, in _call_with_frames_removed
  File "/opt/airflow/dags/financial_pipeline_dag.py", line 115, in <module>
    dbt_stg_overview = make_dbt_group("dbt_stg_overview", "stg_overview")
                       ^^^^^^^^^^^^^^^^^^^^^^^^^^^^^^^^^^^^^^^^^^^^^^^^^^
  File "/opt/airflow/dags/financial_pipeline_dag.py", line 102, in make_dbt_group
    return DbtTaskGroup(
           ^^^^^^^^^^^^^
  File "/home/airflow/.local/lib/python3.11/site-packages/cosmos/airflow/task_group.py", line 28, in __init__
    DbtToAirflowConverter.__init__(self, *args, **specific_kwargs(**kwargs))
  File "/home/airflow/.local/lib/python3.11/site-packages/cosmos/converter.py", line 261, in __init__
    self.dbt_graph.load(method=render_config.load_method, execution_mode=execution_config.execution_mode)
  File "/home/airflow/.local/lib/python3.11/site-packages/cosmos/dbt/graph.py", line 440, in load
    load_method[method]()
  File "/home/airflow/.local/lib/python3.11/site-packages/cosmos/dbt/graph.py", line 748, in load_from_dbt_manifest
    config=node_dict["config"],
           ~~~~~~~~~^^^^^^^^^^
KeyError: 'config'
[2026-09-08T00:51:10.476+0000] {processor.py:842} WARNING - No viable dags retrieved from /opt/airflow/dags/financial_pipeline_dag.py
[2026-09-08T00:51:10.496+0000] {processor.py:183} INFO - Processing /opt/airflow/dags/financial_pipeline_dag.py took 0.198 seconds
[2026-09-08T00:51:24.370+0000] {processor.py:161} INFO - Started process (PID=180) to work on /opt/airflow/dags/financial_pipeline_dag.py
[2026-09-08T00:51:24.371+0000] {processor.py:830} INFO - Processing file /opt/airflow/dags/financial_pipeline_dag.py for tasks to queue
[2026-09-08T00:51:24.373+0000] {logging_mixin.py:188} INFO - [2026-09-08T00:51:24.373+0000] {dagbag.py:545} INFO - Filling up the DagBag from /opt/airflow/dags/financial_pipeline_dag.py
[2026-09-08T00:51:24.510+0000] {logging_mixin.py:188} INFO - [2026-09-08T00:51:24.510+0000] {graph.py:719} INFO - Trying to parse the dbt project `transformations` using a dbt manifest...
[2026-09-08T00:51:24.531+0000] {logging_mixin.py:188} INFO - [2026-09-08T00:51:24.526+0000] {dagbag.py:355} ERROR - Failed to import: /opt/airflow/dags/financial_pipeline_dag.py
Traceback (most recent call last):
  File "/home/airflow/.local/lib/python3.11/site-packages/airflow/models/dagbag.py", line 351, in parse
    loader.exec_module(new_module)
  File "<frozen importlib._bootstrap_external>", line 940, in exec_module
  File "<frozen importlib._bootstrap>", line 241, in _call_with_frames_removed
  File "/opt/airflow/dags/financial_pipeline_dag.py", line 115, in <module>
    dbt_stg_overview = make_dbt_group("dbt_stg_overview", "stg_overview")
                       ^^^^^^^^^^^^^^^^^^^^^^^^^^^^^^^^^^^^^^^^^^^^^^^^^^
  File "/opt/airflow/dags/financial_pipeline_dag.py", line 102, in make_dbt_group
    return DbtTaskGroup(
           ^^^^^^^^^^^^^
  File "/home/airflow/.local/lib/python3.11/site-packages/cosmos/airflow/task_group.py", line 28, in __init__
    DbtToAirflowConverter.__init__(self, *args, **specific_kwargs(**kwargs))
  File "/home/airflow/.local/lib/python3.11/site-packages/cosmos/converter.py", line 261, in __init__
    self.dbt_graph.load(method=render_config.load_method, execution_mode=execution_config.execution_mode)
  File "/home/airflow/.local/lib/python3.11/site-packages/cosmos/dbt/graph.py", line 440, in load
    load_method[method]()
  File "/home/airflow/.local/lib/python3.11/site-packages/cosmos/dbt/graph.py", line 748, in load_from_dbt_manifest
    config=node_dict["config"],
           ~~~~~~~~~^^^^^^^^^^
KeyError: 'config'
[2026-09-08T00:51:24.532+0000] {processor.py:842} WARNING - No viable dags retrieved from /opt/airflow/dags/financial_pipeline_dag.py
[2026-09-08T00:51:24.551+0000] {processor.py:183} INFO - Processing /opt/airflow/dags/financial_pipeline_dag.py took 0.192 seconds
[2026-09-08T00:51:38.617+0000] {processor.py:161} INFO - Started process (PID=180) to work on /opt/airflow/dags/financial_pipeline_dag.py
[2026-09-08T00:51:38.618+0000] {processor.py:830} INFO - Processing file /opt/airflow/dags/financial_pipeline_dag.py for tasks to queue
[2026-09-08T00:51:38.621+0000] {logging_mixin.py:188} INFO - [2026-09-08T00:51:38.620+0000] {dagbag.py:545} INFO - Filling up the DagBag from /opt/airflow/dags/financial_pipeline_dag.py
[2026-09-08T00:51:38.766+0000] {logging_mixin.py:188} INFO - [2026-09-08T00:51:38.765+0000] {graph.py:719} INFO - Trying to parse the dbt project `transformations` using a dbt manifest...
[2026-09-08T00:51:38.789+0000] {logging_mixin.py:188} INFO - [2026-09-08T00:51:38.784+0000] {dagbag.py:355} ERROR - Failed to import: /opt/airflow/dags/financial_pipeline_dag.py
Traceback (most recent call last):
  File "/home/airflow/.local/lib/python3.11/site-packages/airflow/models/dagbag.py", line 351, in parse
    loader.exec_module(new_module)
  File "<frozen importlib._bootstrap_external>", line 940, in exec_module
  File "<frozen importlib._bootstrap>", line 241, in _call_with_frames_removed
  File "/opt/airflow/dags/financial_pipeline_dag.py", line 115, in <module>
    dbt_stg_overview = make_dbt_group("dbt_stg_overview", "stg_overview")
                       ^^^^^^^^^^^^^^^^^^^^^^^^^^^^^^^^^^^^^^^^^^^^^^^^^^
  File "/opt/airflow/dags/financial_pipeline_dag.py", line 102, in make_dbt_group
    return DbtTaskGroup(
           ^^^^^^^^^^^^^
  File "/home/airflow/.local/lib/python3.11/site-packages/cosmos/airflow/task_group.py", line 28, in __init__
    DbtToAirflowConverter.__init__(self, *args, **specific_kwargs(**kwargs))
  File "/home/airflow/.local/lib/python3.11/site-packages/cosmos/converter.py", line 261, in __init__
    self.dbt_graph.load(method=render_config.load_method, execution_mode=execution_config.execution_mode)
  File "/home/airflow/.local/lib/python3.11/site-packages/cosmos/dbt/graph.py", line 440, in load
    load_method[method]()
  File "/home/airflow/.local/lib/python3.11/site-packages/cosmos/dbt/graph.py", line 748, in load_from_dbt_manifest
    config=node_dict["config"],
           ~~~~~~~~~^^^^^^^^^^
KeyError: 'config'
[2026-09-08T00:51:38.790+0000] {processor.py:842} WARNING - No viable dags retrieved from /opt/airflow/dags/financial_pipeline_dag.py
[2026-09-08T00:51:38.809+0000] {processor.py:183} INFO - Processing /opt/airflow/dags/financial_pipeline_dag.py took 0.201 seconds
[2026-09-08T00:51:52.871+0000] {processor.py:161} INFO - Started process (PID=180) to work on /opt/airflow/dags/financial_pipeline_dag.py
[2026-09-08T00:51:52.873+0000] {processor.py:830} INFO - Processing file /opt/airflow/dags/financial_pipeline_dag.py for tasks to queue
[2026-09-08T00:51:52.875+0000] {logging_mixin.py:188} INFO - [2026-09-08T00:51:52.874+0000] {dagbag.py:545} INFO - Filling up the DagBag from /opt/airflow/dags/financial_pipeline_dag.py
[2026-09-08T00:51:53.034+0000] {logging_mixin.py:188} INFO - [2026-09-08T00:51:53.034+0000] {graph.py:719} INFO - Trying to parse the dbt project `transformations` using a dbt manifest...
[2026-09-08T00:51:53.055+0000] {logging_mixin.py:188} INFO - [2026-09-08T00:51:53.051+0000] {dagbag.py:355} ERROR - Failed to import: /opt/airflow/dags/financial_pipeline_dag.py
Traceback (most recent call last):
  File "/home/airflow/.local/lib/python3.11/site-packages/airflow/models/dagbag.py", line 351, in parse
    loader.exec_module(new_module)
  File "<frozen importlib._bootstrap_external>", line 940, in exec_module
  File "<frozen importlib._bootstrap>", line 241, in _call_with_frames_removed
  File "/opt/airflow/dags/financial_pipeline_dag.py", line 115, in <module>
    dbt_stg_overview = make_dbt_group("dbt_stg_overview", "stg_overview")
                       ^^^^^^^^^^^^^^^^^^^^^^^^^^^^^^^^^^^^^^^^^^^^^^^^^^
  File "/opt/airflow/dags/financial_pipeline_dag.py", line 102, in make_dbt_group
    return DbtTaskGroup(
           ^^^^^^^^^^^^^
  File "/home/airflow/.local/lib/python3.11/site-packages/cosmos/airflow/task_group.py", line 28, in __init__
    DbtToAirflowConverter.__init__(self, *args, **specific_kwargs(**kwargs))
  File "/home/airflow/.local/lib/python3.11/site-packages/cosmos/converter.py", line 261, in __init__
    self.dbt_graph.load(method=render_config.load_method, execution_mode=execution_config.execution_mode)
  File "/home/airflow/.local/lib/python3.11/site-packages/cosmos/dbt/graph.py", line 440, in load
    load_method[method]()
  File "/home/airflow/.local/lib/python3.11/site-packages/cosmos/dbt/graph.py", line 748, in load_from_dbt_manifest
    config=node_dict["config"],
           ~~~~~~~~~^^^^^^^^^^
KeyError: 'config'
[2026-09-08T00:51:53.056+0000] {processor.py:842} WARNING - No viable dags retrieved from /opt/airflow/dags/financial_pipeline_dag.py
[2026-09-08T00:51:53.075+0000] {processor.py:183} INFO - Processing /opt/airflow/dags/financial_pipeline_dag.py took 0.213 seconds
[2026-09-08T00:52:07.084+0000] {processor.py:161} INFO - Started process (PID=180) to work on /opt/airflow/dags/financial_pipeline_dag.py
[2026-09-08T00:52:07.085+0000] {processor.py:830} INFO - Processing file /opt/airflow/dags/financial_pipeline_dag.py for tasks to queue
[2026-09-08T00:52:07.087+0000] {logging_mixin.py:188} INFO - [2026-09-08T00:52:07.087+0000] {dagbag.py:545} INFO - Filling up the DagBag from /opt/airflow/dags/financial_pipeline_dag.py
[2026-09-08T00:52:07.243+0000] {logging_mixin.py:188} INFO - [2026-09-08T00:52:07.242+0000] {graph.py:719} INFO - Trying to parse the dbt project `transformations` using a dbt manifest...
[2026-09-08T00:52:07.264+0000] {logging_mixin.py:188} INFO - [2026-09-08T00:52:07.260+0000] {dagbag.py:355} ERROR - Failed to import: /opt/airflow/dags/financial_pipeline_dag.py
Traceback (most recent call last):
  File "/home/airflow/.local/lib/python3.11/site-packages/airflow/models/dagbag.py", line 351, in parse
    loader.exec_module(new_module)
  File "<frozen importlib._bootstrap_external>", line 940, in exec_module
  File "<frozen importlib._bootstrap>", line 241, in _call_with_frames_removed
  File "/opt/airflow/dags/financial_pipeline_dag.py", line 115, in <module>
    dbt_stg_overview = make_dbt_group("dbt_stg_overview", "stg_overview")
                       ^^^^^^^^^^^^^^^^^^^^^^^^^^^^^^^^^^^^^^^^^^^^^^^^^^
  File "/opt/airflow/dags/financial_pipeline_dag.py", line 102, in make_dbt_group
    return DbtTaskGroup(
           ^^^^^^^^^^^^^
  File "/home/airflow/.local/lib/python3.11/site-packages/cosmos/airflow/task_group.py", line 28, in __init__
    DbtToAirflowConverter.__init__(self, *args, **specific_kwargs(**kwargs))
  File "/home/airflow/.local/lib/python3.11/site-packages/cosmos/converter.py", line 261, in __init__
    self.dbt_graph.load(method=render_config.load_method, execution_mode=execution_config.execution_mode)
  File "/home/airflow/.local/lib/python3.11/site-packages/cosmos/dbt/graph.py", line 440, in load
    load_method[method]()
  File "/home/airflow/.local/lib/python3.11/site-packages/cosmos/dbt/graph.py", line 748, in load_from_dbt_manifest
    config=node_dict["config"],
           ~~~~~~~~~^^^^^^^^^^
KeyError: 'config'
[2026-09-08T00:52:07.265+0000] {processor.py:842} WARNING - No viable dags retrieved from /opt/airflow/dags/financial_pipeline_dag.py
[2026-09-08T00:52:07.286+0000] {processor.py:183} INFO - Processing /opt/airflow/dags/financial_pipeline_dag.py took 0.212 seconds
[2026-09-08T00:52:21.136+0000] {processor.py:161} INFO - Started process (PID=180) to work on /opt/airflow/dags/financial_pipeline_dag.py
[2026-09-08T00:52:21.138+0000] {processor.py:830} INFO - Processing file /opt/airflow/dags/financial_pipeline_dag.py for tasks to queue
[2026-09-08T00:52:21.141+0000] {logging_mixin.py:188} INFO - [2026-09-08T00:52:21.140+0000] {dagbag.py:545} INFO - Filling up the DagBag from /opt/airflow/dags/financial_pipeline_dag.py
[2026-09-08T00:52:21.290+0000] {logging_mixin.py:188} INFO - [2026-09-08T00:52:21.289+0000] {graph.py:719} INFO - Trying to parse the dbt project `transformations` using a dbt manifest...
[2026-09-08T00:52:21.311+0000] {logging_mixin.py:188} INFO - [2026-09-08T00:52:21.307+0000] {dagbag.py:355} ERROR - Failed to import: /opt/airflow/dags/financial_pipeline_dag.py
Traceback (most recent call last):
  File "/home/airflow/.local/lib/python3.11/site-packages/airflow/models/dagbag.py", line 351, in parse
    loader.exec_module(new_module)
  File "<frozen importlib._bootstrap_external>", line 940, in exec_module
  File "<frozen importlib._bootstrap>", line 241, in _call_with_frames_removed
  File "/opt/airflow/dags/financial_pipeline_dag.py", line 115, in <module>
    dbt_stg_overview = make_dbt_group("dbt_stg_overview", "stg_overview")
                       ^^^^^^^^^^^^^^^^^^^^^^^^^^^^^^^^^^^^^^^^^^^^^^^^^^
  File "/opt/airflow/dags/financial_pipeline_dag.py", line 102, in make_dbt_group
    return DbtTaskGroup(
           ^^^^^^^^^^^^^
  File "/home/airflow/.local/lib/python3.11/site-packages/cosmos/airflow/task_group.py", line 28, in __init__
    DbtToAirflowConverter.__init__(self, *args, **specific_kwargs(**kwargs))
  File "/home/airflow/.local/lib/python3.11/site-packages/cosmos/converter.py", line 261, in __init__
    self.dbt_graph.load(method=render_config.load_method, execution_mode=execution_config.execution_mode)
  File "/home/airflow/.local/lib/python3.11/site-packages/cosmos/dbt/graph.py", line 440, in load
    load_method[method]()
  File "/home/airflow/.local/lib/python3.11/site-packages/cosmos/dbt/graph.py", line 748, in load_from_dbt_manifest
    config=node_dict["config"],
           ~~~~~~~~~^^^^^^^^^^
KeyError: 'config'
[2026-09-08T00:52:21.312+0000] {processor.py:842} WARNING - No viable dags retrieved from /opt/airflow/dags/financial_pipeline_dag.py
[2026-09-08T00:52:21.333+0000] {processor.py:183} INFO - Processing /opt/airflow/dags/financial_pipeline_dag.py took 0.208 seconds
[2026-09-08T00:52:35.733+0000] {processor.py:161} INFO - Started process (PID=180) to work on /opt/airflow/dags/financial_pipeline_dag.py
[2026-09-08T00:52:35.734+0000] {processor.py:830} INFO - Processing file /opt/airflow/dags/financial_pipeline_dag.py for tasks to queue
[2026-09-08T00:52:35.735+0000] {logging_mixin.py:188} INFO - [2026-09-08T00:52:35.735+0000] {dagbag.py:545} INFO - Filling up the DagBag from /opt/airflow/dags/financial_pipeline_dag.py
[2026-09-08T00:52:35.881+0000] {logging_mixin.py:188} INFO - [2026-09-08T00:52:35.881+0000] {graph.py:719} INFO - Trying to parse the dbt project `transformations` using a dbt manifest...
[2026-09-08T00:52:35.902+0000] {logging_mixin.py:188} INFO - [2026-09-08T00:52:35.898+0000] {dagbag.py:355} ERROR - Failed to import: /opt/airflow/dags/financial_pipeline_dag.py
Traceback (most recent call last):
  File "/home/airflow/.local/lib/python3.11/site-packages/airflow/models/dagbag.py", line 351, in parse
    loader.exec_module(new_module)
  File "<frozen importlib._bootstrap_external>", line 940, in exec_module
  File "<frozen importlib._bootstrap>", line 241, in _call_with_frames_removed
  File "/opt/airflow/dags/financial_pipeline_dag.py", line 115, in <module>
    dbt_stg_overview = make_dbt_group("dbt_stg_overview", "stg_overview")
                       ^^^^^^^^^^^^^^^^^^^^^^^^^^^^^^^^^^^^^^^^^^^^^^^^^^
  File "/opt/airflow/dags/financial_pipeline_dag.py", line 102, in make_dbt_group
    return DbtTaskGroup(
           ^^^^^^^^^^^^^
  File "/home/airflow/.local/lib/python3.11/site-packages/cosmos/airflow/task_group.py", line 28, in __init__
    DbtToAirflowConverter.__init__(self, *args, **specific_kwargs(**kwargs))
  File "/home/airflow/.local/lib/python3.11/site-packages/cosmos/converter.py", line 261, in __init__
    self.dbt_graph.load(method=render_config.load_method, execution_mode=execution_config.execution_mode)
  File "/home/airflow/.local/lib/python3.11/site-packages/cosmos/dbt/graph.py", line 440, in load
    load_method[method]()
  File "/home/airflow/.local/lib/python3.11/site-packages/cosmos/dbt/graph.py", line 748, in load_from_dbt_manifest
    config=node_dict["config"],
           ~~~~~~~~~^^^^^^^^^^
KeyError: 'config'
[2026-09-08T00:52:35.904+0000] {processor.py:842} WARNING - No viable dags retrieved from /opt/airflow/dags/financial_pipeline_dag.py
[2026-09-08T00:52:35.922+0000] {processor.py:183} INFO - Processing /opt/airflow/dags/financial_pipeline_dag.py took 0.198 seconds
[2026-09-08T00:52:50.302+0000] {processor.py:161} INFO - Started process (PID=181) to work on /opt/airflow/dags/financial_pipeline_dag.py
[2026-09-08T00:52:50.304+0000] {processor.py:830} INFO - Processing file /opt/airflow/dags/financial_pipeline_dag.py for tasks to queue
[2026-09-08T00:52:50.306+0000] {logging_mixin.py:188} INFO - [2026-09-08T00:52:50.306+0000] {dagbag.py:545} INFO - Filling up the DagBag from /opt/airflow/dags/financial_pipeline_dag.py
[2026-09-08T00:52:50.438+0000] {logging_mixin.py:188} INFO - [2026-09-08T00:52:50.438+0000] {graph.py:719} INFO - Trying to parse the dbt project `transformations` using a dbt manifest...
[2026-09-08T00:52:50.458+0000] {logging_mixin.py:188} INFO - [2026-09-08T00:52:50.455+0000] {dagbag.py:355} ERROR - Failed to import: /opt/airflow/dags/financial_pipeline_dag.py
Traceback (most recent call last):
  File "/home/airflow/.local/lib/python3.11/site-packages/airflow/models/dagbag.py", line 351, in parse
    loader.exec_module(new_module)
  File "<frozen importlib._bootstrap_external>", line 940, in exec_module
  File "<frozen importlib._bootstrap>", line 241, in _call_with_frames_removed
  File "/opt/airflow/dags/financial_pipeline_dag.py", line 115, in <module>
    dbt_stg_overview = make_dbt_group("dbt_stg_overview", "stg_overview")
                       ^^^^^^^^^^^^^^^^^^^^^^^^^^^^^^^^^^^^^^^^^^^^^^^^^^
  File "/opt/airflow/dags/financial_pipeline_dag.py", line 102, in make_dbt_group
    return DbtTaskGroup(
           ^^^^^^^^^^^^^
  File "/home/airflow/.local/lib/python3.11/site-packages/cosmos/airflow/task_group.py", line 28, in __init__
    DbtToAirflowConverter.__init__(self, *args, **specific_kwargs(**kwargs))
  File "/home/airflow/.local/lib/python3.11/site-packages/cosmos/converter.py", line 261, in __init__
    self.dbt_graph.load(method=render_config.load_method, execution_mode=execution_config.execution_mode)
  File "/home/airflow/.local/lib/python3.11/site-packages/cosmos/dbt/graph.py", line 440, in load
    load_method[method]()
  File "/home/airflow/.local/lib/python3.11/site-packages/cosmos/dbt/graph.py", line 748, in load_from_dbt_manifest
    config=node_dict["config"],
           ~~~~~~~~~^^^^^^^^^^
KeyError: 'config'
[2026-09-08T00:52:50.460+0000] {processor.py:842} WARNING - No viable dags retrieved from /opt/airflow/dags/financial_pipeline_dag.py
[2026-09-08T00:52:50.478+0000] {processor.py:183} INFO - Processing /opt/airflow/dags/financial_pipeline_dag.py took 0.185 seconds
[2026-09-08T00:53:05.254+0000] {processor.py:161} INFO - Started process (PID=180) to work on /opt/airflow/dags/financial_pipeline_dag.py
[2026-09-08T00:53:05.255+0000] {processor.py:830} INFO - Processing file /opt/airflow/dags/financial_pipeline_dag.py for tasks to queue
[2026-09-08T00:53:05.257+0000] {logging_mixin.py:188} INFO - [2026-09-08T00:53:05.257+0000] {dagbag.py:545} INFO - Filling up the DagBag from /opt/airflow/dags/financial_pipeline_dag.py
[2026-09-08T00:53:05.420+0000] {logging_mixin.py:188} INFO - [2026-09-08T00:53:05.419+0000] {graph.py:719} INFO - Trying to parse the dbt project `transformations` using a dbt manifest...
[2026-09-08T00:53:05.440+0000] {logging_mixin.py:188} INFO - [2026-09-08T00:53:05.437+0000] {dagbag.py:355} ERROR - Failed to import: /opt/airflow/dags/financial_pipeline_dag.py
Traceback (most recent call last):
  File "/home/airflow/.local/lib/python3.11/site-packages/airflow/models/dagbag.py", line 351, in parse
    loader.exec_module(new_module)
  File "<frozen importlib._bootstrap_external>", line 940, in exec_module
  File "<frozen importlib._bootstrap>", line 241, in _call_with_frames_removed
  File "/opt/airflow/dags/financial_pipeline_dag.py", line 115, in <module>
    dbt_stg_overview = make_dbt_group("dbt_stg_overview", "stg_overview")
                       ^^^^^^^^^^^^^^^^^^^^^^^^^^^^^^^^^^^^^^^^^^^^^^^^^^
  File "/opt/airflow/dags/financial_pipeline_dag.py", line 102, in make_dbt_group
    return DbtTaskGroup(
           ^^^^^^^^^^^^^
  File "/home/airflow/.local/lib/python3.11/site-packages/cosmos/airflow/task_group.py", line 28, in __init__
    DbtToAirflowConverter.__init__(self, *args, **specific_kwargs(**kwargs))
  File "/home/airflow/.local/lib/python3.11/site-packages/cosmos/converter.py", line 261, in __init__
    self.dbt_graph.load(method=render_config.load_method, execution_mode=execution_config.execution_mode)
  File "/home/airflow/.local/lib/python3.11/site-packages/cosmos/dbt/graph.py", line 440, in load
    load_method[method]()
  File "/home/airflow/.local/lib/python3.11/site-packages/cosmos/dbt/graph.py", line 748, in load_from_dbt_manifest
    config=node_dict["config"],
           ~~~~~~~~~^^^^^^^^^^
KeyError: 'config'
[2026-09-08T00:53:05.442+0000] {processor.py:842} WARNING - No viable dags retrieved from /opt/airflow/dags/financial_pipeline_dag.py
[2026-09-08T00:53:05.461+0000] {processor.py:183} INFO - Processing /opt/airflow/dags/financial_pipeline_dag.py took 0.223 seconds
[2026-09-08T00:53:19.842+0000] {processor.py:161} INFO - Started process (PID=180) to work on /opt/airflow/dags/financial_pipeline_dag.py
[2026-09-08T00:53:19.843+0000] {processor.py:830} INFO - Processing file /opt/airflow/dags/financial_pipeline_dag.py for tasks to queue
[2026-09-08T00:53:19.844+0000] {logging_mixin.py:188} INFO - [2026-09-08T00:53:19.844+0000] {dagbag.py:545} INFO - Filling up the DagBag from /opt/airflow/dags/financial_pipeline_dag.py
[2026-09-08T00:53:19.994+0000] {logging_mixin.py:188} INFO - [2026-09-08T00:53:19.994+0000] {graph.py:719} INFO - Trying to parse the dbt project `transformations` using a dbt manifest...
[2026-09-08T00:53:20.016+0000] {logging_mixin.py:188} INFO - [2026-09-08T00:53:20.012+0000] {dagbag.py:355} ERROR - Failed to import: /opt/airflow/dags/financial_pipeline_dag.py
Traceback (most recent call last):
  File "/home/airflow/.local/lib/python3.11/site-packages/airflow/models/dagbag.py", line 351, in parse
    loader.exec_module(new_module)
  File "<frozen importlib._bootstrap_external>", line 940, in exec_module
  File "<frozen importlib._bootstrap>", line 241, in _call_with_frames_removed
  File "/opt/airflow/dags/financial_pipeline_dag.py", line 115, in <module>
    dbt_stg_overview = make_dbt_group("dbt_stg_overview", "stg_overview")
                       ^^^^^^^^^^^^^^^^^^^^^^^^^^^^^^^^^^^^^^^^^^^^^^^^^^
  File "/opt/airflow/dags/financial_pipeline_dag.py", line 102, in make_dbt_group
    return DbtTaskGroup(
           ^^^^^^^^^^^^^
  File "/home/airflow/.local/lib/python3.11/site-packages/cosmos/airflow/task_group.py", line 28, in __init__
    DbtToAirflowConverter.__init__(self, *args, **specific_kwargs(**kwargs))
  File "/home/airflow/.local/lib/python3.11/site-packages/cosmos/converter.py", line 261, in __init__
    self.dbt_graph.load(method=render_config.load_method, execution_mode=execution_config.execution_mode)
  File "/home/airflow/.local/lib/python3.11/site-packages/cosmos/dbt/graph.py", line 440, in load
    load_method[method]()
  File "/home/airflow/.local/lib/python3.11/site-packages/cosmos/dbt/graph.py", line 748, in load_from_dbt_manifest
    config=node_dict["config"],
           ~~~~~~~~~^^^^^^^^^^
KeyError: 'config'
[2026-09-08T00:53:20.017+0000] {processor.py:842} WARNING - No viable dags retrieved from /opt/airflow/dags/financial_pipeline_dag.py
[2026-09-08T00:53:20.036+0000] {processor.py:183} INFO - Processing /opt/airflow/dags/financial_pipeline_dag.py took 0.202 seconds
[2026-09-08T00:53:34.430+0000] {processor.py:161} INFO - Started process (PID=180) to work on /opt/airflow/dags/financial_pipeline_dag.py
[2026-09-08T00:53:34.432+0000] {processor.py:830} INFO - Processing file /opt/airflow/dags/financial_pipeline_dag.py for tasks to queue
[2026-09-08T00:53:34.434+0000] {logging_mixin.py:188} INFO - [2026-09-08T00:53:34.433+0000] {dagbag.py:545} INFO - Filling up the DagBag from /opt/airflow/dags/financial_pipeline_dag.py
[2026-09-08T00:53:34.578+0000] {logging_mixin.py:188} INFO - [2026-09-08T00:53:34.577+0000] {graph.py:719} INFO - Trying to parse the dbt project `transformations` using a dbt manifest...
[2026-09-08T00:53:34.599+0000] {logging_mixin.py:188} INFO - [2026-09-08T00:53:34.594+0000] {dagbag.py:355} ERROR - Failed to import: /opt/airflow/dags/financial_pipeline_dag.py
Traceback (most recent call last):
  File "/home/airflow/.local/lib/python3.11/site-packages/airflow/models/dagbag.py", line 351, in parse
    loader.exec_module(new_module)
  File "<frozen importlib._bootstrap_external>", line 940, in exec_module
  File "<frozen importlib._bootstrap>", line 241, in _call_with_frames_removed
  File "/opt/airflow/dags/financial_pipeline_dag.py", line 115, in <module>
    dbt_stg_overview = make_dbt_group("dbt_stg_overview", "stg_overview")
                       ^^^^^^^^^^^^^^^^^^^^^^^^^^^^^^^^^^^^^^^^^^^^^^^^^^
  File "/opt/airflow/dags/financial_pipeline_dag.py", line 102, in make_dbt_group
    return DbtTaskGroup(
           ^^^^^^^^^^^^^
  File "/home/airflow/.local/lib/python3.11/site-packages/cosmos/airflow/task_group.py", line 28, in __init__
    DbtToAirflowConverter.__init__(self, *args, **specific_kwargs(**kwargs))
  File "/home/airflow/.local/lib/python3.11/site-packages/cosmos/converter.py", line 261, in __init__
    self.dbt_graph.load(method=render_config.load_method, execution_mode=execution_config.execution_mode)
  File "/home/airflow/.local/lib/python3.11/site-packages/cosmos/dbt/graph.py", line 440, in load
    load_method[method]()
  File "/home/airflow/.local/lib/python3.11/site-packages/cosmos/dbt/graph.py", line 748, in load_from_dbt_manifest
    config=node_dict["config"],
           ~~~~~~~~~^^^^^^^^^^
KeyError: 'config'
[2026-09-08T00:53:34.600+0000] {processor.py:842} WARNING - No viable dags retrieved from /opt/airflow/dags/financial_pipeline_dag.py
[2026-09-08T00:53:34.619+0000] {processor.py:183} INFO - Processing /opt/airflow/dags/financial_pipeline_dag.py took 0.199 seconds
[2026-09-08T00:53:49.320+0000] {processor.py:161} INFO - Started process (PID=180) to work on /opt/airflow/dags/financial_pipeline_dag.py
[2026-09-08T00:53:49.322+0000] {processor.py:830} INFO - Processing file /opt/airflow/dags/financial_pipeline_dag.py for tasks to queue
[2026-09-08T00:53:49.325+0000] {logging_mixin.py:188} INFO - [2026-09-08T00:53:49.324+0000] {dagbag.py:545} INFO - Filling up the DagBag from /opt/airflow/dags/financial_pipeline_dag.py
[2026-09-08T00:53:49.468+0000] {logging_mixin.py:188} INFO - [2026-09-08T00:53:49.468+0000] {graph.py:719} INFO - Trying to parse the dbt project `transformations` using a dbt manifest...
[2026-09-08T00:53:49.489+0000] {logging_mixin.py:188} INFO - [2026-09-08T00:53:49.485+0000] {dagbag.py:355} ERROR - Failed to import: /opt/airflow/dags/financial_pipeline_dag.py
Traceback (most recent call last):
  File "/home/airflow/.local/lib/python3.11/site-packages/airflow/models/dagbag.py", line 351, in parse
    loader.exec_module(new_module)
  File "<frozen importlib._bootstrap_external>", line 940, in exec_module
  File "<frozen importlib._bootstrap>", line 241, in _call_with_frames_removed
  File "/opt/airflow/dags/financial_pipeline_dag.py", line 115, in <module>
    dbt_stg_overview = make_dbt_group("dbt_stg_overview", "stg_overview")
                       ^^^^^^^^^^^^^^^^^^^^^^^^^^^^^^^^^^^^^^^^^^^^^^^^^^
  File "/opt/airflow/dags/financial_pipeline_dag.py", line 102, in make_dbt_group
    return DbtTaskGroup(
           ^^^^^^^^^^^^^
  File "/home/airflow/.local/lib/python3.11/site-packages/cosmos/airflow/task_group.py", line 28, in __init__
    DbtToAirflowConverter.__init__(self, *args, **specific_kwargs(**kwargs))
  File "/home/airflow/.local/lib/python3.11/site-packages/cosmos/converter.py", line 261, in __init__
    self.dbt_graph.load(method=render_config.load_method, execution_mode=execution_config.execution_mode)
  File "/home/airflow/.local/lib/python3.11/site-packages/cosmos/dbt/graph.py", line 440, in load
    load_method[method]()
  File "/home/airflow/.local/lib/python3.11/site-packages/cosmos/dbt/graph.py", line 748, in load_from_dbt_manifest
    config=node_dict["config"],
           ~~~~~~~~~^^^^^^^^^^
KeyError: 'config'
[2026-09-08T00:53:49.490+0000] {processor.py:842} WARNING - No viable dags retrieved from /opt/airflow/dags/financial_pipeline_dag.py
[2026-09-08T00:53:49.509+0000] {processor.py:183} INFO - Processing /opt/airflow/dags/financial_pipeline_dag.py took 0.201 seconds
[2026-09-08T00:54:06.574+0000] {processor.py:161} INFO - Started process (PID=185) to work on /opt/airflow/dags/financial_pipeline_dag.py
[2026-09-08T00:54:06.575+0000] {processor.py:830} INFO - Processing file /opt/airflow/dags/financial_pipeline_dag.py for tasks to queue
[2026-09-08T00:54:06.576+0000] {logging_mixin.py:188} INFO - [2026-09-08T00:54:06.576+0000] {dagbag.py:545} INFO - Filling up the DagBag from /opt/airflow/dags/financial_pipeline_dag.py
[2026-09-08T00:54:06.708+0000] {logging_mixin.py:188} INFO - [2026-09-08T00:54:06.708+0000] {graph.py:719} INFO - Trying to parse the dbt project `transformations` using a dbt manifest...
[2026-09-08T00:54:06.731+0000] {logging_mixin.py:188} INFO - [2026-09-08T00:54:06.726+0000] {dagbag.py:355} ERROR - Failed to import: /opt/airflow/dags/financial_pipeline_dag.py
Traceback (most recent call last):
  File "/home/airflow/.local/lib/python3.11/site-packages/airflow/models/dagbag.py", line 351, in parse
    loader.exec_module(new_module)
  File "<frozen importlib._bootstrap_external>", line 940, in exec_module
  File "<frozen importlib._bootstrap>", line 241, in _call_with_frames_removed
  File "/opt/airflow/dags/financial_pipeline_dag.py", line 115, in <module>
    dbt_stg_overview = make_dbt_group("dbt_stg_overview", "stg_overview")
                       ^^^^^^^^^^^^^^^^^^^^^^^^^^^^^^^^^^^^^^^^^^^^^^^^^^
  File "/opt/airflow/dags/financial_pipeline_dag.py", line 102, in make_dbt_group
    return DbtTaskGroup(
           ^^^^^^^^^^^^^
  File "/home/airflow/.local/lib/python3.11/site-packages/cosmos/airflow/task_group.py", line 28, in __init__
    DbtToAirflowConverter.__init__(self, *args, **specific_kwargs(**kwargs))
  File "/home/airflow/.local/lib/python3.11/site-packages/cosmos/converter.py", line 261, in __init__
    self.dbt_graph.load(method=render_config.load_method, execution_mode=execution_config.execution_mode)
  File "/home/airflow/.local/lib/python3.11/site-packages/cosmos/dbt/graph.py", line 440, in load
    load_method[method]()
  File "/home/airflow/.local/lib/python3.11/site-packages/cosmos/dbt/graph.py", line 748, in load_from_dbt_manifest
    config=node_dict["config"],
           ~~~~~~~~~^^^^^^^^^^
KeyError: 'config'
[2026-09-08T00:54:06.732+0000] {processor.py:842} WARNING - No viable dags retrieved from /opt/airflow/dags/financial_pipeline_dag.py
[2026-09-08T00:54:06.753+0000] {processor.py:183} INFO - Processing /opt/airflow/dags/financial_pipeline_dag.py took 0.186 seconds
[2026-09-08T00:54:22.880+0000] {processor.py:161} INFO - Started process (PID=180) to work on /opt/airflow/dags/financial_pipeline_dag.py
[2026-09-08T00:54:22.881+0000] {processor.py:830} INFO - Processing file /opt/airflow/dags/financial_pipeline_dag.py for tasks to queue
[2026-09-08T00:54:22.883+0000] {logging_mixin.py:188} INFO - [2026-09-08T00:54:22.882+0000] {dagbag.py:545} INFO - Filling up the DagBag from /opt/airflow/dags/financial_pipeline_dag.py
[2026-09-08T00:54:23.022+0000] {logging_mixin.py:188} INFO - [2026-09-08T00:54:23.022+0000] {graph.py:719} INFO - Trying to parse the dbt project `transformations` using a dbt manifest...
[2026-09-08T00:54:23.043+0000] {logging_mixin.py:188} INFO - [2026-09-08T00:54:23.039+0000] {dagbag.py:355} ERROR - Failed to import: /opt/airflow/dags/financial_pipeline_dag.py
Traceback (most recent call last):
  File "/home/airflow/.local/lib/python3.11/site-packages/airflow/models/dagbag.py", line 351, in parse
    loader.exec_module(new_module)
  File "<frozen importlib._bootstrap_external>", line 940, in exec_module
  File "<frozen importlib._bootstrap>", line 241, in _call_with_frames_removed
  File "/opt/airflow/dags/financial_pipeline_dag.py", line 115, in <module>
    dbt_stg_overview = make_dbt_group("dbt_stg_overview", "stg_overview")
                       ^^^^^^^^^^^^^^^^^^^^^^^^^^^^^^^^^^^^^^^^^^^^^^^^^^
  File "/opt/airflow/dags/financial_pipeline_dag.py", line 102, in make_dbt_group
    return DbtTaskGroup(
           ^^^^^^^^^^^^^
  File "/home/airflow/.local/lib/python3.11/site-packages/cosmos/airflow/task_group.py", line 28, in __init__
    DbtToAirflowConverter.__init__(self, *args, **specific_kwargs(**kwargs))
  File "/home/airflow/.local/lib/python3.11/site-packages/cosmos/converter.py", line 261, in __init__
    self.dbt_graph.load(method=render_config.load_method, execution_mode=execution_config.execution_mode)
  File "/home/airflow/.local/lib/python3.11/site-packages/cosmos/dbt/graph.py", line 440, in load
    load_method[method]()
  File "/home/airflow/.local/lib/python3.11/site-packages/cosmos/dbt/graph.py", line 748, in load_from_dbt_manifest
    config=node_dict["config"],
           ~~~~~~~~~^^^^^^^^^^
KeyError: 'config'
[2026-09-08T00:54:23.044+0000] {processor.py:842} WARNING - No viable dags retrieved from /opt/airflow/dags/financial_pipeline_dag.py
[2026-09-08T00:54:23.063+0000] {processor.py:183} INFO - Processing /opt/airflow/dags/financial_pipeline_dag.py took 0.193 seconds
[2026-09-08T00:54:37.460+0000] {processor.py:161} INFO - Started process (PID=180) to work on /opt/airflow/dags/financial_pipeline_dag.py
[2026-09-08T00:54:37.461+0000] {processor.py:830} INFO - Processing file /opt/airflow/dags/financial_pipeline_dag.py for tasks to queue
[2026-09-08T00:54:37.463+0000] {logging_mixin.py:188} INFO - [2026-09-08T00:54:37.463+0000] {dagbag.py:545} INFO - Filling up the DagBag from /opt/airflow/dags/financial_pipeline_dag.py
[2026-09-08T00:54:37.610+0000] {logging_mixin.py:188} INFO - [2026-09-08T00:54:37.610+0000] {graph.py:719} INFO - Trying to parse the dbt project `transformations` using a dbt manifest...
[2026-09-08T00:54:37.633+0000] {logging_mixin.py:188} INFO - [2026-09-08T00:54:37.628+0000] {dagbag.py:355} ERROR - Failed to import: /opt/airflow/dags/financial_pipeline_dag.py
Traceback (most recent call last):
  File "/home/airflow/.local/lib/python3.11/site-packages/airflow/models/dagbag.py", line 351, in parse
    loader.exec_module(new_module)
  File "<frozen importlib._bootstrap_external>", line 940, in exec_module
  File "<frozen importlib._bootstrap>", line 241, in _call_with_frames_removed
  File "/opt/airflow/dags/financial_pipeline_dag.py", line 115, in <module>
    dbt_stg_overview = make_dbt_group("dbt_stg_overview", "stg_overview")
                       ^^^^^^^^^^^^^^^^^^^^^^^^^^^^^^^^^^^^^^^^^^^^^^^^^^
  File "/opt/airflow/dags/financial_pipeline_dag.py", line 102, in make_dbt_group
    return DbtTaskGroup(
           ^^^^^^^^^^^^^
  File "/home/airflow/.local/lib/python3.11/site-packages/cosmos/airflow/task_group.py", line 28, in __init__
    DbtToAirflowConverter.__init__(self, *args, **specific_kwargs(**kwargs))
  File "/home/airflow/.local/lib/python3.11/site-packages/cosmos/converter.py", line 261, in __init__
    self.dbt_graph.load(method=render_config.load_method, execution_mode=execution_config.execution_mode)
  File "/home/airflow/.local/lib/python3.11/site-packages/cosmos/dbt/graph.py", line 440, in load
    load_method[method]()
  File "/home/airflow/.local/lib/python3.11/site-packages/cosmos/dbt/graph.py", line 748, in load_from_dbt_manifest
    config=node_dict["config"],
           ~~~~~~~~~^^^^^^^^^^
KeyError: 'config'
[2026-09-08T00:54:37.634+0000] {processor.py:842} WARNING - No viable dags retrieved from /opt/airflow/dags/financial_pipeline_dag.py
[2026-09-08T00:54:37.655+0000] {processor.py:183} INFO - Processing /opt/airflow/dags/financial_pipeline_dag.py took 0.204 seconds
[2026-09-08T00:54:51.703+0000] {processor.py:161} INFO - Started process (PID=180) to work on /opt/airflow/dags/financial_pipeline_dag.py
[2026-09-08T00:54:51.705+0000] {processor.py:830} INFO - Processing file /opt/airflow/dags/financial_pipeline_dag.py for tasks to queue
[2026-09-08T00:54:51.707+0000] {logging_mixin.py:188} INFO - [2026-09-08T00:54:51.707+0000] {dagbag.py:545} INFO - Filling up the DagBag from /opt/airflow/dags/financial_pipeline_dag.py
[2026-09-08T00:54:51.848+0000] {logging_mixin.py:188} INFO - [2026-09-08T00:54:51.848+0000] {graph.py:719} INFO - Trying to parse the dbt project `transformations` using a dbt manifest...
[2026-09-08T00:54:51.869+0000] {logging_mixin.py:188} INFO - [2026-09-08T00:54:51.865+0000] {dagbag.py:355} ERROR - Failed to import: /opt/airflow/dags/financial_pipeline_dag.py
Traceback (most recent call last):
  File "/home/airflow/.local/lib/python3.11/site-packages/airflow/models/dagbag.py", line 351, in parse
    loader.exec_module(new_module)
  File "<frozen importlib._bootstrap_external>", line 940, in exec_module
  File "<frozen importlib._bootstrap>", line 241, in _call_with_frames_removed
  File "/opt/airflow/dags/financial_pipeline_dag.py", line 115, in <module>
    dbt_stg_overview = make_dbt_group("dbt_stg_overview", "stg_overview")
                       ^^^^^^^^^^^^^^^^^^^^^^^^^^^^^^^^^^^^^^^^^^^^^^^^^^
  File "/opt/airflow/dags/financial_pipeline_dag.py", line 102, in make_dbt_group
    return DbtTaskGroup(
           ^^^^^^^^^^^^^
  File "/home/airflow/.local/lib/python3.11/site-packages/cosmos/airflow/task_group.py", line 28, in __init__
    DbtToAirflowConverter.__init__(self, *args, **specific_kwargs(**kwargs))
  File "/home/airflow/.local/lib/python3.11/site-packages/cosmos/converter.py", line 261, in __init__
    self.dbt_graph.load(method=render_config.load_method, execution_mode=execution_config.execution_mode)
  File "/home/airflow/.local/lib/python3.11/site-packages/cosmos/dbt/graph.py", line 440, in load
    load_method[method]()
  File "/home/airflow/.local/lib/python3.11/site-packages/cosmos/dbt/graph.py", line 748, in load_from_dbt_manifest
    config=node_dict["config"],
           ~~~~~~~~~^^^^^^^^^^
KeyError: 'config'
[2026-09-08T00:54:51.870+0000] {processor.py:842} WARNING - No viable dags retrieved from /opt/airflow/dags/financial_pipeline_dag.py
[2026-09-08T00:54:51.889+0000] {processor.py:183} INFO - Processing /opt/airflow/dags/financial_pipeline_dag.py took 0.196 seconds
[2026-09-08T00:55:06.202+0000] {processor.py:161} INFO - Started process (PID=180) to work on /opt/airflow/dags/financial_pipeline_dag.py
[2026-09-08T00:55:06.204+0000] {processor.py:830} INFO - Processing file /opt/airflow/dags/financial_pipeline_dag.py for tasks to queue
[2026-09-08T00:55:06.206+0000] {logging_mixin.py:188} INFO - [2026-09-08T00:55:06.206+0000] {dagbag.py:545} INFO - Filling up the DagBag from /opt/airflow/dags/financial_pipeline_dag.py
[2026-09-08T00:55:06.364+0000] {logging_mixin.py:188} INFO - [2026-09-08T00:55:06.364+0000] {graph.py:719} INFO - Trying to parse the dbt project `transformations` using a dbt manifest...
[2026-09-08T00:55:06.387+0000] {logging_mixin.py:188} INFO - [2026-09-08T00:55:06.383+0000] {dagbag.py:355} ERROR - Failed to import: /opt/airflow/dags/financial_pipeline_dag.py
Traceback (most recent call last):
  File "/home/airflow/.local/lib/python3.11/site-packages/airflow/models/dagbag.py", line 351, in parse
    loader.exec_module(new_module)
  File "<frozen importlib._bootstrap_external>", line 940, in exec_module
  File "<frozen importlib._bootstrap>", line 241, in _call_with_frames_removed
  File "/opt/airflow/dags/financial_pipeline_dag.py", line 115, in <module>
    dbt_stg_overview = make_dbt_group("dbt_stg_overview", "stg_overview")
                       ^^^^^^^^^^^^^^^^^^^^^^^^^^^^^^^^^^^^^^^^^^^^^^^^^^
  File "/opt/airflow/dags/financial_pipeline_dag.py", line 102, in make_dbt_group
    return DbtTaskGroup(
           ^^^^^^^^^^^^^
  File "/home/airflow/.local/lib/python3.11/site-packages/cosmos/airflow/task_group.py", line 28, in __init__
    DbtToAirflowConverter.__init__(self, *args, **specific_kwargs(**kwargs))
  File "/home/airflow/.local/lib/python3.11/site-packages/cosmos/converter.py", line 261, in __init__
    self.dbt_graph.load(method=render_config.load_method, execution_mode=execution_config.execution_mode)
  File "/home/airflow/.local/lib/python3.11/site-packages/cosmos/dbt/graph.py", line 440, in load
    load_method[method]()
  File "/home/airflow/.local/lib/python3.11/site-packages/cosmos/dbt/graph.py", line 748, in load_from_dbt_manifest
    config=node_dict["config"],
           ~~~~~~~~~^^^^^^^^^^
KeyError: 'config'
[2026-09-08T00:55:06.388+0000] {processor.py:842} WARNING - No viable dags retrieved from /opt/airflow/dags/financial_pipeline_dag.py
[2026-09-08T00:55:06.411+0000] {processor.py:183} INFO - Processing /opt/airflow/dags/financial_pipeline_dag.py took 0.220 seconds
[2026-09-08T00:55:21.388+0000] {processor.py:161} INFO - Started process (PID=180) to work on /opt/airflow/dags/financial_pipeline_dag.py
[2026-09-08T00:55:21.389+0000] {processor.py:830} INFO - Processing file /opt/airflow/dags/financial_pipeline_dag.py for tasks to queue
[2026-09-08T00:55:21.391+0000] {logging_mixin.py:188} INFO - [2026-09-08T00:55:21.391+0000] {dagbag.py:545} INFO - Filling up the DagBag from /opt/airflow/dags/financial_pipeline_dag.py
[2026-09-08T00:55:21.532+0000] {logging_mixin.py:188} INFO - [2026-09-08T00:55:21.531+0000] {graph.py:719} INFO - Trying to parse the dbt project `transformations` using a dbt manifest...
[2026-09-08T00:55:21.552+0000] {logging_mixin.py:188} INFO - [2026-09-08T00:55:21.549+0000] {dagbag.py:355} ERROR - Failed to import: /opt/airflow/dags/financial_pipeline_dag.py
Traceback (most recent call last):
  File "/home/airflow/.local/lib/python3.11/site-packages/airflow/models/dagbag.py", line 351, in parse
    loader.exec_module(new_module)
  File "<frozen importlib._bootstrap_external>", line 940, in exec_module
  File "<frozen importlib._bootstrap>", line 241, in _call_with_frames_removed
  File "/opt/airflow/dags/financial_pipeline_dag.py", line 115, in <module>
    dbt_stg_overview = make_dbt_group("dbt_stg_overview", "stg_overview")
                       ^^^^^^^^^^^^^^^^^^^^^^^^^^^^^^^^^^^^^^^^^^^^^^^^^^
  File "/opt/airflow/dags/financial_pipeline_dag.py", line 102, in make_dbt_group
    return DbtTaskGroup(
           ^^^^^^^^^^^^^
  File "/home/airflow/.local/lib/python3.11/site-packages/cosmos/airflow/task_group.py", line 28, in __init__
    DbtToAirflowConverter.__init__(self, *args, **specific_kwargs(**kwargs))
  File "/home/airflow/.local/lib/python3.11/site-packages/cosmos/converter.py", line 261, in __init__
    self.dbt_graph.load(method=render_config.load_method, execution_mode=execution_config.execution_mode)
  File "/home/airflow/.local/lib/python3.11/site-packages/cosmos/dbt/graph.py", line 440, in load
    load_method[method]()
  File "/home/airflow/.local/lib/python3.11/site-packages/cosmos/dbt/graph.py", line 748, in load_from_dbt_manifest
    config=node_dict["config"],
           ~~~~~~~~~^^^^^^^^^^
KeyError: 'config'
[2026-09-08T00:55:21.553+0000] {processor.py:842} WARNING - No viable dags retrieved from /opt/airflow/dags/financial_pipeline_dag.py
[2026-09-08T00:55:21.571+0000] {processor.py:183} INFO - Processing /opt/airflow/dags/financial_pipeline_dag.py took 0.194 seconds
[2026-09-08T00:55:35.748+0000] {processor.py:161} INFO - Started process (PID=180) to work on /opt/airflow/dags/financial_pipeline_dag.py
[2026-09-08T00:55:35.750+0000] {processor.py:830} INFO - Processing file /opt/airflow/dags/financial_pipeline_dag.py for tasks to queue
[2026-09-08T00:55:35.751+0000] {logging_mixin.py:188} INFO - [2026-09-08T00:55:35.751+0000] {dagbag.py:545} INFO - Filling up the DagBag from /opt/airflow/dags/financial_pipeline_dag.py
[2026-09-08T00:55:35.886+0000] {logging_mixin.py:188} INFO - [2026-09-08T00:55:35.886+0000] {graph.py:719} INFO - Trying to parse the dbt project `transformations` using a dbt manifest...
[2026-09-08T00:55:35.908+0000] {logging_mixin.py:188} INFO - [2026-09-08T00:55:35.903+0000] {dagbag.py:355} ERROR - Failed to import: /opt/airflow/dags/financial_pipeline_dag.py
Traceback (most recent call last):
  File "/home/airflow/.local/lib/python3.11/site-packages/airflow/models/dagbag.py", line 351, in parse
    loader.exec_module(new_module)
  File "<frozen importlib._bootstrap_external>", line 940, in exec_module
  File "<frozen importlib._bootstrap>", line 241, in _call_with_frames_removed
  File "/opt/airflow/dags/financial_pipeline_dag.py", line 115, in <module>
    dbt_stg_overview = make_dbt_group("dbt_stg_overview", "stg_overview")
                       ^^^^^^^^^^^^^^^^^^^^^^^^^^^^^^^^^^^^^^^^^^^^^^^^^^
  File "/opt/airflow/dags/financial_pipeline_dag.py", line 102, in make_dbt_group
    return DbtTaskGroup(
           ^^^^^^^^^^^^^
  File "/home/airflow/.local/lib/python3.11/site-packages/cosmos/airflow/task_group.py", line 28, in __init__
    DbtToAirflowConverter.__init__(self, *args, **specific_kwargs(**kwargs))
  File "/home/airflow/.local/lib/python3.11/site-packages/cosmos/converter.py", line 261, in __init__
    self.dbt_graph.load(method=render_config.load_method, execution_mode=execution_config.execution_mode)
  File "/home/airflow/.local/lib/python3.11/site-packages/cosmos/dbt/graph.py", line 440, in load
    load_method[method]()
  File "/home/airflow/.local/lib/python3.11/site-packages/cosmos/dbt/graph.py", line 748, in load_from_dbt_manifest
    config=node_dict["config"],
           ~~~~~~~~~^^^^^^^^^^
KeyError: 'config'
[2026-09-08T00:55:35.909+0000] {processor.py:842} WARNING - No viable dags retrieved from /opt/airflow/dags/financial_pipeline_dag.py
[2026-09-08T00:55:35.930+0000] {processor.py:183} INFO - Processing /opt/airflow/dags/financial_pipeline_dag.py took 0.191 seconds
[2026-09-08T00:55:50.261+0000] {processor.py:161} INFO - Started process (PID=180) to work on /opt/airflow/dags/financial_pipeline_dag.py
[2026-09-08T00:55:50.263+0000] {processor.py:830} INFO - Processing file /opt/airflow/dags/financial_pipeline_dag.py for tasks to queue
[2026-09-08T00:55:50.266+0000] {logging_mixin.py:188} INFO - [2026-09-08T00:55:50.265+0000] {dagbag.py:545} INFO - Filling up the DagBag from /opt/airflow/dags/financial_pipeline_dag.py
[2026-09-08T00:55:50.410+0000] {logging_mixin.py:188} INFO - [2026-09-08T00:55:50.410+0000] {graph.py:719} INFO - Trying to parse the dbt project `transformations` using a dbt manifest...
[2026-09-08T00:55:50.432+0000] {logging_mixin.py:188} INFO - [2026-09-08T00:55:50.427+0000] {dagbag.py:355} ERROR - Failed to import: /opt/airflow/dags/financial_pipeline_dag.py
Traceback (most recent call last):
  File "/home/airflow/.local/lib/python3.11/site-packages/airflow/models/dagbag.py", line 351, in parse
    loader.exec_module(new_module)
  File "<frozen importlib._bootstrap_external>", line 940, in exec_module
  File "<frozen importlib._bootstrap>", line 241, in _call_with_frames_removed
  File "/opt/airflow/dags/financial_pipeline_dag.py", line 115, in <module>
    dbt_stg_overview = make_dbt_group("dbt_stg_overview", "stg_overview")
                       ^^^^^^^^^^^^^^^^^^^^^^^^^^^^^^^^^^^^^^^^^^^^^^^^^^
  File "/opt/airflow/dags/financial_pipeline_dag.py", line 102, in make_dbt_group
    return DbtTaskGroup(
           ^^^^^^^^^^^^^
  File "/home/airflow/.local/lib/python3.11/site-packages/cosmos/airflow/task_group.py", line 28, in __init__
    DbtToAirflowConverter.__init__(self, *args, **specific_kwargs(**kwargs))
  File "/home/airflow/.local/lib/python3.11/site-packages/cosmos/converter.py", line 261, in __init__
    self.dbt_graph.load(method=render_config.load_method, execution_mode=execution_config.execution_mode)
  File "/home/airflow/.local/lib/python3.11/site-packages/cosmos/dbt/graph.py", line 440, in load
    load_method[method]()
  File "/home/airflow/.local/lib/python3.11/site-packages/cosmos/dbt/graph.py", line 748, in load_from_dbt_manifest
    config=node_dict["config"],
           ~~~~~~~~~^^^^^^^^^^
KeyError: 'config'
[2026-09-08T00:55:50.433+0000] {processor.py:842} WARNING - No viable dags retrieved from /opt/airflow/dags/financial_pipeline_dag.py
[2026-09-08T00:55:50.453+0000] {processor.py:183} INFO - Processing /opt/airflow/dags/financial_pipeline_dag.py took 0.199 seconds
[2026-09-08T00:56:04.396+0000] {processor.py:161} INFO - Started process (PID=180) to work on /opt/airflow/dags/financial_pipeline_dag.py
[2026-09-08T00:56:04.397+0000] {processor.py:830} INFO - Processing file /opt/airflow/dags/financial_pipeline_dag.py for tasks to queue
[2026-09-08T00:56:04.399+0000] {logging_mixin.py:188} INFO - [2026-09-08T00:56:04.399+0000] {dagbag.py:545} INFO - Filling up the DagBag from /opt/airflow/dags/financial_pipeline_dag.py
[2026-09-08T00:56:04.536+0000] {logging_mixin.py:188} INFO - [2026-09-08T00:56:04.536+0000] {graph.py:719} INFO - Trying to parse the dbt project `transformations` using a dbt manifest...
[2026-09-08T00:56:04.557+0000] {logging_mixin.py:188} INFO - [2026-09-08T00:56:04.553+0000] {dagbag.py:355} ERROR - Failed to import: /opt/airflow/dags/financial_pipeline_dag.py
Traceback (most recent call last):
  File "/home/airflow/.local/lib/python3.11/site-packages/airflow/models/dagbag.py", line 351, in parse
    loader.exec_module(new_module)
  File "<frozen importlib._bootstrap_external>", line 940, in exec_module
  File "<frozen importlib._bootstrap>", line 241, in _call_with_frames_removed
  File "/opt/airflow/dags/financial_pipeline_dag.py", line 115, in <module>
    dbt_stg_overview = make_dbt_group("dbt_stg_overview", "stg_overview")
                       ^^^^^^^^^^^^^^^^^^^^^^^^^^^^^^^^^^^^^^^^^^^^^^^^^^
  File "/opt/airflow/dags/financial_pipeline_dag.py", line 102, in make_dbt_group
    return DbtTaskGroup(
           ^^^^^^^^^^^^^
  File "/home/airflow/.local/lib/python3.11/site-packages/cosmos/airflow/task_group.py", line 28, in __init__
    DbtToAirflowConverter.__init__(self, *args, **specific_kwargs(**kwargs))
  File "/home/airflow/.local/lib/python3.11/site-packages/cosmos/converter.py", line 261, in __init__
    self.dbt_graph.load(method=render_config.load_method, execution_mode=execution_config.execution_mode)
  File "/home/airflow/.local/lib/python3.11/site-packages/cosmos/dbt/graph.py", line 440, in load
    load_method[method]()
  File "/home/airflow/.local/lib/python3.11/site-packages/cosmos/dbt/graph.py", line 748, in load_from_dbt_manifest
    config=node_dict["config"],
           ~~~~~~~~~^^^^^^^^^^
KeyError: 'config'
[2026-09-08T00:56:04.558+0000] {processor.py:842} WARNING - No viable dags retrieved from /opt/airflow/dags/financial_pipeline_dag.py
[2026-09-08T00:56:04.580+0000] {processor.py:183} INFO - Processing /opt/airflow/dags/financial_pipeline_dag.py took 0.193 seconds
[2026-09-08T00:56:18.732+0000] {processor.py:161} INFO - Started process (PID=180) to work on /opt/airflow/dags/financial_pipeline_dag.py
[2026-09-08T00:56:18.734+0000] {processor.py:830} INFO - Processing file /opt/airflow/dags/financial_pipeline_dag.py for tasks to queue
[2026-09-08T00:56:18.736+0000] {logging_mixin.py:188} INFO - [2026-09-08T00:56:18.735+0000] {dagbag.py:545} INFO - Filling up the DagBag from /opt/airflow/dags/financial_pipeline_dag.py
[2026-09-08T00:56:18.868+0000] {logging_mixin.py:188} INFO - [2026-09-08T00:56:18.868+0000] {graph.py:719} INFO - Trying to parse the dbt project `transformations` using a dbt manifest...
[2026-09-08T00:56:18.889+0000] {logging_mixin.py:188} INFO - [2026-09-08T00:56:18.885+0000] {dagbag.py:355} ERROR - Failed to import: /opt/airflow/dags/financial_pipeline_dag.py
Traceback (most recent call last):
  File "/home/airflow/.local/lib/python3.11/site-packages/airflow/models/dagbag.py", line 351, in parse
    loader.exec_module(new_module)
  File "<frozen importlib._bootstrap_external>", line 940, in exec_module
  File "<frozen importlib._bootstrap>", line 241, in _call_with_frames_removed
  File "/opt/airflow/dags/financial_pipeline_dag.py", line 115, in <module>
    dbt_stg_overview = make_dbt_group("dbt_stg_overview", "stg_overview")
                       ^^^^^^^^^^^^^^^^^^^^^^^^^^^^^^^^^^^^^^^^^^^^^^^^^^
  File "/opt/airflow/dags/financial_pipeline_dag.py", line 102, in make_dbt_group
    return DbtTaskGroup(
           ^^^^^^^^^^^^^
  File "/home/airflow/.local/lib/python3.11/site-packages/cosmos/airflow/task_group.py", line 28, in __init__
    DbtToAirflowConverter.__init__(self, *args, **specific_kwargs(**kwargs))
  File "/home/airflow/.local/lib/python3.11/site-packages/cosmos/converter.py", line 261, in __init__
    self.dbt_graph.load(method=render_config.load_method, execution_mode=execution_config.execution_mode)
  File "/home/airflow/.local/lib/python3.11/site-packages/cosmos/dbt/graph.py", line 440, in load
    load_method[method]()
  File "/home/airflow/.local/lib/python3.11/site-packages/cosmos/dbt/graph.py", line 748, in load_from_dbt_manifest
    config=node_dict["config"],
           ~~~~~~~~~^^^^^^^^^^
KeyError: 'config'
[2026-09-08T00:56:18.891+0000] {processor.py:842} WARNING - No viable dags retrieved from /opt/airflow/dags/financial_pipeline_dag.py
[2026-09-08T00:56:18.911+0000] {processor.py:183} INFO - Processing /opt/airflow/dags/financial_pipeline_dag.py took 0.189 seconds
[2026-09-08T00:56:33.255+0000] {processor.py:161} INFO - Started process (PID=180) to work on /opt/airflow/dags/financial_pipeline_dag.py
[2026-09-08T00:56:33.257+0000] {processor.py:830} INFO - Processing file /opt/airflow/dags/financial_pipeline_dag.py for tasks to queue
[2026-09-08T00:56:33.259+0000] {logging_mixin.py:188} INFO - [2026-09-08T00:56:33.258+0000] {dagbag.py:545} INFO - Filling up the DagBag from /opt/airflow/dags/financial_pipeline_dag.py
[2026-09-08T00:56:33.405+0000] {logging_mixin.py:188} INFO - [2026-09-08T00:56:33.405+0000] {graph.py:719} INFO - Trying to parse the dbt project `transformations` using a dbt manifest...
[2026-09-08T00:56:33.427+0000] {logging_mixin.py:188} INFO - [2026-09-08T00:56:33.422+0000] {dagbag.py:355} ERROR - Failed to import: /opt/airflow/dags/financial_pipeline_dag.py
Traceback (most recent call last):
  File "/home/airflow/.local/lib/python3.11/site-packages/airflow/models/dagbag.py", line 351, in parse
    loader.exec_module(new_module)
  File "<frozen importlib._bootstrap_external>", line 940, in exec_module
  File "<frozen importlib._bootstrap>", line 241, in _call_with_frames_removed
  File "/opt/airflow/dags/financial_pipeline_dag.py", line 115, in <module>
    dbt_stg_overview = make_dbt_group("dbt_stg_overview", "stg_overview")
                       ^^^^^^^^^^^^^^^^^^^^^^^^^^^^^^^^^^^^^^^^^^^^^^^^^^
  File "/opt/airflow/dags/financial_pipeline_dag.py", line 102, in make_dbt_group
    return DbtTaskGroup(
           ^^^^^^^^^^^^^
  File "/home/airflow/.local/lib/python3.11/site-packages/cosmos/airflow/task_group.py", line 28, in __init__
    DbtToAirflowConverter.__init__(self, *args, **specific_kwargs(**kwargs))
  File "/home/airflow/.local/lib/python3.11/site-packages/cosmos/converter.py", line 261, in __init__
    self.dbt_graph.load(method=render_config.load_method, execution_mode=execution_config.execution_mode)
  File "/home/airflow/.local/lib/python3.11/site-packages/cosmos/dbt/graph.py", line 440, in load
    load_method[method]()
  File "/home/airflow/.local/lib/python3.11/site-packages/cosmos/dbt/graph.py", line 748, in load_from_dbt_manifest
    config=node_dict["config"],
           ~~~~~~~~~^^^^^^^^^^
KeyError: 'config'
[2026-09-08T00:56:33.428+0000] {processor.py:842} WARNING - No viable dags retrieved from /opt/airflow/dags/financial_pipeline_dag.py
[2026-09-08T00:56:33.447+0000] {processor.py:183} INFO - Processing /opt/airflow/dags/financial_pipeline_dag.py took 0.205 seconds
[2026-09-08T00:56:47.842+0000] {processor.py:161} INFO - Started process (PID=180) to work on /opt/airflow/dags/financial_pipeline_dag.py
[2026-09-08T00:56:47.844+0000] {processor.py:830} INFO - Processing file /opt/airflow/dags/financial_pipeline_dag.py for tasks to queue
[2026-09-08T00:56:47.846+0000] {logging_mixin.py:188} INFO - [2026-09-08T00:56:47.846+0000] {dagbag.py:545} INFO - Filling up the DagBag from /opt/airflow/dags/financial_pipeline_dag.py
[2026-09-08T00:56:47.981+0000] {logging_mixin.py:188} INFO - [2026-09-08T00:56:47.981+0000] {graph.py:719} INFO - Trying to parse the dbt project `transformations` using a dbt manifest...
[2026-09-08T00:56:48.005+0000] {logging_mixin.py:188} INFO - [2026-09-08T00:56:48.001+0000] {dagbag.py:355} ERROR - Failed to import: /opt/airflow/dags/financial_pipeline_dag.py
Traceback (most recent call last):
  File "/home/airflow/.local/lib/python3.11/site-packages/airflow/models/dagbag.py", line 351, in parse
    loader.exec_module(new_module)
  File "<frozen importlib._bootstrap_external>", line 940, in exec_module
  File "<frozen importlib._bootstrap>", line 241, in _call_with_frames_removed
  File "/opt/airflow/dags/financial_pipeline_dag.py", line 115, in <module>
    dbt_stg_overview = make_dbt_group("dbt_stg_overview", "stg_overview")
                       ^^^^^^^^^^^^^^^^^^^^^^^^^^^^^^^^^^^^^^^^^^^^^^^^^^
  File "/opt/airflow/dags/financial_pipeline_dag.py", line 102, in make_dbt_group
    return DbtTaskGroup(
           ^^^^^^^^^^^^^
  File "/home/airflow/.local/lib/python3.11/site-packages/cosmos/airflow/task_group.py", line 28, in __init__
    DbtToAirflowConverter.__init__(self, *args, **specific_kwargs(**kwargs))
  File "/home/airflow/.local/lib/python3.11/site-packages/cosmos/converter.py", line 261, in __init__
    self.dbt_graph.load(method=render_config.load_method, execution_mode=execution_config.execution_mode)
  File "/home/airflow/.local/lib/python3.11/site-packages/cosmos/dbt/graph.py", line 440, in load
    load_method[method]()
  File "/home/airflow/.local/lib/python3.11/site-packages/cosmos/dbt/graph.py", line 748, in load_from_dbt_manifest
    config=node_dict["config"],
           ~~~~~~~~~^^^^^^^^^^
KeyError: 'config'
[2026-09-08T00:56:48.006+0000] {processor.py:842} WARNING - No viable dags retrieved from /opt/airflow/dags/financial_pipeline_dag.py
[2026-09-08T00:56:48.027+0000] {processor.py:183} INFO - Processing /opt/airflow/dags/financial_pipeline_dag.py took 0.194 seconds
[2026-09-08T00:57:02.350+0000] {processor.py:161} INFO - Started process (PID=180) to work on /opt/airflow/dags/financial_pipeline_dag.py
[2026-09-08T00:57:02.352+0000] {processor.py:830} INFO - Processing file /opt/airflow/dags/financial_pipeline_dag.py for tasks to queue
[2026-09-08T00:57:02.353+0000] {logging_mixin.py:188} INFO - [2026-09-08T00:57:02.353+0000] {dagbag.py:545} INFO - Filling up the DagBag from /opt/airflow/dags/financial_pipeline_dag.py
[2026-09-08T00:57:02.520+0000] {logging_mixin.py:188} INFO - [2026-09-08T00:57:02.519+0000] {graph.py:719} INFO - Trying to parse the dbt project `transformations` using a dbt manifest...
[2026-09-08T00:57:02.543+0000] {logging_mixin.py:188} INFO - [2026-09-08T00:57:02.538+0000] {dagbag.py:355} ERROR - Failed to import: /opt/airflow/dags/financial_pipeline_dag.py
Traceback (most recent call last):
  File "/home/airflow/.local/lib/python3.11/site-packages/airflow/models/dagbag.py", line 351, in parse
    loader.exec_module(new_module)
  File "<frozen importlib._bootstrap_external>", line 940, in exec_module
  File "<frozen importlib._bootstrap>", line 241, in _call_with_frames_removed
  File "/opt/airflow/dags/financial_pipeline_dag.py", line 115, in <module>
    dbt_stg_overview = make_dbt_group("dbt_stg_overview", "stg_overview")
                       ^^^^^^^^^^^^^^^^^^^^^^^^^^^^^^^^^^^^^^^^^^^^^^^^^^
  File "/opt/airflow/dags/financial_pipeline_dag.py", line 102, in make_dbt_group
    return DbtTaskGroup(
           ^^^^^^^^^^^^^
  File "/home/airflow/.local/lib/python3.11/site-packages/cosmos/airflow/task_group.py", line 28, in __init__
    DbtToAirflowConverter.__init__(self, *args, **specific_kwargs(**kwargs))
  File "/home/airflow/.local/lib/python3.11/site-packages/cosmos/converter.py", line 261, in __init__
    self.dbt_graph.load(method=render_config.load_method, execution_mode=execution_config.execution_mode)
  File "/home/airflow/.local/lib/python3.11/site-packages/cosmos/dbt/graph.py", line 440, in load
    load_method[method]()
  File "/home/airflow/.local/lib/python3.11/site-packages/cosmos/dbt/graph.py", line 748, in load_from_dbt_manifest
    config=node_dict["config"],
           ~~~~~~~~~^^^^^^^^^^
KeyError: 'config'
[2026-09-08T00:57:02.544+0000] {processor.py:842} WARNING - No viable dags retrieved from /opt/airflow/dags/financial_pipeline_dag.py
[2026-09-08T00:57:02.567+0000] {processor.py:183} INFO - Processing /opt/airflow/dags/financial_pipeline_dag.py took 0.223 seconds
[2026-09-08T00:57:16.662+0000] {processor.py:161} INFO - Started process (PID=180) to work on /opt/airflow/dags/financial_pipeline_dag.py
[2026-09-08T00:57:16.663+0000] {processor.py:830} INFO - Processing file /opt/airflow/dags/financial_pipeline_dag.py for tasks to queue
[2026-09-08T00:57:16.665+0000] {logging_mixin.py:188} INFO - [2026-09-08T00:57:16.665+0000] {dagbag.py:545} INFO - Filling up the DagBag from /opt/airflow/dags/financial_pipeline_dag.py
[2026-09-08T00:57:16.796+0000] {logging_mixin.py:188} INFO - [2026-09-08T00:57:16.796+0000] {graph.py:719} INFO - Trying to parse the dbt project `transformations` using a dbt manifest...
[2026-09-08T00:57:16.818+0000] {logging_mixin.py:188} INFO - [2026-09-08T00:57:16.813+0000] {dagbag.py:355} ERROR - Failed to import: /opt/airflow/dags/financial_pipeline_dag.py
Traceback (most recent call last):
  File "/home/airflow/.local/lib/python3.11/site-packages/airflow/models/dagbag.py", line 351, in parse
    loader.exec_module(new_module)
  File "<frozen importlib._bootstrap_external>", line 940, in exec_module
  File "<frozen importlib._bootstrap>", line 241, in _call_with_frames_removed
  File "/opt/airflow/dags/financial_pipeline_dag.py", line 115, in <module>
    dbt_stg_overview = make_dbt_group("dbt_stg_overview", "stg_overview")
                       ^^^^^^^^^^^^^^^^^^^^^^^^^^^^^^^^^^^^^^^^^^^^^^^^^^
  File "/opt/airflow/dags/financial_pipeline_dag.py", line 102, in make_dbt_group
    return DbtTaskGroup(
           ^^^^^^^^^^^^^
  File "/home/airflow/.local/lib/python3.11/site-packages/cosmos/airflow/task_group.py", line 28, in __init__
    DbtToAirflowConverter.__init__(self, *args, **specific_kwargs(**kwargs))
  File "/home/airflow/.local/lib/python3.11/site-packages/cosmos/converter.py", line 261, in __init__
    self.dbt_graph.load(method=render_config.load_method, execution_mode=execution_config.execution_mode)
  File "/home/airflow/.local/lib/python3.11/site-packages/cosmos/dbt/graph.py", line 440, in load
    load_method[method]()
  File "/home/airflow/.local/lib/python3.11/site-packages/cosmos/dbt/graph.py", line 748, in load_from_dbt_manifest
    config=node_dict["config"],
           ~~~~~~~~~^^^^^^^^^^
KeyError: 'config'
[2026-09-08T00:57:16.819+0000] {processor.py:842} WARNING - No viable dags retrieved from /opt/airflow/dags/financial_pipeline_dag.py
[2026-09-08T00:57:16.839+0000] {processor.py:183} INFO - Processing /opt/airflow/dags/financial_pipeline_dag.py took 0.188 seconds
[2026-09-08T00:57:31.466+0000] {processor.py:161} INFO - Started process (PID=181) to work on /opt/airflow/dags/financial_pipeline_dag.py
[2026-09-08T00:57:31.468+0000] {processor.py:830} INFO - Processing file /opt/airflow/dags/financial_pipeline_dag.py for tasks to queue
[2026-09-08T00:57:31.470+0000] {logging_mixin.py:188} INFO - [2026-09-08T00:57:31.469+0000] {dagbag.py:545} INFO - Filling up the DagBag from /opt/airflow/dags/financial_pipeline_dag.py
[2026-09-08T00:57:31.618+0000] {logging_mixin.py:188} INFO - [2026-09-08T00:57:31.618+0000] {graph.py:719} INFO - Trying to parse the dbt project `transformations` using a dbt manifest...
[2026-09-08T00:57:31.642+0000] {logging_mixin.py:188} INFO - [2026-09-08T00:57:31.636+0000] {dagbag.py:355} ERROR - Failed to import: /opt/airflow/dags/financial_pipeline_dag.py
Traceback (most recent call last):
  File "/home/airflow/.local/lib/python3.11/site-packages/airflow/models/dagbag.py", line 351, in parse
    loader.exec_module(new_module)
  File "<frozen importlib._bootstrap_external>", line 940, in exec_module
  File "<frozen importlib._bootstrap>", line 241, in _call_with_frames_removed
  File "/opt/airflow/dags/financial_pipeline_dag.py", line 115, in <module>
    dbt_stg_overview = make_dbt_group("dbt_stg_overview", "stg_overview")
                       ^^^^^^^^^^^^^^^^^^^^^^^^^^^^^^^^^^^^^^^^^^^^^^^^^^
  File "/opt/airflow/dags/financial_pipeline_dag.py", line 102, in make_dbt_group
    return DbtTaskGroup(
           ^^^^^^^^^^^^^
  File "/home/airflow/.local/lib/python3.11/site-packages/cosmos/airflow/task_group.py", line 28, in __init__
    DbtToAirflowConverter.__init__(self, *args, **specific_kwargs(**kwargs))
  File "/home/airflow/.local/lib/python3.11/site-packages/cosmos/converter.py", line 261, in __init__
    self.dbt_graph.load(method=render_config.load_method, execution_mode=execution_config.execution_mode)
  File "/home/airflow/.local/lib/python3.11/site-packages/cosmos/dbt/graph.py", line 440, in load
    load_method[method]()
  File "/home/airflow/.local/lib/python3.11/site-packages/cosmos/dbt/graph.py", line 748, in load_from_dbt_manifest
    config=node_dict["config"],
           ~~~~~~~~~^^^^^^^^^^
KeyError: 'config'
[2026-09-08T00:57:31.643+0000] {processor.py:842} WARNING - No viable dags retrieved from /opt/airflow/dags/financial_pipeline_dag.py
[2026-09-08T00:57:31.664+0000] {processor.py:183} INFO - Processing /opt/airflow/dags/financial_pipeline_dag.py took 0.207 seconds
[2026-09-08T00:57:45.812+0000] {processor.py:161} INFO - Started process (PID=187) to work on /opt/airflow/dags/financial_pipeline_dag.py
[2026-09-08T00:57:45.814+0000] {processor.py:830} INFO - Processing file /opt/airflow/dags/financial_pipeline_dag.py for tasks to queue
[2026-09-08T00:57:45.815+0000] {logging_mixin.py:188} INFO - [2026-09-08T00:57:45.815+0000] {dagbag.py:545} INFO - Filling up the DagBag from /opt/airflow/dags/financial_pipeline_dag.py
[2026-09-08T00:57:45.934+0000] {logging_mixin.py:188} INFO - [2026-09-08T00:57:45.934+0000] {graph.py:719} INFO - Trying to parse the dbt project `transformations` using a dbt manifest...
[2026-09-08T00:57:45.955+0000] {logging_mixin.py:188} INFO - [2026-09-08T00:57:45.951+0000] {dagbag.py:355} ERROR - Failed to import: /opt/airflow/dags/financial_pipeline_dag.py
Traceback (most recent call last):
  File "/home/airflow/.local/lib/python3.11/site-packages/airflow/models/dagbag.py", line 351, in parse
    loader.exec_module(new_module)
  File "<frozen importlib._bootstrap_external>", line 940, in exec_module
  File "<frozen importlib._bootstrap>", line 241, in _call_with_frames_removed
  File "/opt/airflow/dags/financial_pipeline_dag.py", line 115, in <module>
    dbt_stg_overview = make_dbt_group("dbt_stg_overview", "stg_overview")
                       ^^^^^^^^^^^^^^^^^^^^^^^^^^^^^^^^^^^^^^^^^^^^^^^^^^
  File "/opt/airflow/dags/financial_pipeline_dag.py", line 102, in make_dbt_group
    return DbtTaskGroup(
           ^^^^^^^^^^^^^
  File "/home/airflow/.local/lib/python3.11/site-packages/cosmos/airflow/task_group.py", line 28, in __init__
    DbtToAirflowConverter.__init__(self, *args, **specific_kwargs(**kwargs))
  File "/home/airflow/.local/lib/python3.11/site-packages/cosmos/converter.py", line 261, in __init__
    self.dbt_graph.load(method=render_config.load_method, execution_mode=execution_config.execution_mode)
  File "/home/airflow/.local/lib/python3.11/site-packages/cosmos/dbt/graph.py", line 440, in load
    load_method[method]()
  File "/home/airflow/.local/lib/python3.11/site-packages/cosmos/dbt/graph.py", line 748, in load_from_dbt_manifest
    config=node_dict["config"],
           ~~~~~~~~~^^^^^^^^^^
KeyError: 'config'
[2026-09-08T00:57:45.956+0000] {processor.py:842} WARNING - No viable dags retrieved from /opt/airflow/dags/financial_pipeline_dag.py
[2026-09-08T00:57:45.976+0000] {processor.py:183} INFO - Processing /opt/airflow/dags/financial_pipeline_dag.py took 0.173 seconds
[2026-09-08T00:58:00.366+0000] {processor.py:161} INFO - Started process (PID=180) to work on /opt/airflow/dags/financial_pipeline_dag.py
[2026-09-08T00:58:00.368+0000] {processor.py:830} INFO - Processing file /opt/airflow/dags/financial_pipeline_dag.py for tasks to queue
[2026-09-08T00:58:00.370+0000] {logging_mixin.py:188} INFO - [2026-09-08T00:58:00.369+0000] {dagbag.py:545} INFO - Filling up the DagBag from /opt/airflow/dags/financial_pipeline_dag.py
[2026-09-08T00:58:00.516+0000] {logging_mixin.py:188} INFO - [2026-09-08T00:58:00.515+0000] {graph.py:719} INFO - Trying to parse the dbt project `transformations` using a dbt manifest...
[2026-09-08T00:58:00.537+0000] {logging_mixin.py:188} INFO - [2026-09-08T00:58:00.533+0000] {dagbag.py:355} ERROR - Failed to import: /opt/airflow/dags/financial_pipeline_dag.py
Traceback (most recent call last):
  File "/home/airflow/.local/lib/python3.11/site-packages/airflow/models/dagbag.py", line 351, in parse
    loader.exec_module(new_module)
  File "<frozen importlib._bootstrap_external>", line 940, in exec_module
  File "<frozen importlib._bootstrap>", line 241, in _call_with_frames_removed
  File "/opt/airflow/dags/financial_pipeline_dag.py", line 115, in <module>
    dbt_stg_overview = make_dbt_group("dbt_stg_overview", "stg_overview")
                       ^^^^^^^^^^^^^^^^^^^^^^^^^^^^^^^^^^^^^^^^^^^^^^^^^^
  File "/opt/airflow/dags/financial_pipeline_dag.py", line 102, in make_dbt_group
    return DbtTaskGroup(
           ^^^^^^^^^^^^^
  File "/home/airflow/.local/lib/python3.11/site-packages/cosmos/airflow/task_group.py", line 28, in __init__
    DbtToAirflowConverter.__init__(self, *args, **specific_kwargs(**kwargs))
  File "/home/airflow/.local/lib/python3.11/site-packages/cosmos/converter.py", line 261, in __init__
    self.dbt_graph.load(method=render_config.load_method, execution_mode=execution_config.execution_mode)
  File "/home/airflow/.local/lib/python3.11/site-packages/cosmos/dbt/graph.py", line 440, in load
    load_method[method]()
  File "/home/airflow/.local/lib/python3.11/site-packages/cosmos/dbt/graph.py", line 748, in load_from_dbt_manifest
    config=node_dict["config"],
           ~~~~~~~~~^^^^^^^^^^
KeyError: 'config'
[2026-09-08T00:58:00.538+0000] {processor.py:842} WARNING - No viable dags retrieved from /opt/airflow/dags/financial_pipeline_dag.py
[2026-09-08T00:58:00.557+0000] {processor.py:183} INFO - Processing /opt/airflow/dags/financial_pipeline_dag.py took 0.197 seconds
[2026-09-08T00:58:14.495+0000] {processor.py:161} INFO - Started process (PID=180) to work on /opt/airflow/dags/financial_pipeline_dag.py
[2026-09-08T00:58:14.497+0000] {processor.py:830} INFO - Processing file /opt/airflow/dags/financial_pipeline_dag.py for tasks to queue
[2026-09-08T00:58:14.499+0000] {logging_mixin.py:188} INFO - [2026-09-08T00:58:14.498+0000] {dagbag.py:545} INFO - Filling up the DagBag from /opt/airflow/dags/financial_pipeline_dag.py
[2026-09-08T00:58:14.641+0000] {logging_mixin.py:188} INFO - [2026-09-08T00:58:14.640+0000] {graph.py:719} INFO - Trying to parse the dbt project `transformations` using a dbt manifest...
[2026-09-08T00:58:14.661+0000] {logging_mixin.py:188} INFO - [2026-09-08T00:58:14.657+0000] {dagbag.py:355} ERROR - Failed to import: /opt/airflow/dags/financial_pipeline_dag.py
Traceback (most recent call last):
  File "/home/airflow/.local/lib/python3.11/site-packages/airflow/models/dagbag.py", line 351, in parse
    loader.exec_module(new_module)
  File "<frozen importlib._bootstrap_external>", line 940, in exec_module
  File "<frozen importlib._bootstrap>", line 241, in _call_with_frames_removed
  File "/opt/airflow/dags/financial_pipeline_dag.py", line 115, in <module>
    dbt_stg_overview = make_dbt_group("dbt_stg_overview", "stg_overview")
                       ^^^^^^^^^^^^^^^^^^^^^^^^^^^^^^^^^^^^^^^^^^^^^^^^^^
  File "/opt/airflow/dags/financial_pipeline_dag.py", line 102, in make_dbt_group
    return DbtTaskGroup(
           ^^^^^^^^^^^^^
  File "/home/airflow/.local/lib/python3.11/site-packages/cosmos/airflow/task_group.py", line 28, in __init__
    DbtToAirflowConverter.__init__(self, *args, **specific_kwargs(**kwargs))
  File "/home/airflow/.local/lib/python3.11/site-packages/cosmos/converter.py", line 261, in __init__
    self.dbt_graph.load(method=render_config.load_method, execution_mode=execution_config.execution_mode)
  File "/home/airflow/.local/lib/python3.11/site-packages/cosmos/dbt/graph.py", line 440, in load
    load_method[method]()
  File "/home/airflow/.local/lib/python3.11/site-packages/cosmos/dbt/graph.py", line 748, in load_from_dbt_manifest
    config=node_dict["config"],
           ~~~~~~~~~^^^^^^^^^^
KeyError: 'config'
[2026-09-08T00:58:14.662+0000] {processor.py:842} WARNING - No viable dags retrieved from /opt/airflow/dags/financial_pipeline_dag.py
[2026-09-08T00:58:14.681+0000] {processor.py:183} INFO - Processing /opt/airflow/dags/financial_pipeline_dag.py took 0.196 seconds
[2026-09-08T00:58:29.105+0000] {processor.py:161} INFO - Started process (PID=180) to work on /opt/airflow/dags/financial_pipeline_dag.py
[2026-09-08T00:58:29.107+0000] {processor.py:830} INFO - Processing file /opt/airflow/dags/financial_pipeline_dag.py for tasks to queue
[2026-09-08T00:58:29.110+0000] {logging_mixin.py:188} INFO - [2026-09-08T00:58:29.109+0000] {dagbag.py:545} INFO - Filling up the DagBag from /opt/airflow/dags/financial_pipeline_dag.py
[2026-09-08T00:58:29.265+0000] {logging_mixin.py:188} INFO - [2026-09-08T00:58:29.264+0000] {graph.py:719} INFO - Trying to parse the dbt project `transformations` using a dbt manifest...
[2026-09-08T00:58:29.286+0000] {logging_mixin.py:188} INFO - [2026-09-08T00:58:29.282+0000] {dagbag.py:355} ERROR - Failed to import: /opt/airflow/dags/financial_pipeline_dag.py
Traceback (most recent call last):
  File "/home/airflow/.local/lib/python3.11/site-packages/airflow/models/dagbag.py", line 351, in parse
    loader.exec_module(new_module)
  File "<frozen importlib._bootstrap_external>", line 940, in exec_module
  File "<frozen importlib._bootstrap>", line 241, in _call_with_frames_removed
  File "/opt/airflow/dags/financial_pipeline_dag.py", line 115, in <module>
    dbt_stg_overview = make_dbt_group("dbt_stg_overview", "stg_overview")
                       ^^^^^^^^^^^^^^^^^^^^^^^^^^^^^^^^^^^^^^^^^^^^^^^^^^
  File "/opt/airflow/dags/financial_pipeline_dag.py", line 102, in make_dbt_group
    return DbtTaskGroup(
           ^^^^^^^^^^^^^
  File "/home/airflow/.local/lib/python3.11/site-packages/cosmos/airflow/task_group.py", line 28, in __init__
    DbtToAirflowConverter.__init__(self, *args, **specific_kwargs(**kwargs))
  File "/home/airflow/.local/lib/python3.11/site-packages/cosmos/converter.py", line 261, in __init__
    self.dbt_graph.load(method=render_config.load_method, execution_mode=execution_config.execution_mode)
  File "/home/airflow/.local/lib/python3.11/site-packages/cosmos/dbt/graph.py", line 440, in load
    load_method[method]()
  File "/home/airflow/.local/lib/python3.11/site-packages/cosmos/dbt/graph.py", line 748, in load_from_dbt_manifest
    config=node_dict["config"],
           ~~~~~~~~~^^^^^^^^^^
KeyError: 'config'
[2026-09-08T00:58:29.287+0000] {processor.py:842} WARNING - No viable dags retrieved from /opt/airflow/dags/financial_pipeline_dag.py
[2026-09-08T00:58:29.310+0000] {processor.py:183} INFO - Processing /opt/airflow/dags/financial_pipeline_dag.py took 0.214 seconds
[2026-09-08T00:58:43.542+0000] {processor.py:161} INFO - Started process (PID=180) to work on /opt/airflow/dags/financial_pipeline_dag.py
[2026-09-08T00:58:43.543+0000] {processor.py:830} INFO - Processing file /opt/airflow/dags/financial_pipeline_dag.py for tasks to queue
[2026-09-08T00:58:43.545+0000] {logging_mixin.py:188} INFO - [2026-09-08T00:58:43.545+0000] {dagbag.py:545} INFO - Filling up the DagBag from /opt/airflow/dags/financial_pipeline_dag.py
[2026-09-08T00:58:43.676+0000] {logging_mixin.py:188} INFO - [2026-09-08T00:58:43.676+0000] {graph.py:719} INFO - Trying to parse the dbt project `transformations` using a dbt manifest...
[2026-09-08T00:58:43.696+0000] {logging_mixin.py:188} INFO - [2026-09-08T00:58:43.693+0000] {dagbag.py:355} ERROR - Failed to import: /opt/airflow/dags/financial_pipeline_dag.py
Traceback (most recent call last):
  File "/home/airflow/.local/lib/python3.11/site-packages/airflow/models/dagbag.py", line 351, in parse
    loader.exec_module(new_module)
  File "<frozen importlib._bootstrap_external>", line 940, in exec_module
  File "<frozen importlib._bootstrap>", line 241, in _call_with_frames_removed
  File "/opt/airflow/dags/financial_pipeline_dag.py", line 115, in <module>
    dbt_stg_overview = make_dbt_group("dbt_stg_overview", "stg_overview")
                       ^^^^^^^^^^^^^^^^^^^^^^^^^^^^^^^^^^^^^^^^^^^^^^^^^^
  File "/opt/airflow/dags/financial_pipeline_dag.py", line 102, in make_dbt_group
    return DbtTaskGroup(
           ^^^^^^^^^^^^^
  File "/home/airflow/.local/lib/python3.11/site-packages/cosmos/airflow/task_group.py", line 28, in __init__
    DbtToAirflowConverter.__init__(self, *args, **specific_kwargs(**kwargs))
  File "/home/airflow/.local/lib/python3.11/site-packages/cosmos/converter.py", line 261, in __init__
    self.dbt_graph.load(method=render_config.load_method, execution_mode=execution_config.execution_mode)
  File "/home/airflow/.local/lib/python3.11/site-packages/cosmos/dbt/graph.py", line 440, in load
    load_method[method]()
  File "/home/airflow/.local/lib/python3.11/site-packages/cosmos/dbt/graph.py", line 748, in load_from_dbt_manifest
    config=node_dict["config"],
           ~~~~~~~~~^^^^^^^^^^
KeyError: 'config'
[2026-09-08T00:58:43.697+0000] {processor.py:842} WARNING - No viable dags retrieved from /opt/airflow/dags/financial_pipeline_dag.py
[2026-09-08T00:58:43.716+0000] {processor.py:183} INFO - Processing /opt/airflow/dags/financial_pipeline_dag.py took 0.184 seconds
[2026-09-08T00:58:58.005+0000] {processor.py:161} INFO - Started process (PID=180) to work on /opt/airflow/dags/financial_pipeline_dag.py
[2026-09-08T00:58:58.006+0000] {processor.py:830} INFO - Processing file /opt/airflow/dags/financial_pipeline_dag.py for tasks to queue
[2026-09-08T00:58:58.009+0000] {logging_mixin.py:188} INFO - [2026-09-08T00:58:58.008+0000] {dagbag.py:545} INFO - Filling up the DagBag from /opt/airflow/dags/financial_pipeline_dag.py
[2026-09-08T00:58:58.166+0000] {logging_mixin.py:188} INFO - [2026-09-08T00:58:58.165+0000] {graph.py:719} INFO - Trying to parse the dbt project `transformations` using a dbt manifest...
[2026-09-08T00:58:58.202+0000] {logging_mixin.py:188} INFO - [2026-09-08T00:58:58.196+0000] {dagbag.py:355} ERROR - Failed to import: /opt/airflow/dags/financial_pipeline_dag.py
Traceback (most recent call last):
  File "/home/airflow/.local/lib/python3.11/site-packages/airflow/models/dagbag.py", line 351, in parse
    loader.exec_module(new_module)
  File "<frozen importlib._bootstrap_external>", line 940, in exec_module
  File "<frozen importlib._bootstrap>", line 241, in _call_with_frames_removed
  File "/opt/airflow/dags/financial_pipeline_dag.py", line 115, in <module>
    dbt_stg_overview = make_dbt_group("dbt_stg_overview", "stg_overview")
                       ^^^^^^^^^^^^^^^^^^^^^^^^^^^^^^^^^^^^^^^^^^^^^^^^^^
  File "/opt/airflow/dags/financial_pipeline_dag.py", line 102, in make_dbt_group
    return DbtTaskGroup(
           ^^^^^^^^^^^^^
  File "/home/airflow/.local/lib/python3.11/site-packages/cosmos/airflow/task_group.py", line 28, in __init__
    DbtToAirflowConverter.__init__(self, *args, **specific_kwargs(**kwargs))
  File "/home/airflow/.local/lib/python3.11/site-packages/cosmos/converter.py", line 261, in __init__
    self.dbt_graph.load(method=render_config.load_method, execution_mode=execution_config.execution_mode)
  File "/home/airflow/.local/lib/python3.11/site-packages/cosmos/dbt/graph.py", line 440, in load
    load_method[method]()
  File "/home/airflow/.local/lib/python3.11/site-packages/cosmos/dbt/graph.py", line 748, in load_from_dbt_manifest
    config=node_dict["config"],
           ~~~~~~~~~^^^^^^^^^^
KeyError: 'config'
[2026-09-08T00:58:58.203+0000] {processor.py:842} WARNING - No viable dags retrieved from /opt/airflow/dags/financial_pipeline_dag.py
[2026-09-08T00:58:58.236+0000] {processor.py:183} INFO - Processing /opt/airflow/dags/financial_pipeline_dag.py took 0.237 seconds
[2026-09-08T00:59:11.850+0000] {processor.py:161} INFO - Started process (PID=180) to work on /opt/airflow/dags/financial_pipeline_dag.py
[2026-09-08T00:59:11.851+0000] {processor.py:830} INFO - Processing file /opt/airflow/dags/financial_pipeline_dag.py for tasks to queue
[2026-09-08T00:59:11.853+0000] {logging_mixin.py:188} INFO - [2026-09-08T00:59:11.852+0000] {dagbag.py:545} INFO - Filling up the DagBag from /opt/airflow/dags/financial_pipeline_dag.py
[2026-09-08T00:59:11.987+0000] {logging_mixin.py:188} INFO - [2026-09-08T00:59:11.987+0000] {graph.py:719} INFO - Trying to parse the dbt project `transformations` using a dbt manifest...
[2026-09-08T00:59:12.008+0000] {logging_mixin.py:188} INFO - [2026-09-08T00:59:12.004+0000] {dagbag.py:355} ERROR - Failed to import: /opt/airflow/dags/financial_pipeline_dag.py
Traceback (most recent call last):
  File "/home/airflow/.local/lib/python3.11/site-packages/airflow/models/dagbag.py", line 351, in parse
    loader.exec_module(new_module)
  File "<frozen importlib._bootstrap_external>", line 940, in exec_module
  File "<frozen importlib._bootstrap>", line 241, in _call_with_frames_removed
  File "/opt/airflow/dags/financial_pipeline_dag.py", line 115, in <module>
    dbt_stg_overview = make_dbt_group("dbt_stg_overview", "stg_overview")
                       ^^^^^^^^^^^^^^^^^^^^^^^^^^^^^^^^^^^^^^^^^^^^^^^^^^
  File "/opt/airflow/dags/financial_pipeline_dag.py", line 102, in make_dbt_group
    return DbtTaskGroup(
           ^^^^^^^^^^^^^
  File "/home/airflow/.local/lib/python3.11/site-packages/cosmos/airflow/task_group.py", line 28, in __init__
    DbtToAirflowConverter.__init__(self, *args, **specific_kwargs(**kwargs))
  File "/home/airflow/.local/lib/python3.11/site-packages/cosmos/converter.py", line 261, in __init__
    self.dbt_graph.load(method=render_config.load_method, execution_mode=execution_config.execution_mode)
  File "/home/airflow/.local/lib/python3.11/site-packages/cosmos/dbt/graph.py", line 440, in load
    load_method[method]()
  File "/home/airflow/.local/lib/python3.11/site-packages/cosmos/dbt/graph.py", line 748, in load_from_dbt_manifest
    config=node_dict["config"],
           ~~~~~~~~~^^^^^^^^^^
KeyError: 'config'
[2026-09-08T00:59:12.010+0000] {processor.py:842} WARNING - No viable dags retrieved from /opt/airflow/dags/financial_pipeline_dag.py
[2026-09-08T00:59:12.030+0000] {processor.py:183} INFO - Processing /opt/airflow/dags/financial_pipeline_dag.py took 0.187 seconds
[2026-09-08T00:59:26.429+0000] {processor.py:161} INFO - Started process (PID=180) to work on /opt/airflow/dags/financial_pipeline_dag.py
[2026-09-08T00:59:26.438+0000] {processor.py:830} INFO - Processing file /opt/airflow/dags/financial_pipeline_dag.py for tasks to queue
[2026-09-08T00:59:26.440+0000] {logging_mixin.py:188} INFO - [2026-09-08T00:59:26.440+0000] {dagbag.py:545} INFO - Filling up the DagBag from /opt/airflow/dags/financial_pipeline_dag.py
[2026-09-08T00:59:26.599+0000] {logging_mixin.py:188} INFO - [2026-09-08T00:59:26.599+0000] {graph.py:719} INFO - Trying to parse the dbt project `transformations` using a dbt manifest...
[2026-09-08T00:59:26.623+0000] {logging_mixin.py:188} INFO - [2026-09-08T00:59:26.617+0000] {dagbag.py:355} ERROR - Failed to import: /opt/airflow/dags/financial_pipeline_dag.py
Traceback (most recent call last):
  File "/home/airflow/.local/lib/python3.11/site-packages/airflow/models/dagbag.py", line 351, in parse
    loader.exec_module(new_module)
  File "<frozen importlib._bootstrap_external>", line 940, in exec_module
  File "<frozen importlib._bootstrap>", line 241, in _call_with_frames_removed
  File "/opt/airflow/dags/financial_pipeline_dag.py", line 115, in <module>
    dbt_stg_overview = make_dbt_group("dbt_stg_overview", "stg_overview")
                       ^^^^^^^^^^^^^^^^^^^^^^^^^^^^^^^^^^^^^^^^^^^^^^^^^^
  File "/opt/airflow/dags/financial_pipeline_dag.py", line 102, in make_dbt_group
    return DbtTaskGroup(
           ^^^^^^^^^^^^^
  File "/home/airflow/.local/lib/python3.11/site-packages/cosmos/airflow/task_group.py", line 28, in __init__
    DbtToAirflowConverter.__init__(self, *args, **specific_kwargs(**kwargs))
  File "/home/airflow/.local/lib/python3.11/site-packages/cosmos/converter.py", line 261, in __init__
    self.dbt_graph.load(method=render_config.load_method, execution_mode=execution_config.execution_mode)
  File "/home/airflow/.local/lib/python3.11/site-packages/cosmos/dbt/graph.py", line 440, in load
    load_method[method]()
  File "/home/airflow/.local/lib/python3.11/site-packages/cosmos/dbt/graph.py", line 748, in load_from_dbt_manifest
    config=node_dict["config"],
           ~~~~~~~~~^^^^^^^^^^
KeyError: 'config'
[2026-09-08T00:59:26.624+0000] {processor.py:842} WARNING - No viable dags retrieved from /opt/airflow/dags/financial_pipeline_dag.py
[2026-09-08T00:59:26.644+0000] {processor.py:183} INFO - Processing /opt/airflow/dags/financial_pipeline_dag.py took 0.225 seconds
[2026-09-08T00:59:41.946+0000] {processor.py:161} INFO - Started process (PID=180) to work on /opt/airflow/dags/financial_pipeline_dag.py
[2026-09-08T00:59:41.947+0000] {processor.py:830} INFO - Processing file /opt/airflow/dags/financial_pipeline_dag.py for tasks to queue
[2026-09-08T00:59:41.954+0000] {logging_mixin.py:188} INFO - [2026-09-08T00:59:41.954+0000] {dagbag.py:545} INFO - Filling up the DagBag from /opt/airflow/dags/financial_pipeline_dag.py
[2026-09-08T00:59:42.172+0000] {logging_mixin.py:188} INFO - [2026-09-08T00:59:42.172+0000] {graph.py:719} INFO - Trying to parse the dbt project `transformations` using a dbt manifest...
[2026-09-08T00:59:42.200+0000] {logging_mixin.py:188} INFO - [2026-09-08T00:59:42.195+0000] {dagbag.py:355} ERROR - Failed to import: /opt/airflow/dags/financial_pipeline_dag.py
Traceback (most recent call last):
  File "/home/airflow/.local/lib/python3.11/site-packages/airflow/models/dagbag.py", line 351, in parse
    loader.exec_module(new_module)
  File "<frozen importlib._bootstrap_external>", line 940, in exec_module
  File "<frozen importlib._bootstrap>", line 241, in _call_with_frames_removed
  File "/opt/airflow/dags/financial_pipeline_dag.py", line 115, in <module>
    dbt_stg_overview = make_dbt_group("dbt_stg_overview", "stg_overview")
                       ^^^^^^^^^^^^^^^^^^^^^^^^^^^^^^^^^^^^^^^^^^^^^^^^^^
  File "/opt/airflow/dags/financial_pipeline_dag.py", line 102, in make_dbt_group
    return DbtTaskGroup(
           ^^^^^^^^^^^^^
  File "/home/airflow/.local/lib/python3.11/site-packages/cosmos/airflow/task_group.py", line 28, in __init__
    DbtToAirflowConverter.__init__(self, *args, **specific_kwargs(**kwargs))
  File "/home/airflow/.local/lib/python3.11/site-packages/cosmos/converter.py", line 261, in __init__
    self.dbt_graph.load(method=render_config.load_method, execution_mode=execution_config.execution_mode)
  File "/home/airflow/.local/lib/python3.11/site-packages/cosmos/dbt/graph.py", line 440, in load
    load_method[method]()
  File "/home/airflow/.local/lib/python3.11/site-packages/cosmos/dbt/graph.py", line 748, in load_from_dbt_manifest
    config=node_dict["config"],
           ~~~~~~~~~^^^^^^^^^^
KeyError: 'config'
[2026-09-08T00:59:42.203+0000] {processor.py:842} WARNING - No viable dags retrieved from /opt/airflow/dags/financial_pipeline_dag.py
[2026-09-08T00:59:42.233+0000] {processor.py:183} INFO - Processing /opt/airflow/dags/financial_pipeline_dag.py took 0.307 seconds
[2026-09-08T00:59:57.107+0000] {processor.py:161} INFO - Started process (PID=180) to work on /opt/airflow/dags/financial_pipeline_dag.py
[2026-09-08T00:59:57.108+0000] {processor.py:830} INFO - Processing file /opt/airflow/dags/financial_pipeline_dag.py for tasks to queue
[2026-09-08T00:59:57.110+0000] {logging_mixin.py:188} INFO - [2026-09-08T00:59:57.109+0000] {dagbag.py:545} INFO - Filling up the DagBag from /opt/airflow/dags/financial_pipeline_dag.py
[2026-09-08T00:59:57.272+0000] {logging_mixin.py:188} INFO - [2026-09-08T00:59:57.272+0000] {graph.py:719} INFO - Trying to parse the dbt project `transformations` using a dbt manifest...
[2026-09-08T00:59:57.297+0000] {logging_mixin.py:188} INFO - [2026-09-08T00:59:57.292+0000] {dagbag.py:355} ERROR - Failed to import: /opt/airflow/dags/financial_pipeline_dag.py
Traceback (most recent call last):
  File "/home/airflow/.local/lib/python3.11/site-packages/airflow/models/dagbag.py", line 351, in parse
    loader.exec_module(new_module)
  File "<frozen importlib._bootstrap_external>", line 940, in exec_module
  File "<frozen importlib._bootstrap>", line 241, in _call_with_frames_removed
  File "/opt/airflow/dags/financial_pipeline_dag.py", line 115, in <module>
    dbt_stg_overview = make_dbt_group("dbt_stg_overview", "stg_overview")
                       ^^^^^^^^^^^^^^^^^^^^^^^^^^^^^^^^^^^^^^^^^^^^^^^^^^
  File "/opt/airflow/dags/financial_pipeline_dag.py", line 102, in make_dbt_group
    return DbtTaskGroup(
           ^^^^^^^^^^^^^
  File "/home/airflow/.local/lib/python3.11/site-packages/cosmos/airflow/task_group.py", line 28, in __init__
    DbtToAirflowConverter.__init__(self, *args, **specific_kwargs(**kwargs))
  File "/home/airflow/.local/lib/python3.11/site-packages/cosmos/converter.py", line 261, in __init__
    self.dbt_graph.load(method=render_config.load_method, execution_mode=execution_config.execution_mode)
  File "/home/airflow/.local/lib/python3.11/site-packages/cosmos/dbt/graph.py", line 440, in load
    load_method[method]()
  File "/home/airflow/.local/lib/python3.11/site-packages/cosmos/dbt/graph.py", line 748, in load_from_dbt_manifest
    config=node_dict["config"],
           ~~~~~~~~~^^^^^^^^^^
KeyError: 'config'
[2026-09-08T00:59:57.298+0000] {processor.py:842} WARNING - No viable dags retrieved from /opt/airflow/dags/financial_pipeline_dag.py
[2026-09-08T00:59:57.320+0000] {processor.py:183} INFO - Processing /opt/airflow/dags/financial_pipeline_dag.py took 0.223 seconds
[2026-09-08T01:00:11.578+0000] {processor.py:161} INFO - Started process (PID=181) to work on /opt/airflow/dags/financial_pipeline_dag.py
[2026-09-08T01:00:11.579+0000] {processor.py:830} INFO - Processing file /opt/airflow/dags/financial_pipeline_dag.py for tasks to queue
[2026-09-08T01:00:11.581+0000] {logging_mixin.py:188} INFO - [2026-09-08T01:00:11.581+0000] {dagbag.py:545} INFO - Filling up the DagBag from /opt/airflow/dags/financial_pipeline_dag.py
[2026-09-08T01:00:11.709+0000] {logging_mixin.py:188} INFO - [2026-09-08T01:00:11.709+0000] {graph.py:719} INFO - Trying to parse the dbt project `transformations` using a dbt manifest...
[2026-09-08T01:00:11.728+0000] {logging_mixin.py:188} INFO - [2026-09-08T01:00:11.725+0000] {dagbag.py:355} ERROR - Failed to import: /opt/airflow/dags/financial_pipeline_dag.py
Traceback (most recent call last):
  File "/home/airflow/.local/lib/python3.11/site-packages/airflow/models/dagbag.py", line 351, in parse
    loader.exec_module(new_module)
  File "<frozen importlib._bootstrap_external>", line 940, in exec_module
  File "<frozen importlib._bootstrap>", line 241, in _call_with_frames_removed
  File "/opt/airflow/dags/financial_pipeline_dag.py", line 115, in <module>
    dbt_stg_overview = make_dbt_group("dbt_stg_overview", "stg_overview")
                       ^^^^^^^^^^^^^^^^^^^^^^^^^^^^^^^^^^^^^^^^^^^^^^^^^^
  File "/opt/airflow/dags/financial_pipeline_dag.py", line 102, in make_dbt_group
    return DbtTaskGroup(
           ^^^^^^^^^^^^^
  File "/home/airflow/.local/lib/python3.11/site-packages/cosmos/airflow/task_group.py", line 28, in __init__
    DbtToAirflowConverter.__init__(self, *args, **specific_kwargs(**kwargs))
  File "/home/airflow/.local/lib/python3.11/site-packages/cosmos/converter.py", line 261, in __init__
    self.dbt_graph.load(method=render_config.load_method, execution_mode=execution_config.execution_mode)
  File "/home/airflow/.local/lib/python3.11/site-packages/cosmos/dbt/graph.py", line 440, in load
    load_method[method]()
  File "/home/airflow/.local/lib/python3.11/site-packages/cosmos/dbt/graph.py", line 748, in load_from_dbt_manifest
    config=node_dict["config"],
           ~~~~~~~~~^^^^^^^^^^
KeyError: 'config'
[2026-09-08T01:00:11.729+0000] {processor.py:842} WARNING - No viable dags retrieved from /opt/airflow/dags/financial_pipeline_dag.py
[2026-09-08T01:00:11.748+0000] {processor.py:183} INFO - Processing /opt/airflow/dags/financial_pipeline_dag.py took 0.179 seconds
[2026-09-08T01:00:26.838+0000] {processor.py:161} INFO - Started process (PID=180) to work on /opt/airflow/dags/financial_pipeline_dag.py
[2026-09-08T01:00:26.840+0000] {processor.py:830} INFO - Processing file /opt/airflow/dags/financial_pipeline_dag.py for tasks to queue
[2026-09-08T01:00:26.842+0000] {logging_mixin.py:188} INFO - [2026-09-08T01:00:26.842+0000] {dagbag.py:545} INFO - Filling up the DagBag from /opt/airflow/dags/financial_pipeline_dag.py
[2026-09-08T01:00:26.983+0000] {logging_mixin.py:188} INFO - [2026-09-08T01:00:26.982+0000] {graph.py:719} INFO - Trying to parse the dbt project `transformations` using a dbt manifest...
[2026-09-08T01:00:27.004+0000] {logging_mixin.py:188} INFO - [2026-09-08T01:00:27.000+0000] {dagbag.py:355} ERROR - Failed to import: /opt/airflow/dags/financial_pipeline_dag.py
Traceback (most recent call last):
  File "/home/airflow/.local/lib/python3.11/site-packages/airflow/models/dagbag.py", line 351, in parse
    loader.exec_module(new_module)
  File "<frozen importlib._bootstrap_external>", line 940, in exec_module
  File "<frozen importlib._bootstrap>", line 241, in _call_with_frames_removed
  File "/opt/airflow/dags/financial_pipeline_dag.py", line 115, in <module>
    dbt_stg_overview = make_dbt_group("dbt_stg_overview", "stg_overview")
                       ^^^^^^^^^^^^^^^^^^^^^^^^^^^^^^^^^^^^^^^^^^^^^^^^^^
  File "/opt/airflow/dags/financial_pipeline_dag.py", line 102, in make_dbt_group
    return DbtTaskGroup(
           ^^^^^^^^^^^^^
  File "/home/airflow/.local/lib/python3.11/site-packages/cosmos/airflow/task_group.py", line 28, in __init__
    DbtToAirflowConverter.__init__(self, *args, **specific_kwargs(**kwargs))
  File "/home/airflow/.local/lib/python3.11/site-packages/cosmos/converter.py", line 261, in __init__
    self.dbt_graph.load(method=render_config.load_method, execution_mode=execution_config.execution_mode)
  File "/home/airflow/.local/lib/python3.11/site-packages/cosmos/dbt/graph.py", line 440, in load
    load_method[method]()
  File "/home/airflow/.local/lib/python3.11/site-packages/cosmos/dbt/graph.py", line 748, in load_from_dbt_manifest
    config=node_dict["config"],
           ~~~~~~~~~^^^^^^^^^^
KeyError: 'config'
[2026-09-08T01:00:27.006+0000] {processor.py:842} WARNING - No viable dags retrieved from /opt/airflow/dags/financial_pipeline_dag.py
[2026-09-08T01:00:27.025+0000] {processor.py:183} INFO - Processing /opt/airflow/dags/financial_pipeline_dag.py took 0.197 seconds
[2026-09-08T01:00:42.134+0000] {processor.py:161} INFO - Started process (PID=180) to work on /opt/airflow/dags/financial_pipeline_dag.py
[2026-09-08T01:00:42.135+0000] {processor.py:830} INFO - Processing file /opt/airflow/dags/financial_pipeline_dag.py for tasks to queue
[2026-09-08T01:00:42.139+0000] {logging_mixin.py:188} INFO - [2026-09-08T01:00:42.138+0000] {dagbag.py:545} INFO - Filling up the DagBag from /opt/airflow/dags/financial_pipeline_dag.py
[2026-09-08T01:00:42.350+0000] {logging_mixin.py:188} INFO - [2026-09-08T01:00:42.349+0000] {graph.py:719} INFO - Trying to parse the dbt project `transformations` using a dbt manifest...
[2026-09-08T01:00:42.376+0000] {logging_mixin.py:188} INFO - [2026-09-08T01:00:42.370+0000] {dagbag.py:355} ERROR - Failed to import: /opt/airflow/dags/financial_pipeline_dag.py
Traceback (most recent call last):
  File "/home/airflow/.local/lib/python3.11/site-packages/airflow/models/dagbag.py", line 351, in parse
    loader.exec_module(new_module)
  File "<frozen importlib._bootstrap_external>", line 940, in exec_module
  File "<frozen importlib._bootstrap>", line 241, in _call_with_frames_removed
  File "/opt/airflow/dags/financial_pipeline_dag.py", line 115, in <module>
    dbt_stg_overview = make_dbt_group("dbt_stg_overview", "stg_overview")
                       ^^^^^^^^^^^^^^^^^^^^^^^^^^^^^^^^^^^^^^^^^^^^^^^^^^
  File "/opt/airflow/dags/financial_pipeline_dag.py", line 102, in make_dbt_group
    return DbtTaskGroup(
           ^^^^^^^^^^^^^
  File "/home/airflow/.local/lib/python3.11/site-packages/cosmos/airflow/task_group.py", line 28, in __init__
    DbtToAirflowConverter.__init__(self, *args, **specific_kwargs(**kwargs))
  File "/home/airflow/.local/lib/python3.11/site-packages/cosmos/converter.py", line 261, in __init__
    self.dbt_graph.load(method=render_config.load_method, execution_mode=execution_config.execution_mode)
  File "/home/airflow/.local/lib/python3.11/site-packages/cosmos/dbt/graph.py", line 440, in load
    load_method[method]()
  File "/home/airflow/.local/lib/python3.11/site-packages/cosmos/dbt/graph.py", line 748, in load_from_dbt_manifest
    config=node_dict["config"],
           ~~~~~~~~~^^^^^^^^^^
KeyError: 'config'
[2026-09-08T01:00:42.378+0000] {processor.py:842} WARNING - No viable dags retrieved from /opt/airflow/dags/financial_pipeline_dag.py
[2026-09-08T01:00:42.402+0000] {processor.py:183} INFO - Processing /opt/airflow/dags/financial_pipeline_dag.py took 0.280 seconds
[2026-09-08T01:00:57.226+0000] {processor.py:161} INFO - Started process (PID=180) to work on /opt/airflow/dags/financial_pipeline_dag.py
[2026-09-08T01:00:57.227+0000] {processor.py:830} INFO - Processing file /opt/airflow/dags/financial_pipeline_dag.py for tasks to queue
[2026-09-08T01:00:57.230+0000] {logging_mixin.py:188} INFO - [2026-09-08T01:00:57.229+0000] {dagbag.py:545} INFO - Filling up the DagBag from /opt/airflow/dags/financial_pipeline_dag.py
[2026-09-08T01:00:57.409+0000] {logging_mixin.py:188} INFO - [2026-09-08T01:00:57.408+0000] {graph.py:719} INFO - Trying to parse the dbt project `transformations` using a dbt manifest...
[2026-09-08T01:00:57.448+0000] {logging_mixin.py:188} INFO - [2026-09-08T01:00:57.441+0000] {dagbag.py:355} ERROR - Failed to import: /opt/airflow/dags/financial_pipeline_dag.py
Traceback (most recent call last):
  File "/home/airflow/.local/lib/python3.11/site-packages/airflow/models/dagbag.py", line 351, in parse
    loader.exec_module(new_module)
  File "<frozen importlib._bootstrap_external>", line 940, in exec_module
  File "<frozen importlib._bootstrap>", line 241, in _call_with_frames_removed
  File "/opt/airflow/dags/financial_pipeline_dag.py", line 115, in <module>
    dbt_stg_overview = make_dbt_group("dbt_stg_overview", "stg_overview")
                       ^^^^^^^^^^^^^^^^^^^^^^^^^^^^^^^^^^^^^^^^^^^^^^^^^^
  File "/opt/airflow/dags/financial_pipeline_dag.py", line 102, in make_dbt_group
    return DbtTaskGroup(
           ^^^^^^^^^^^^^
  File "/home/airflow/.local/lib/python3.11/site-packages/cosmos/airflow/task_group.py", line 28, in __init__
    DbtToAirflowConverter.__init__(self, *args, **specific_kwargs(**kwargs))
  File "/home/airflow/.local/lib/python3.11/site-packages/cosmos/converter.py", line 261, in __init__
    self.dbt_graph.load(method=render_config.load_method, execution_mode=execution_config.execution_mode)
  File "/home/airflow/.local/lib/python3.11/site-packages/cosmos/dbt/graph.py", line 440, in load
    load_method[method]()
  File "/home/airflow/.local/lib/python3.11/site-packages/cosmos/dbt/graph.py", line 748, in load_from_dbt_manifest
    config=node_dict["config"],
           ~~~~~~~~~^^^^^^^^^^
KeyError: 'config'
[2026-09-08T01:00:57.450+0000] {processor.py:842} WARNING - No viable dags retrieved from /opt/airflow/dags/financial_pipeline_dag.py
[2026-09-08T01:00:57.485+0000] {processor.py:183} INFO - Processing /opt/airflow/dags/financial_pipeline_dag.py took 0.271 seconds
[2026-09-08T01:01:11.895+0000] {processor.py:161} INFO - Started process (PID=180) to work on /opt/airflow/dags/financial_pipeline_dag.py
[2026-09-08T01:01:11.897+0000] {processor.py:830} INFO - Processing file /opt/airflow/dags/financial_pipeline_dag.py for tasks to queue
[2026-09-08T01:01:11.899+0000] {logging_mixin.py:188} INFO - [2026-09-08T01:01:11.898+0000] {dagbag.py:545} INFO - Filling up the DagBag from /opt/airflow/dags/financial_pipeline_dag.py
[2026-09-08T01:01:12.045+0000] {logging_mixin.py:188} INFO - [2026-09-08T01:01:12.045+0000] {graph.py:719} INFO - Trying to parse the dbt project `transformations` using a dbt manifest...
[2026-09-08T01:01:12.068+0000] {logging_mixin.py:188} INFO - [2026-09-08T01:01:12.063+0000] {dagbag.py:355} ERROR - Failed to import: /opt/airflow/dags/financial_pipeline_dag.py
Traceback (most recent call last):
  File "/home/airflow/.local/lib/python3.11/site-packages/airflow/models/dagbag.py", line 351, in parse
    loader.exec_module(new_module)
  File "<frozen importlib._bootstrap_external>", line 940, in exec_module
  File "<frozen importlib._bootstrap>", line 241, in _call_with_frames_removed
  File "/opt/airflow/dags/financial_pipeline_dag.py", line 115, in <module>
    dbt_stg_overview = make_dbt_group("dbt_stg_overview", "stg_overview")
                       ^^^^^^^^^^^^^^^^^^^^^^^^^^^^^^^^^^^^^^^^^^^^^^^^^^
  File "/opt/airflow/dags/financial_pipeline_dag.py", line 102, in make_dbt_group
    return DbtTaskGroup(
           ^^^^^^^^^^^^^
  File "/home/airflow/.local/lib/python3.11/site-packages/cosmos/airflow/task_group.py", line 28, in __init__
    DbtToAirflowConverter.__init__(self, *args, **specific_kwargs(**kwargs))
  File "/home/airflow/.local/lib/python3.11/site-packages/cosmos/converter.py", line 261, in __init__
    self.dbt_graph.load(method=render_config.load_method, execution_mode=execution_config.execution_mode)
  File "/home/airflow/.local/lib/python3.11/site-packages/cosmos/dbt/graph.py", line 440, in load
    load_method[method]()
  File "/home/airflow/.local/lib/python3.11/site-packages/cosmos/dbt/graph.py", line 748, in load_from_dbt_manifest
    config=node_dict["config"],
           ~~~~~~~~~^^^^^^^^^^
KeyError: 'config'
[2026-09-08T01:01:12.069+0000] {processor.py:842} WARNING - No viable dags retrieved from /opt/airflow/dags/financial_pipeline_dag.py
[2026-09-08T01:01:12.096+0000] {processor.py:183} INFO - Processing /opt/airflow/dags/financial_pipeline_dag.py took 0.208 seconds
[2026-09-08T01:01:26.808+0000] {processor.py:161} INFO - Started process (PID=181) to work on /opt/airflow/dags/financial_pipeline_dag.py
[2026-09-08T01:01:26.810+0000] {processor.py:830} INFO - Processing file /opt/airflow/dags/financial_pipeline_dag.py for tasks to queue
[2026-09-08T01:01:26.815+0000] {logging_mixin.py:188} INFO - [2026-09-08T01:01:26.814+0000] {dagbag.py:545} INFO - Filling up the DagBag from /opt/airflow/dags/financial_pipeline_dag.py
[2026-09-08T01:01:26.958+0000] {logging_mixin.py:188} INFO - [2026-09-08T01:01:26.958+0000] {graph.py:719} INFO - Trying to parse the dbt project `transformations` using a dbt manifest...
[2026-09-08T01:01:26.980+0000] {logging_mixin.py:188} INFO - [2026-09-08T01:01:26.976+0000] {dagbag.py:355} ERROR - Failed to import: /opt/airflow/dags/financial_pipeline_dag.py
Traceback (most recent call last):
  File "/home/airflow/.local/lib/python3.11/site-packages/airflow/models/dagbag.py", line 351, in parse
    loader.exec_module(new_module)
  File "<frozen importlib._bootstrap_external>", line 940, in exec_module
  File "<frozen importlib._bootstrap>", line 241, in _call_with_frames_removed
  File "/opt/airflow/dags/financial_pipeline_dag.py", line 115, in <module>
    dbt_stg_overview = make_dbt_group("dbt_stg_overview", "stg_overview")
                       ^^^^^^^^^^^^^^^^^^^^^^^^^^^^^^^^^^^^^^^^^^^^^^^^^^
  File "/opt/airflow/dags/financial_pipeline_dag.py", line 102, in make_dbt_group
    return DbtTaskGroup(
           ^^^^^^^^^^^^^
  File "/home/airflow/.local/lib/python3.11/site-packages/cosmos/airflow/task_group.py", line 28, in __init__
    DbtToAirflowConverter.__init__(self, *args, **specific_kwargs(**kwargs))
  File "/home/airflow/.local/lib/python3.11/site-packages/cosmos/converter.py", line 261, in __init__
    self.dbt_graph.load(method=render_config.load_method, execution_mode=execution_config.execution_mode)
  File "/home/airflow/.local/lib/python3.11/site-packages/cosmos/dbt/graph.py", line 440, in load
    load_method[method]()
  File "/home/airflow/.local/lib/python3.11/site-packages/cosmos/dbt/graph.py", line 748, in load_from_dbt_manifest
    config=node_dict["config"],
           ~~~~~~~~~^^^^^^^^^^
KeyError: 'config'
[2026-09-08T01:01:26.982+0000] {processor.py:842} WARNING - No viable dags retrieved from /opt/airflow/dags/financial_pipeline_dag.py
[2026-09-08T01:01:27.002+0000] {processor.py:183} INFO - Processing /opt/airflow/dags/financial_pipeline_dag.py took 0.203 seconds
[2026-09-08T01:01:41.509+0000] {processor.py:161} INFO - Started process (PID=180) to work on /opt/airflow/dags/financial_pipeline_dag.py
[2026-09-08T01:01:41.511+0000] {processor.py:830} INFO - Processing file /opt/airflow/dags/financial_pipeline_dag.py for tasks to queue
[2026-09-08T01:01:41.515+0000] {logging_mixin.py:188} INFO - [2026-09-08T01:01:41.514+0000] {dagbag.py:545} INFO - Filling up the DagBag from /opt/airflow/dags/financial_pipeline_dag.py
[2026-09-08T01:01:41.659+0000] {logging_mixin.py:188} INFO - [2026-09-08T01:01:41.658+0000] {graph.py:719} INFO - Trying to parse the dbt project `transformations` using a dbt manifest...
[2026-09-08T01:01:41.681+0000] {logging_mixin.py:188} INFO - [2026-09-08T01:01:41.678+0000] {dagbag.py:355} ERROR - Failed to import: /opt/airflow/dags/financial_pipeline_dag.py
Traceback (most recent call last):
  File "/home/airflow/.local/lib/python3.11/site-packages/airflow/models/dagbag.py", line 351, in parse
    loader.exec_module(new_module)
  File "<frozen importlib._bootstrap_external>", line 940, in exec_module
  File "<frozen importlib._bootstrap>", line 241, in _call_with_frames_removed
  File "/opt/airflow/dags/financial_pipeline_dag.py", line 115, in <module>
    dbt_stg_overview = make_dbt_group("dbt_stg_overview", "stg_overview")
                       ^^^^^^^^^^^^^^^^^^^^^^^^^^^^^^^^^^^^^^^^^^^^^^^^^^
  File "/opt/airflow/dags/financial_pipeline_dag.py", line 102, in make_dbt_group
    return DbtTaskGroup(
           ^^^^^^^^^^^^^
  File "/home/airflow/.local/lib/python3.11/site-packages/cosmos/airflow/task_group.py", line 28, in __init__
    DbtToAirflowConverter.__init__(self, *args, **specific_kwargs(**kwargs))
  File "/home/airflow/.local/lib/python3.11/site-packages/cosmos/converter.py", line 261, in __init__
    self.dbt_graph.load(method=render_config.load_method, execution_mode=execution_config.execution_mode)
  File "/home/airflow/.local/lib/python3.11/site-packages/cosmos/dbt/graph.py", line 440, in load
    load_method[method]()
  File "/home/airflow/.local/lib/python3.11/site-packages/cosmos/dbt/graph.py", line 748, in load_from_dbt_manifest
    config=node_dict["config"],
           ~~~~~~~~~^^^^^^^^^^
KeyError: 'config'
[2026-09-08T01:01:41.682+0000] {processor.py:842} WARNING - No viable dags retrieved from /opt/airflow/dags/financial_pipeline_dag.py
[2026-09-08T01:01:41.701+0000] {processor.py:183} INFO - Processing /opt/airflow/dags/financial_pipeline_dag.py took 0.202 seconds
[2026-09-08T01:01:56.748+0000] {processor.py:161} INFO - Started process (PID=182) to work on /opt/airflow/dags/financial_pipeline_dag.py
[2026-09-08T01:01:56.748+0000] {processor.py:830} INFO - Processing file /opt/airflow/dags/financial_pipeline_dag.py for tasks to queue
[2026-09-08T01:01:56.750+0000] {logging_mixin.py:188} INFO - [2026-09-08T01:01:56.750+0000] {dagbag.py:545} INFO - Filling up the DagBag from /opt/airflow/dags/financial_pipeline_dag.py
[2026-09-08T01:01:56.888+0000] {logging_mixin.py:188} INFO - [2026-09-08T01:01:56.888+0000] {graph.py:719} INFO - Trying to parse the dbt project `transformations` using a dbt manifest...
[2026-09-08T01:01:56.910+0000] {logging_mixin.py:188} INFO - [2026-09-08T01:01:56.905+0000] {dagbag.py:355} ERROR - Failed to import: /opt/airflow/dags/financial_pipeline_dag.py
Traceback (most recent call last):
  File "/home/airflow/.local/lib/python3.11/site-packages/airflow/models/dagbag.py", line 351, in parse
    loader.exec_module(new_module)
  File "<frozen importlib._bootstrap_external>", line 940, in exec_module
  File "<frozen importlib._bootstrap>", line 241, in _call_with_frames_removed
  File "/opt/airflow/dags/financial_pipeline_dag.py", line 115, in <module>
    dbt_stg_overview = make_dbt_group("dbt_stg_overview", "stg_overview")
                       ^^^^^^^^^^^^^^^^^^^^^^^^^^^^^^^^^^^^^^^^^^^^^^^^^^
  File "/opt/airflow/dags/financial_pipeline_dag.py", line 102, in make_dbt_group
    return DbtTaskGroup(
           ^^^^^^^^^^^^^
  File "/home/airflow/.local/lib/python3.11/site-packages/cosmos/airflow/task_group.py", line 28, in __init__
    DbtToAirflowConverter.__init__(self, *args, **specific_kwargs(**kwargs))
  File "/home/airflow/.local/lib/python3.11/site-packages/cosmos/converter.py", line 261, in __init__
    self.dbt_graph.load(method=render_config.load_method, execution_mode=execution_config.execution_mode)
  File "/home/airflow/.local/lib/python3.11/site-packages/cosmos/dbt/graph.py", line 440, in load
    load_method[method]()
  File "/home/airflow/.local/lib/python3.11/site-packages/cosmos/dbt/graph.py", line 748, in load_from_dbt_manifest
    config=node_dict["config"],
           ~~~~~~~~~^^^^^^^^^^
KeyError: 'config'
[2026-09-08T01:01:56.911+0000] {processor.py:842} WARNING - No viable dags retrieved from /opt/airflow/dags/financial_pipeline_dag.py
[2026-09-08T01:01:56.930+0000] {processor.py:183} INFO - Processing /opt/airflow/dags/financial_pipeline_dag.py took 0.190 seconds
[2026-09-08T01:02:11.941+0000] {processor.py:161} INFO - Started process (PID=180) to work on /opt/airflow/dags/financial_pipeline_dag.py
[2026-09-08T01:02:11.942+0000] {processor.py:830} INFO - Processing file /opt/airflow/dags/financial_pipeline_dag.py for tasks to queue
[2026-09-08T01:02:11.944+0000] {logging_mixin.py:188} INFO - [2026-09-08T01:02:11.944+0000] {dagbag.py:545} INFO - Filling up the DagBag from /opt/airflow/dags/financial_pipeline_dag.py
[2026-09-08T01:02:12.076+0000] {logging_mixin.py:188} INFO - [2026-09-08T01:02:12.075+0000] {graph.py:719} INFO - Trying to parse the dbt project `transformations` using a dbt manifest...
[2026-09-08T01:02:12.096+0000] {logging_mixin.py:188} INFO - [2026-09-08T01:02:12.092+0000] {dagbag.py:355} ERROR - Failed to import: /opt/airflow/dags/financial_pipeline_dag.py
Traceback (most recent call last):
  File "/home/airflow/.local/lib/python3.11/site-packages/airflow/models/dagbag.py", line 351, in parse
    loader.exec_module(new_module)
  File "<frozen importlib._bootstrap_external>", line 940, in exec_module
  File "<frozen importlib._bootstrap>", line 241, in _call_with_frames_removed
  File "/opt/airflow/dags/financial_pipeline_dag.py", line 115, in <module>
    dbt_stg_overview = make_dbt_group("dbt_stg_overview", "stg_overview")
                       ^^^^^^^^^^^^^^^^^^^^^^^^^^^^^^^^^^^^^^^^^^^^^^^^^^
  File "/opt/airflow/dags/financial_pipeline_dag.py", line 102, in make_dbt_group
    return DbtTaskGroup(
           ^^^^^^^^^^^^^
  File "/home/airflow/.local/lib/python3.11/site-packages/cosmos/airflow/task_group.py", line 28, in __init__
    DbtToAirflowConverter.__init__(self, *args, **specific_kwargs(**kwargs))
  File "/home/airflow/.local/lib/python3.11/site-packages/cosmos/converter.py", line 261, in __init__
    self.dbt_graph.load(method=render_config.load_method, execution_mode=execution_config.execution_mode)
  File "/home/airflow/.local/lib/python3.11/site-packages/cosmos/dbt/graph.py", line 440, in load
    load_method[method]()
  File "/home/airflow/.local/lib/python3.11/site-packages/cosmos/dbt/graph.py", line 748, in load_from_dbt_manifest
    config=node_dict["config"],
           ~~~~~~~~~^^^^^^^^^^
KeyError: 'config'
[2026-09-08T01:02:12.097+0000] {processor.py:842} WARNING - No viable dags retrieved from /opt/airflow/dags/financial_pipeline_dag.py
[2026-09-08T01:02:12.115+0000] {processor.py:183} INFO - Processing /opt/airflow/dags/financial_pipeline_dag.py took 0.182 seconds
[2026-09-08T01:02:26.934+0000] {processor.py:161} INFO - Started process (PID=187) to work on /opt/airflow/dags/financial_pipeline_dag.py
[2026-09-08T01:02:26.936+0000] {processor.py:830} INFO - Processing file /opt/airflow/dags/financial_pipeline_dag.py for tasks to queue
[2026-09-08T01:02:26.937+0000] {logging_mixin.py:188} INFO - [2026-09-08T01:02:26.937+0000] {dagbag.py:545} INFO - Filling up the DagBag from /opt/airflow/dags/financial_pipeline_dag.py
[2026-09-08T01:02:27.062+0000] {logging_mixin.py:188} INFO - [2026-09-08T01:02:27.062+0000] {graph.py:719} INFO - Trying to parse the dbt project `transformations` using a dbt manifest...
[2026-09-08T01:02:27.083+0000] {logging_mixin.py:188} INFO - [2026-09-08T01:02:27.078+0000] {dagbag.py:355} ERROR - Failed to import: /opt/airflow/dags/financial_pipeline_dag.py
Traceback (most recent call last):
  File "/home/airflow/.local/lib/python3.11/site-packages/airflow/models/dagbag.py", line 351, in parse
    loader.exec_module(new_module)
  File "<frozen importlib._bootstrap_external>", line 940, in exec_module
  File "<frozen importlib._bootstrap>", line 241, in _call_with_frames_removed
  File "/opt/airflow/dags/financial_pipeline_dag.py", line 115, in <module>
    dbt_stg_overview = make_dbt_group("dbt_stg_overview", "stg_overview")
                       ^^^^^^^^^^^^^^^^^^^^^^^^^^^^^^^^^^^^^^^^^^^^^^^^^^
  File "/opt/airflow/dags/financial_pipeline_dag.py", line 102, in make_dbt_group
    return DbtTaskGroup(
           ^^^^^^^^^^^^^
  File "/home/airflow/.local/lib/python3.11/site-packages/cosmos/airflow/task_group.py", line 28, in __init__
    DbtToAirflowConverter.__init__(self, *args, **specific_kwargs(**kwargs))
  File "/home/airflow/.local/lib/python3.11/site-packages/cosmos/converter.py", line 261, in __init__
    self.dbt_graph.load(method=render_config.load_method, execution_mode=execution_config.execution_mode)
  File "/home/airflow/.local/lib/python3.11/site-packages/cosmos/dbt/graph.py", line 440, in load
    load_method[method]()
  File "/home/airflow/.local/lib/python3.11/site-packages/cosmos/dbt/graph.py", line 748, in load_from_dbt_manifest
    config=node_dict["config"],
           ~~~~~~~~~^^^^^^^^^^
KeyError: 'config'
[2026-09-08T01:02:27.084+0000] {processor.py:842} WARNING - No viable dags retrieved from /opt/airflow/dags/financial_pipeline_dag.py
[2026-09-08T01:02:27.104+0000] {processor.py:183} INFO - Processing /opt/airflow/dags/financial_pipeline_dag.py took 0.177 seconds
[2026-09-08T01:02:41.395+0000] {processor.py:161} INFO - Started process (PID=180) to work on /opt/airflow/dags/financial_pipeline_dag.py
[2026-09-08T01:02:41.396+0000] {processor.py:830} INFO - Processing file /opt/airflow/dags/financial_pipeline_dag.py for tasks to queue
[2026-09-08T01:02:41.398+0000] {logging_mixin.py:188} INFO - [2026-09-08T01:02:41.397+0000] {dagbag.py:545} INFO - Filling up the DagBag from /opt/airflow/dags/financial_pipeline_dag.py
[2026-09-08T01:02:41.527+0000] {logging_mixin.py:188} INFO - [2026-09-08T01:02:41.527+0000] {graph.py:719} INFO - Trying to parse the dbt project `transformations` using a dbt manifest...
[2026-09-08T01:02:41.549+0000] {logging_mixin.py:188} INFO - [2026-09-08T01:02:41.545+0000] {dagbag.py:355} ERROR - Failed to import: /opt/airflow/dags/financial_pipeline_dag.py
Traceback (most recent call last):
  File "/home/airflow/.local/lib/python3.11/site-packages/airflow/models/dagbag.py", line 351, in parse
    loader.exec_module(new_module)
  File "<frozen importlib._bootstrap_external>", line 940, in exec_module
  File "<frozen importlib._bootstrap>", line 241, in _call_with_frames_removed
  File "/opt/airflow/dags/financial_pipeline_dag.py", line 115, in <module>
    dbt_stg_overview = make_dbt_group("dbt_stg_overview", "stg_overview")
                       ^^^^^^^^^^^^^^^^^^^^^^^^^^^^^^^^^^^^^^^^^^^^^^^^^^
  File "/opt/airflow/dags/financial_pipeline_dag.py", line 102, in make_dbt_group
    return DbtTaskGroup(
           ^^^^^^^^^^^^^
  File "/home/airflow/.local/lib/python3.11/site-packages/cosmos/airflow/task_group.py", line 28, in __init__
    DbtToAirflowConverter.__init__(self, *args, **specific_kwargs(**kwargs))
  File "/home/airflow/.local/lib/python3.11/site-packages/cosmos/converter.py", line 261, in __init__
    self.dbt_graph.load(method=render_config.load_method, execution_mode=execution_config.execution_mode)
  File "/home/airflow/.local/lib/python3.11/site-packages/cosmos/dbt/graph.py", line 440, in load
    load_method[method]()
  File "/home/airflow/.local/lib/python3.11/site-packages/cosmos/dbt/graph.py", line 748, in load_from_dbt_manifest
    config=node_dict["config"],
           ~~~~~~~~~^^^^^^^^^^
KeyError: 'config'
[2026-09-08T01:02:41.551+0000] {processor.py:842} WARNING - No viable dags retrieved from /opt/airflow/dags/financial_pipeline_dag.py
[2026-09-08T01:02:41.574+0000] {processor.py:183} INFO - Processing /opt/airflow/dags/financial_pipeline_dag.py took 0.191 seconds
[2026-09-08T01:02:56.402+0000] {processor.py:161} INFO - Started process (PID=180) to work on /opt/airflow/dags/financial_pipeline_dag.py
[2026-09-08T01:02:56.403+0000] {processor.py:830} INFO - Processing file /opt/airflow/dags/financial_pipeline_dag.py for tasks to queue
[2026-09-08T01:02:56.406+0000] {logging_mixin.py:188} INFO - [2026-09-08T01:02:56.405+0000] {dagbag.py:545} INFO - Filling up the DagBag from /opt/airflow/dags/financial_pipeline_dag.py
[2026-09-08T01:02:56.570+0000] {logging_mixin.py:188} INFO - [2026-09-08T01:02:56.570+0000] {graph.py:719} INFO - Trying to parse the dbt project `transformations` using a dbt manifest...
[2026-09-08T01:02:56.595+0000] {logging_mixin.py:188} INFO - [2026-09-08T01:02:56.591+0000] {dagbag.py:355} ERROR - Failed to import: /opt/airflow/dags/financial_pipeline_dag.py
Traceback (most recent call last):
  File "/home/airflow/.local/lib/python3.11/site-packages/airflow/models/dagbag.py", line 351, in parse
    loader.exec_module(new_module)
  File "<frozen importlib._bootstrap_external>", line 940, in exec_module
  File "<frozen importlib._bootstrap>", line 241, in _call_with_frames_removed
  File "/opt/airflow/dags/financial_pipeline_dag.py", line 115, in <module>
    dbt_stg_overview = make_dbt_group("dbt_stg_overview", "stg_overview")
                       ^^^^^^^^^^^^^^^^^^^^^^^^^^^^^^^^^^^^^^^^^^^^^^^^^^
  File "/opt/airflow/dags/financial_pipeline_dag.py", line 102, in make_dbt_group
    return DbtTaskGroup(
           ^^^^^^^^^^^^^
  File "/home/airflow/.local/lib/python3.11/site-packages/cosmos/airflow/task_group.py", line 28, in __init__
    DbtToAirflowConverter.__init__(self, *args, **specific_kwargs(**kwargs))
  File "/home/airflow/.local/lib/python3.11/site-packages/cosmos/converter.py", line 261, in __init__
    self.dbt_graph.load(method=render_config.load_method, execution_mode=execution_config.execution_mode)
  File "/home/airflow/.local/lib/python3.11/site-packages/cosmos/dbt/graph.py", line 440, in load
    load_method[method]()
  File "/home/airflow/.local/lib/python3.11/site-packages/cosmos/dbt/graph.py", line 748, in load_from_dbt_manifest
    config=node_dict["config"],
           ~~~~~~~~~^^^^^^^^^^
KeyError: 'config'
[2026-09-08T01:02:56.597+0000] {processor.py:842} WARNING - No viable dags retrieved from /opt/airflow/dags/financial_pipeline_dag.py
[2026-09-08T01:02:56.618+0000] {processor.py:183} INFO - Processing /opt/airflow/dags/financial_pipeline_dag.py took 0.225 seconds
[2026-09-08T01:03:11.618+0000] {processor.py:161} INFO - Started process (PID=180) to work on /opt/airflow/dags/financial_pipeline_dag.py
[2026-09-08T01:03:11.620+0000] {processor.py:830} INFO - Processing file /opt/airflow/dags/financial_pipeline_dag.py for tasks to queue
[2026-09-08T01:03:11.622+0000] {logging_mixin.py:188} INFO - [2026-09-08T01:03:11.621+0000] {dagbag.py:545} INFO - Filling up the DagBag from /opt/airflow/dags/financial_pipeline_dag.py
[2026-09-08T01:03:11.763+0000] {logging_mixin.py:188} INFO - [2026-09-08T01:03:11.762+0000] {graph.py:719} INFO - Trying to parse the dbt project `transformations` using a dbt manifest...
[2026-09-08T01:03:11.784+0000] {logging_mixin.py:188} INFO - [2026-09-08T01:03:11.780+0000] {dagbag.py:355} ERROR - Failed to import: /opt/airflow/dags/financial_pipeline_dag.py
Traceback (most recent call last):
  File "/home/airflow/.local/lib/python3.11/site-packages/airflow/models/dagbag.py", line 351, in parse
    loader.exec_module(new_module)
  File "<frozen importlib._bootstrap_external>", line 940, in exec_module
  File "<frozen importlib._bootstrap>", line 241, in _call_with_frames_removed
  File "/opt/airflow/dags/financial_pipeline_dag.py", line 115, in <module>
    dbt_stg_overview = make_dbt_group("dbt_stg_overview", "stg_overview")
                       ^^^^^^^^^^^^^^^^^^^^^^^^^^^^^^^^^^^^^^^^^^^^^^^^^^
  File "/opt/airflow/dags/financial_pipeline_dag.py", line 102, in make_dbt_group
    return DbtTaskGroup(
           ^^^^^^^^^^^^^
  File "/home/airflow/.local/lib/python3.11/site-packages/cosmos/airflow/task_group.py", line 28, in __init__
    DbtToAirflowConverter.__init__(self, *args, **specific_kwargs(**kwargs))
  File "/home/airflow/.local/lib/python3.11/site-packages/cosmos/converter.py", line 261, in __init__
    self.dbt_graph.load(method=render_config.load_method, execution_mode=execution_config.execution_mode)
  File "/home/airflow/.local/lib/python3.11/site-packages/cosmos/dbt/graph.py", line 440, in load
    load_method[method]()
  File "/home/airflow/.local/lib/python3.11/site-packages/cosmos/dbt/graph.py", line 748, in load_from_dbt_manifest
    config=node_dict["config"],
           ~~~~~~~~~^^^^^^^^^^
KeyError: 'config'
[2026-09-08T01:03:11.785+0000] {processor.py:842} WARNING - No viable dags retrieved from /opt/airflow/dags/financial_pipeline_dag.py
[2026-09-08T01:03:11.805+0000] {processor.py:183} INFO - Processing /opt/airflow/dags/financial_pipeline_dag.py took 0.195 seconds
[2026-09-08T01:03:26.657+0000] {processor.py:161} INFO - Started process (PID=180) to work on /opt/airflow/dags/financial_pipeline_dag.py
[2026-09-08T01:03:26.659+0000] {processor.py:830} INFO - Processing file /opt/airflow/dags/financial_pipeline_dag.py for tasks to queue
[2026-09-08T01:03:26.663+0000] {logging_mixin.py:188} INFO - [2026-09-08T01:03:26.663+0000] {dagbag.py:545} INFO - Filling up the DagBag from /opt/airflow/dags/financial_pipeline_dag.py
[2026-09-08T01:03:26.807+0000] {logging_mixin.py:188} INFO - [2026-09-08T01:03:26.807+0000] {graph.py:719} INFO - Trying to parse the dbt project `transformations` using a dbt manifest...
[2026-09-08T01:03:26.829+0000] {logging_mixin.py:188} INFO - [2026-09-08T01:03:26.824+0000] {dagbag.py:355} ERROR - Failed to import: /opt/airflow/dags/financial_pipeline_dag.py
Traceback (most recent call last):
  File "/home/airflow/.local/lib/python3.11/site-packages/airflow/models/dagbag.py", line 351, in parse
    loader.exec_module(new_module)
  File "<frozen importlib._bootstrap_external>", line 940, in exec_module
  File "<frozen importlib._bootstrap>", line 241, in _call_with_frames_removed
  File "/opt/airflow/dags/financial_pipeline_dag.py", line 115, in <module>
    dbt_stg_overview = make_dbt_group("dbt_stg_overview", "stg_overview")
                       ^^^^^^^^^^^^^^^^^^^^^^^^^^^^^^^^^^^^^^^^^^^^^^^^^^
  File "/opt/airflow/dags/financial_pipeline_dag.py", line 102, in make_dbt_group
    return DbtTaskGroup(
           ^^^^^^^^^^^^^
  File "/home/airflow/.local/lib/python3.11/site-packages/cosmos/airflow/task_group.py", line 28, in __init__
    DbtToAirflowConverter.__init__(self, *args, **specific_kwargs(**kwargs))
  File "/home/airflow/.local/lib/python3.11/site-packages/cosmos/converter.py", line 261, in __init__
    self.dbt_graph.load(method=render_config.load_method, execution_mode=execution_config.execution_mode)
  File "/home/airflow/.local/lib/python3.11/site-packages/cosmos/dbt/graph.py", line 440, in load
    load_method[method]()
  File "/home/airflow/.local/lib/python3.11/site-packages/cosmos/dbt/graph.py", line 748, in load_from_dbt_manifest
    config=node_dict["config"],
           ~~~~~~~~~^^^^^^^^^^
KeyError: 'config'
[2026-09-08T01:03:26.830+0000] {processor.py:842} WARNING - No viable dags retrieved from /opt/airflow/dags/financial_pipeline_dag.py
[2026-09-08T01:03:26.849+0000] {processor.py:183} INFO - Processing /opt/airflow/dags/financial_pipeline_dag.py took 0.201 seconds
[2026-09-08T01:03:41.164+0000] {processor.py:161} INFO - Started process (PID=180) to work on /opt/airflow/dags/financial_pipeline_dag.py
[2026-09-08T01:03:41.165+0000] {processor.py:830} INFO - Processing file /opt/airflow/dags/financial_pipeline_dag.py for tasks to queue
[2026-09-08T01:03:41.169+0000] {logging_mixin.py:188} INFO - [2026-09-08T01:03:41.168+0000] {dagbag.py:545} INFO - Filling up the DagBag from /opt/airflow/dags/financial_pipeline_dag.py
[2026-09-08T01:03:41.330+0000] {logging_mixin.py:188} INFO - [2026-09-08T01:03:41.329+0000] {graph.py:719} INFO - Trying to parse the dbt project `transformations` using a dbt manifest...
[2026-09-08T01:03:41.353+0000] {logging_mixin.py:188} INFO - [2026-09-08T01:03:41.348+0000] {dagbag.py:355} ERROR - Failed to import: /opt/airflow/dags/financial_pipeline_dag.py
Traceback (most recent call last):
  File "/home/airflow/.local/lib/python3.11/site-packages/airflow/models/dagbag.py", line 351, in parse
    loader.exec_module(new_module)
  File "<frozen importlib._bootstrap_external>", line 940, in exec_module
  File "<frozen importlib._bootstrap>", line 241, in _call_with_frames_removed
  File "/opt/airflow/dags/financial_pipeline_dag.py", line 115, in <module>
    dbt_stg_overview = make_dbt_group("dbt_stg_overview", "stg_overview")
                       ^^^^^^^^^^^^^^^^^^^^^^^^^^^^^^^^^^^^^^^^^^^^^^^^^^
  File "/opt/airflow/dags/financial_pipeline_dag.py", line 102, in make_dbt_group
    return DbtTaskGroup(
           ^^^^^^^^^^^^^
  File "/home/airflow/.local/lib/python3.11/site-packages/cosmos/airflow/task_group.py", line 28, in __init__
    DbtToAirflowConverter.__init__(self, *args, **specific_kwargs(**kwargs))
  File "/home/airflow/.local/lib/python3.11/site-packages/cosmos/converter.py", line 261, in __init__
    self.dbt_graph.load(method=render_config.load_method, execution_mode=execution_config.execution_mode)
  File "/home/airflow/.local/lib/python3.11/site-packages/cosmos/dbt/graph.py", line 440, in load
    load_method[method]()
  File "/home/airflow/.local/lib/python3.11/site-packages/cosmos/dbt/graph.py", line 748, in load_from_dbt_manifest
    config=node_dict["config"],
           ~~~~~~~~~^^^^^^^^^^
KeyError: 'config'
[2026-09-08T01:03:41.354+0000] {processor.py:842} WARNING - No viable dags retrieved from /opt/airflow/dags/financial_pipeline_dag.py
[2026-09-08T01:03:41.374+0000] {processor.py:183} INFO - Processing /opt/airflow/dags/financial_pipeline_dag.py took 0.220 seconds
[2026-09-08T01:03:55.884+0000] {processor.py:161} INFO - Started process (PID=180) to work on /opt/airflow/dags/financial_pipeline_dag.py
[2026-09-08T01:03:55.887+0000] {processor.py:830} INFO - Processing file /opt/airflow/dags/financial_pipeline_dag.py for tasks to queue
[2026-09-08T01:03:55.889+0000] {logging_mixin.py:188} INFO - [2026-09-08T01:03:55.889+0000] {dagbag.py:545} INFO - Filling up the DagBag from /opt/airflow/dags/financial_pipeline_dag.py
[2026-09-08T01:03:56.034+0000] {logging_mixin.py:188} INFO - [2026-09-08T01:03:56.034+0000] {graph.py:719} INFO - Trying to parse the dbt project `transformations` using a dbt manifest...
[2026-09-08T01:03:56.059+0000] {logging_mixin.py:188} INFO - [2026-09-08T01:03:56.055+0000] {dagbag.py:355} ERROR - Failed to import: /opt/airflow/dags/financial_pipeline_dag.py
Traceback (most recent call last):
  File "/home/airflow/.local/lib/python3.11/site-packages/airflow/models/dagbag.py", line 351, in parse
    loader.exec_module(new_module)
  File "<frozen importlib._bootstrap_external>", line 940, in exec_module
  File "<frozen importlib._bootstrap>", line 241, in _call_with_frames_removed
  File "/opt/airflow/dags/financial_pipeline_dag.py", line 115, in <module>
    dbt_stg_overview = make_dbt_group("dbt_stg_overview", "stg_overview")
                       ^^^^^^^^^^^^^^^^^^^^^^^^^^^^^^^^^^^^^^^^^^^^^^^^^^
  File "/opt/airflow/dags/financial_pipeline_dag.py", line 102, in make_dbt_group
    return DbtTaskGroup(
           ^^^^^^^^^^^^^
  File "/home/airflow/.local/lib/python3.11/site-packages/cosmos/airflow/task_group.py", line 28, in __init__
    DbtToAirflowConverter.__init__(self, *args, **specific_kwargs(**kwargs))
  File "/home/airflow/.local/lib/python3.11/site-packages/cosmos/converter.py", line 261, in __init__
    self.dbt_graph.load(method=render_config.load_method, execution_mode=execution_config.execution_mode)
  File "/home/airflow/.local/lib/python3.11/site-packages/cosmos/dbt/graph.py", line 440, in load
    load_method[method]()
  File "/home/airflow/.local/lib/python3.11/site-packages/cosmos/dbt/graph.py", line 748, in load_from_dbt_manifest
    config=node_dict["config"],
           ~~~~~~~~~^^^^^^^^^^
KeyError: 'config'
[2026-09-08T01:03:56.061+0000] {processor.py:842} WARNING - No viable dags retrieved from /opt/airflow/dags/financial_pipeline_dag.py
[2026-09-08T01:03:56.082+0000] {processor.py:183} INFO - Processing /opt/airflow/dags/financial_pipeline_dag.py took 0.209 seconds
[2026-09-08T01:04:11.432+0000] {processor.py:161} INFO - Started process (PID=180) to work on /opt/airflow/dags/financial_pipeline_dag.py
[2026-09-08T01:04:11.434+0000] {processor.py:830} INFO - Processing file /opt/airflow/dags/financial_pipeline_dag.py for tasks to queue
[2026-09-08T01:04:11.437+0000] {logging_mixin.py:188} INFO - [2026-09-08T01:04:11.436+0000] {dagbag.py:545} INFO - Filling up the DagBag from /opt/airflow/dags/financial_pipeline_dag.py
[2026-09-08T01:04:11.586+0000] {logging_mixin.py:188} INFO - [2026-09-08T01:04:11.586+0000] {graph.py:719} INFO - Trying to parse the dbt project `transformations` using a dbt manifest...
[2026-09-08T01:04:11.609+0000] {logging_mixin.py:188} INFO - [2026-09-08T01:04:11.604+0000] {dagbag.py:355} ERROR - Failed to import: /opt/airflow/dags/financial_pipeline_dag.py
Traceback (most recent call last):
  File "/home/airflow/.local/lib/python3.11/site-packages/airflow/models/dagbag.py", line 351, in parse
    loader.exec_module(new_module)
  File "<frozen importlib._bootstrap_external>", line 940, in exec_module
  File "<frozen importlib._bootstrap>", line 241, in _call_with_frames_removed
  File "/opt/airflow/dags/financial_pipeline_dag.py", line 115, in <module>
    dbt_stg_overview = make_dbt_group("dbt_stg_overview", "stg_overview")
                       ^^^^^^^^^^^^^^^^^^^^^^^^^^^^^^^^^^^^^^^^^^^^^^^^^^
  File "/opt/airflow/dags/financial_pipeline_dag.py", line 102, in make_dbt_group
    return DbtTaskGroup(
           ^^^^^^^^^^^^^
  File "/home/airflow/.local/lib/python3.11/site-packages/cosmos/airflow/task_group.py", line 28, in __init__
    DbtToAirflowConverter.__init__(self, *args, **specific_kwargs(**kwargs))
  File "/home/airflow/.local/lib/python3.11/site-packages/cosmos/converter.py", line 261, in __init__
    self.dbt_graph.load(method=render_config.load_method, execution_mode=execution_config.execution_mode)
  File "/home/airflow/.local/lib/python3.11/site-packages/cosmos/dbt/graph.py", line 440, in load
    load_method[method]()
  File "/home/airflow/.local/lib/python3.11/site-packages/cosmos/dbt/graph.py", line 748, in load_from_dbt_manifest
    config=node_dict["config"],
           ~~~~~~~~~^^^^^^^^^^
KeyError: 'config'
[2026-09-08T01:04:11.611+0000] {processor.py:842} WARNING - No viable dags retrieved from /opt/airflow/dags/financial_pipeline_dag.py
[2026-09-08T01:04:11.633+0000] {processor.py:183} INFO - Processing /opt/airflow/dags/financial_pipeline_dag.py took 0.214 seconds
[2026-09-08T01:04:26.270+0000] {processor.py:161} INFO - Started process (PID=180) to work on /opt/airflow/dags/financial_pipeline_dag.py
[2026-09-08T01:04:26.271+0000] {processor.py:830} INFO - Processing file /opt/airflow/dags/financial_pipeline_dag.py for tasks to queue
[2026-09-08T01:04:26.274+0000] {logging_mixin.py:188} INFO - [2026-09-08T01:04:26.273+0000] {dagbag.py:545} INFO - Filling up the DagBag from /opt/airflow/dags/financial_pipeline_dag.py
[2026-09-08T01:04:26.477+0000] {logging_mixin.py:188} INFO - [2026-09-08T01:04:26.477+0000] {graph.py:719} INFO - Trying to parse the dbt project `transformations` using a dbt manifest...
[2026-09-08T01:04:26.497+0000] {logging_mixin.py:188} INFO - [2026-09-08T01:04:26.493+0000] {dagbag.py:355} ERROR - Failed to import: /opt/airflow/dags/financial_pipeline_dag.py
Traceback (most recent call last):
  File "/home/airflow/.local/lib/python3.11/site-packages/airflow/models/dagbag.py", line 351, in parse
    loader.exec_module(new_module)
  File "<frozen importlib._bootstrap_external>", line 940, in exec_module
  File "<frozen importlib._bootstrap>", line 241, in _call_with_frames_removed
  File "/opt/airflow/dags/financial_pipeline_dag.py", line 115, in <module>
    dbt_stg_overview = make_dbt_group("dbt_stg_overview", "stg_overview")
                       ^^^^^^^^^^^^^^^^^^^^^^^^^^^^^^^^^^^^^^^^^^^^^^^^^^
  File "/opt/airflow/dags/financial_pipeline_dag.py", line 102, in make_dbt_group
    return DbtTaskGroup(
           ^^^^^^^^^^^^^
  File "/home/airflow/.local/lib/python3.11/site-packages/cosmos/airflow/task_group.py", line 28, in __init__
    DbtToAirflowConverter.__init__(self, *args, **specific_kwargs(**kwargs))
  File "/home/airflow/.local/lib/python3.11/site-packages/cosmos/converter.py", line 261, in __init__
    self.dbt_graph.load(method=render_config.load_method, execution_mode=execution_config.execution_mode)
  File "/home/airflow/.local/lib/python3.11/site-packages/cosmos/dbt/graph.py", line 440, in load
    load_method[method]()
  File "/home/airflow/.local/lib/python3.11/site-packages/cosmos/dbt/graph.py", line 748, in load_from_dbt_manifest
    config=node_dict["config"],
           ~~~~~~~~~^^^^^^^^^^
KeyError: 'config'
[2026-09-08T01:04:26.498+0000] {processor.py:842} WARNING - No viable dags retrieved from /opt/airflow/dags/financial_pipeline_dag.py
[2026-09-08T01:04:26.518+0000] {processor.py:183} INFO - Processing /opt/airflow/dags/financial_pipeline_dag.py took 0.259 seconds
[2026-09-08T01:04:40.758+0000] {processor.py:161} INFO - Started process (PID=181) to work on /opt/airflow/dags/financial_pipeline_dag.py
[2026-09-08T01:04:40.759+0000] {processor.py:830} INFO - Processing file /opt/airflow/dags/financial_pipeline_dag.py for tasks to queue
[2026-09-08T01:04:40.761+0000] {logging_mixin.py:188} INFO - [2026-09-08T01:04:40.761+0000] {dagbag.py:545} INFO - Filling up the DagBag from /opt/airflow/dags/financial_pipeline_dag.py
[2026-09-08T01:04:40.912+0000] {logging_mixin.py:188} INFO - [2026-09-08T01:04:40.912+0000] {graph.py:719} INFO - Trying to parse the dbt project `transformations` using a dbt manifest...
[2026-09-08T01:04:40.933+0000] {logging_mixin.py:188} INFO - [2026-09-08T01:04:40.928+0000] {dagbag.py:355} ERROR - Failed to import: /opt/airflow/dags/financial_pipeline_dag.py
Traceback (most recent call last):
  File "/home/airflow/.local/lib/python3.11/site-packages/airflow/models/dagbag.py", line 351, in parse
    loader.exec_module(new_module)
  File "<frozen importlib._bootstrap_external>", line 940, in exec_module
  File "<frozen importlib._bootstrap>", line 241, in _call_with_frames_removed
  File "/opt/airflow/dags/financial_pipeline_dag.py", line 115, in <module>
    dbt_stg_overview = make_dbt_group("dbt_stg_overview", "stg_overview")
                       ^^^^^^^^^^^^^^^^^^^^^^^^^^^^^^^^^^^^^^^^^^^^^^^^^^
  File "/opt/airflow/dags/financial_pipeline_dag.py", line 102, in make_dbt_group
    return DbtTaskGroup(
           ^^^^^^^^^^^^^
  File "/home/airflow/.local/lib/python3.11/site-packages/cosmos/airflow/task_group.py", line 28, in __init__
    DbtToAirflowConverter.__init__(self, *args, **specific_kwargs(**kwargs))
  File "/home/airflow/.local/lib/python3.11/site-packages/cosmos/converter.py", line 261, in __init__
    self.dbt_graph.load(method=render_config.load_method, execution_mode=execution_config.execution_mode)
  File "/home/airflow/.local/lib/python3.11/site-packages/cosmos/dbt/graph.py", line 440, in load
    load_method[method]()
  File "/home/airflow/.local/lib/python3.11/site-packages/cosmos/dbt/graph.py", line 748, in load_from_dbt_manifest
    config=node_dict["config"],
           ~~~~~~~~~^^^^^^^^^^
KeyError: 'config'
[2026-09-08T01:04:40.934+0000] {processor.py:842} WARNING - No viable dags retrieved from /opt/airflow/dags/financial_pipeline_dag.py
[2026-09-08T01:04:40.954+0000] {processor.py:183} INFO - Processing /opt/airflow/dags/financial_pipeline_dag.py took 0.205 seconds
[2026-09-08T01:04:55.336+0000] {processor.py:161} INFO - Started process (PID=180) to work on /opt/airflow/dags/financial_pipeline_dag.py
[2026-09-08T01:04:55.338+0000] {processor.py:830} INFO - Processing file /opt/airflow/dags/financial_pipeline_dag.py for tasks to queue
[2026-09-08T01:04:55.341+0000] {logging_mixin.py:188} INFO - [2026-09-08T01:04:55.340+0000] {dagbag.py:545} INFO - Filling up the DagBag from /opt/airflow/dags/financial_pipeline_dag.py
[2026-09-08T01:04:55.474+0000] {logging_mixin.py:188} INFO - [2026-09-08T01:04:55.474+0000] {graph.py:719} INFO - Trying to parse the dbt project `transformations` using a dbt manifest...
[2026-09-08T01:04:55.494+0000] {logging_mixin.py:188} INFO - [2026-09-08T01:04:55.490+0000] {dagbag.py:355} ERROR - Failed to import: /opt/airflow/dags/financial_pipeline_dag.py
Traceback (most recent call last):
  File "/home/airflow/.local/lib/python3.11/site-packages/airflow/models/dagbag.py", line 351, in parse
    loader.exec_module(new_module)
  File "<frozen importlib._bootstrap_external>", line 940, in exec_module
  File "<frozen importlib._bootstrap>", line 241, in _call_with_frames_removed
  File "/opt/airflow/dags/financial_pipeline_dag.py", line 115, in <module>
    dbt_stg_overview = make_dbt_group("dbt_stg_overview", "stg_overview")
                       ^^^^^^^^^^^^^^^^^^^^^^^^^^^^^^^^^^^^^^^^^^^^^^^^^^
  File "/opt/airflow/dags/financial_pipeline_dag.py", line 102, in make_dbt_group
    return DbtTaskGroup(
           ^^^^^^^^^^^^^
  File "/home/airflow/.local/lib/python3.11/site-packages/cosmos/airflow/task_group.py", line 28, in __init__
    DbtToAirflowConverter.__init__(self, *args, **specific_kwargs(**kwargs))
  File "/home/airflow/.local/lib/python3.11/site-packages/cosmos/converter.py", line 261, in __init__
    self.dbt_graph.load(method=render_config.load_method, execution_mode=execution_config.execution_mode)
  File "/home/airflow/.local/lib/python3.11/site-packages/cosmos/dbt/graph.py", line 440, in load
    load_method[method]()
  File "/home/airflow/.local/lib/python3.11/site-packages/cosmos/dbt/graph.py", line 748, in load_from_dbt_manifest
    config=node_dict["config"],
           ~~~~~~~~~^^^^^^^^^^
KeyError: 'config'
[2026-09-08T01:04:55.495+0000] {processor.py:842} WARNING - No viable dags retrieved from /opt/airflow/dags/financial_pipeline_dag.py
[2026-09-08T01:04:55.517+0000] {processor.py:183} INFO - Processing /opt/airflow/dags/financial_pipeline_dag.py took 0.192 seconds
[2026-09-08T01:05:11.045+0000] {processor.py:161} INFO - Started process (PID=180) to work on /opt/airflow/dags/financial_pipeline_dag.py
[2026-09-08T01:05:11.047+0000] {processor.py:830} INFO - Processing file /opt/airflow/dags/financial_pipeline_dag.py for tasks to queue
[2026-09-08T01:05:11.051+0000] {logging_mixin.py:188} INFO - [2026-09-08T01:05:11.051+0000] {dagbag.py:545} INFO - Filling up the DagBag from /opt/airflow/dags/financial_pipeline_dag.py
[2026-09-08T01:05:11.220+0000] {logging_mixin.py:188} INFO - [2026-09-08T01:05:11.220+0000] {graph.py:719} INFO - Trying to parse the dbt project `transformations` using a dbt manifest...
[2026-09-08T01:05:11.248+0000] {logging_mixin.py:188} INFO - [2026-09-08T01:05:11.243+0000] {dagbag.py:355} ERROR - Failed to import: /opt/airflow/dags/financial_pipeline_dag.py
Traceback (most recent call last):
  File "/home/airflow/.local/lib/python3.11/site-packages/airflow/models/dagbag.py", line 351, in parse
    loader.exec_module(new_module)
  File "<frozen importlib._bootstrap_external>", line 940, in exec_module
  File "<frozen importlib._bootstrap>", line 241, in _call_with_frames_removed
  File "/opt/airflow/dags/financial_pipeline_dag.py", line 115, in <module>
    dbt_stg_overview = make_dbt_group("dbt_stg_overview", "stg_overview")
                       ^^^^^^^^^^^^^^^^^^^^^^^^^^^^^^^^^^^^^^^^^^^^^^^^^^
  File "/opt/airflow/dags/financial_pipeline_dag.py", line 102, in make_dbt_group
    return DbtTaskGroup(
           ^^^^^^^^^^^^^
  File "/home/airflow/.local/lib/python3.11/site-packages/cosmos/airflow/task_group.py", line 28, in __init__
    DbtToAirflowConverter.__init__(self, *args, **specific_kwargs(**kwargs))
  File "/home/airflow/.local/lib/python3.11/site-packages/cosmos/converter.py", line 261, in __init__
    self.dbt_graph.load(method=render_config.load_method, execution_mode=execution_config.execution_mode)
  File "/home/airflow/.local/lib/python3.11/site-packages/cosmos/dbt/graph.py", line 440, in load
    load_method[method]()
  File "/home/airflow/.local/lib/python3.11/site-packages/cosmos/dbt/graph.py", line 748, in load_from_dbt_manifest
    config=node_dict["config"],
           ~~~~~~~~~^^^^^^^^^^
KeyError: 'config'
[2026-09-08T01:05:11.250+0000] {processor.py:842} WARNING - No viable dags retrieved from /opt/airflow/dags/financial_pipeline_dag.py
[2026-09-08T01:05:11.275+0000] {processor.py:183} INFO - Processing /opt/airflow/dags/financial_pipeline_dag.py took 0.239 seconds
[2026-09-08T01:05:25.883+0000] {processor.py:161} INFO - Started process (PID=180) to work on /opt/airflow/dags/financial_pipeline_dag.py
[2026-09-08T01:05:25.885+0000] {processor.py:830} INFO - Processing file /opt/airflow/dags/financial_pipeline_dag.py for tasks to queue
[2026-09-08T01:05:25.887+0000] {logging_mixin.py:188} INFO - [2026-09-08T01:05:25.887+0000] {dagbag.py:545} INFO - Filling up the DagBag from /opt/airflow/dags/financial_pipeline_dag.py
[2026-09-08T01:05:26.084+0000] {logging_mixin.py:188} INFO - [2026-09-08T01:05:26.084+0000] {graph.py:719} INFO - Trying to parse the dbt project `transformations` using a dbt manifest...
[2026-09-08T01:05:26.110+0000] {logging_mixin.py:188} INFO - [2026-09-08T01:05:26.105+0000] {dagbag.py:355} ERROR - Failed to import: /opt/airflow/dags/financial_pipeline_dag.py
Traceback (most recent call last):
  File "/home/airflow/.local/lib/python3.11/site-packages/airflow/models/dagbag.py", line 351, in parse
    loader.exec_module(new_module)
  File "<frozen importlib._bootstrap_external>", line 940, in exec_module
  File "<frozen importlib._bootstrap>", line 241, in _call_with_frames_removed
  File "/opt/airflow/dags/financial_pipeline_dag.py", line 115, in <module>
    dbt_stg_overview = make_dbt_group("dbt_stg_overview", "stg_overview")
                       ^^^^^^^^^^^^^^^^^^^^^^^^^^^^^^^^^^^^^^^^^^^^^^^^^^
  File "/opt/airflow/dags/financial_pipeline_dag.py", line 102, in make_dbt_group
    return DbtTaskGroup(
           ^^^^^^^^^^^^^
  File "/home/airflow/.local/lib/python3.11/site-packages/cosmos/airflow/task_group.py", line 28, in __init__
    DbtToAirflowConverter.__init__(self, *args, **specific_kwargs(**kwargs))
  File "/home/airflow/.local/lib/python3.11/site-packages/cosmos/converter.py", line 261, in __init__
    self.dbt_graph.load(method=render_config.load_method, execution_mode=execution_config.execution_mode)
  File "/home/airflow/.local/lib/python3.11/site-packages/cosmos/dbt/graph.py", line 440, in load
    load_method[method]()
  File "/home/airflow/.local/lib/python3.11/site-packages/cosmos/dbt/graph.py", line 748, in load_from_dbt_manifest
    config=node_dict["config"],
           ~~~~~~~~~^^^^^^^^^^
KeyError: 'config'
[2026-09-08T01:05:26.112+0000] {processor.py:842} WARNING - No viable dags retrieved from /opt/airflow/dags/financial_pipeline_dag.py
[2026-09-08T01:05:26.138+0000] {processor.py:183} INFO - Processing /opt/airflow/dags/financial_pipeline_dag.py took 0.267 seconds
[2026-09-08T01:05:40.481+0000] {processor.py:161} INFO - Started process (PID=180) to work on /opt/airflow/dags/financial_pipeline_dag.py
[2026-09-08T01:05:40.483+0000] {processor.py:830} INFO - Processing file /opt/airflow/dags/financial_pipeline_dag.py for tasks to queue
[2026-09-08T01:05:40.485+0000] {logging_mixin.py:188} INFO - [2026-09-08T01:05:40.484+0000] {dagbag.py:545} INFO - Filling up the DagBag from /opt/airflow/dags/financial_pipeline_dag.py
[2026-09-08T01:05:40.631+0000] {logging_mixin.py:188} INFO - [2026-09-08T01:05:40.631+0000] {graph.py:719} INFO - Trying to parse the dbt project `transformations` using a dbt manifest...
[2026-09-08T01:05:40.652+0000] {logging_mixin.py:188} INFO - [2026-09-08T01:05:40.648+0000] {dagbag.py:355} ERROR - Failed to import: /opt/airflow/dags/financial_pipeline_dag.py
Traceback (most recent call last):
  File "/home/airflow/.local/lib/python3.11/site-packages/airflow/models/dagbag.py", line 351, in parse
    loader.exec_module(new_module)
  File "<frozen importlib._bootstrap_external>", line 940, in exec_module
  File "<frozen importlib._bootstrap>", line 241, in _call_with_frames_removed
  File "/opt/airflow/dags/financial_pipeline_dag.py", line 115, in <module>
    dbt_stg_overview = make_dbt_group("dbt_stg_overview", "stg_overview")
                       ^^^^^^^^^^^^^^^^^^^^^^^^^^^^^^^^^^^^^^^^^^^^^^^^^^
  File "/opt/airflow/dags/financial_pipeline_dag.py", line 102, in make_dbt_group
    return DbtTaskGroup(
           ^^^^^^^^^^^^^
  File "/home/airflow/.local/lib/python3.11/site-packages/cosmos/airflow/task_group.py", line 28, in __init__
    DbtToAirflowConverter.__init__(self, *args, **specific_kwargs(**kwargs))
  File "/home/airflow/.local/lib/python3.11/site-packages/cosmos/converter.py", line 261, in __init__
    self.dbt_graph.load(method=render_config.load_method, execution_mode=execution_config.execution_mode)
  File "/home/airflow/.local/lib/python3.11/site-packages/cosmos/dbt/graph.py", line 440, in load
    load_method[method]()
  File "/home/airflow/.local/lib/python3.11/site-packages/cosmos/dbt/graph.py", line 748, in load_from_dbt_manifest
    config=node_dict["config"],
           ~~~~~~~~~^^^^^^^^^^
KeyError: 'config'
[2026-09-08T01:05:40.654+0000] {processor.py:842} WARNING - No viable dags retrieved from /opt/airflow/dags/financial_pipeline_dag.py
[2026-09-08T01:05:40.673+0000] {processor.py:183} INFO - Processing /opt/airflow/dags/financial_pipeline_dag.py took 0.201 seconds
[2026-09-08T01:05:55.387+0000] {processor.py:161} INFO - Started process (PID=180) to work on /opt/airflow/dags/financial_pipeline_dag.py
[2026-09-08T01:05:55.388+0000] {processor.py:830} INFO - Processing file /opt/airflow/dags/financial_pipeline_dag.py for tasks to queue
[2026-09-08T01:05:55.390+0000] {logging_mixin.py:188} INFO - [2026-09-08T01:05:55.390+0000] {dagbag.py:545} INFO - Filling up the DagBag from /opt/airflow/dags/financial_pipeline_dag.py
[2026-09-08T01:05:55.525+0000] {logging_mixin.py:188} INFO - [2026-09-08T01:05:55.524+0000] {graph.py:719} INFO - Trying to parse the dbt project `transformations` using a dbt manifest...
[2026-09-08T01:05:55.545+0000] {logging_mixin.py:188} INFO - [2026-09-08T01:05:55.541+0000] {dagbag.py:355} ERROR - Failed to import: /opt/airflow/dags/financial_pipeline_dag.py
Traceback (most recent call last):
  File "/home/airflow/.local/lib/python3.11/site-packages/airflow/models/dagbag.py", line 351, in parse
    loader.exec_module(new_module)
  File "<frozen importlib._bootstrap_external>", line 940, in exec_module
  File "<frozen importlib._bootstrap>", line 241, in _call_with_frames_removed
  File "/opt/airflow/dags/financial_pipeline_dag.py", line 115, in <module>
    dbt_stg_overview = make_dbt_group("dbt_stg_overview", "stg_overview")
                       ^^^^^^^^^^^^^^^^^^^^^^^^^^^^^^^^^^^^^^^^^^^^^^^^^^
  File "/opt/airflow/dags/financial_pipeline_dag.py", line 102, in make_dbt_group
    return DbtTaskGroup(
           ^^^^^^^^^^^^^
  File "/home/airflow/.local/lib/python3.11/site-packages/cosmos/airflow/task_group.py", line 28, in __init__
    DbtToAirflowConverter.__init__(self, *args, **specific_kwargs(**kwargs))
  File "/home/airflow/.local/lib/python3.11/site-packages/cosmos/converter.py", line 261, in __init__
    self.dbt_graph.load(method=render_config.load_method, execution_mode=execution_config.execution_mode)
  File "/home/airflow/.local/lib/python3.11/site-packages/cosmos/dbt/graph.py", line 440, in load
    load_method[method]()
  File "/home/airflow/.local/lib/python3.11/site-packages/cosmos/dbt/graph.py", line 748, in load_from_dbt_manifest
    config=node_dict["config"],
           ~~~~~~~~~^^^^^^^^^^
KeyError: 'config'
[2026-09-08T01:05:55.546+0000] {processor.py:842} WARNING - No viable dags retrieved from /opt/airflow/dags/financial_pipeline_dag.py
[2026-09-08T01:05:55.565+0000] {processor.py:183} INFO - Processing /opt/airflow/dags/financial_pipeline_dag.py took 0.187 seconds
[2026-09-08T01:06:10.609+0000] {processor.py:161} INFO - Started process (PID=180) to work on /opt/airflow/dags/financial_pipeline_dag.py
[2026-09-08T01:06:10.611+0000] {processor.py:830} INFO - Processing file /opt/airflow/dags/financial_pipeline_dag.py for tasks to queue
[2026-09-08T01:06:10.613+0000] {logging_mixin.py:188} INFO - [2026-09-08T01:06:10.612+0000] {dagbag.py:545} INFO - Filling up the DagBag from /opt/airflow/dags/financial_pipeline_dag.py
[2026-09-08T01:06:10.784+0000] {logging_mixin.py:188} INFO - [2026-09-08T01:06:10.783+0000] {graph.py:719} INFO - Trying to parse the dbt project `transformations` using a dbt manifest...
[2026-09-08T01:06:10.805+0000] {logging_mixin.py:188} INFO - [2026-09-08T01:06:10.801+0000] {dagbag.py:355} ERROR - Failed to import: /opt/airflow/dags/financial_pipeline_dag.py
Traceback (most recent call last):
  File "/home/airflow/.local/lib/python3.11/site-packages/airflow/models/dagbag.py", line 351, in parse
    loader.exec_module(new_module)
  File "<frozen importlib._bootstrap_external>", line 940, in exec_module
  File "<frozen importlib._bootstrap>", line 241, in _call_with_frames_removed
  File "/opt/airflow/dags/financial_pipeline_dag.py", line 115, in <module>
    dbt_stg_overview = make_dbt_group("dbt_stg_overview", "stg_overview")
                       ^^^^^^^^^^^^^^^^^^^^^^^^^^^^^^^^^^^^^^^^^^^^^^^^^^
  File "/opt/airflow/dags/financial_pipeline_dag.py", line 102, in make_dbt_group
    return DbtTaskGroup(
           ^^^^^^^^^^^^^
  File "/home/airflow/.local/lib/python3.11/site-packages/cosmos/airflow/task_group.py", line 28, in __init__
    DbtToAirflowConverter.__init__(self, *args, **specific_kwargs(**kwargs))
  File "/home/airflow/.local/lib/python3.11/site-packages/cosmos/converter.py", line 261, in __init__
    self.dbt_graph.load(method=render_config.load_method, execution_mode=execution_config.execution_mode)
  File "/home/airflow/.local/lib/python3.11/site-packages/cosmos/dbt/graph.py", line 440, in load
    load_method[method]()
  File "/home/airflow/.local/lib/python3.11/site-packages/cosmos/dbt/graph.py", line 748, in load_from_dbt_manifest
    config=node_dict["config"],
           ~~~~~~~~~^^^^^^^^^^
KeyError: 'config'
[2026-09-08T01:06:10.807+0000] {processor.py:842} WARNING - No viable dags retrieved from /opt/airflow/dags/financial_pipeline_dag.py
[2026-09-08T01:06:10.828+0000] {processor.py:183} INFO - Processing /opt/airflow/dags/financial_pipeline_dag.py took 0.231 seconds
[2026-09-08T01:06:26.121+0000] {processor.py:161} INFO - Started process (PID=180) to work on /opt/airflow/dags/financial_pipeline_dag.py
[2026-09-08T01:06:26.123+0000] {processor.py:830} INFO - Processing file /opt/airflow/dags/financial_pipeline_dag.py for tasks to queue
[2026-09-08T01:06:26.125+0000] {logging_mixin.py:188} INFO - [2026-09-08T01:06:26.125+0000] {dagbag.py:545} INFO - Filling up the DagBag from /opt/airflow/dags/financial_pipeline_dag.py
[2026-09-08T01:06:26.315+0000] {logging_mixin.py:188} INFO - [2026-09-08T01:06:26.315+0000] {graph.py:719} INFO - Trying to parse the dbt project `transformations` using a dbt manifest...
[2026-09-08T01:06:26.339+0000] {logging_mixin.py:188} INFO - [2026-09-08T01:06:26.334+0000] {dagbag.py:355} ERROR - Failed to import: /opt/airflow/dags/financial_pipeline_dag.py
Traceback (most recent call last):
  File "/home/airflow/.local/lib/python3.11/site-packages/airflow/models/dagbag.py", line 351, in parse
    loader.exec_module(new_module)
  File "<frozen importlib._bootstrap_external>", line 940, in exec_module
  File "<frozen importlib._bootstrap>", line 241, in _call_with_frames_removed
  File "/opt/airflow/dags/financial_pipeline_dag.py", line 115, in <module>
    dbt_stg_overview = make_dbt_group("dbt_stg_overview", "stg_overview")
                       ^^^^^^^^^^^^^^^^^^^^^^^^^^^^^^^^^^^^^^^^^^^^^^^^^^
  File "/opt/airflow/dags/financial_pipeline_dag.py", line 102, in make_dbt_group
    return DbtTaskGroup(
           ^^^^^^^^^^^^^
  File "/home/airflow/.local/lib/python3.11/site-packages/cosmos/airflow/task_group.py", line 28, in __init__
    DbtToAirflowConverter.__init__(self, *args, **specific_kwargs(**kwargs))
  File "/home/airflow/.local/lib/python3.11/site-packages/cosmos/converter.py", line 261, in __init__
    self.dbt_graph.load(method=render_config.load_method, execution_mode=execution_config.execution_mode)
  File "/home/airflow/.local/lib/python3.11/site-packages/cosmos/dbt/graph.py", line 440, in load
    load_method[method]()
  File "/home/airflow/.local/lib/python3.11/site-packages/cosmos/dbt/graph.py", line 748, in load_from_dbt_manifest
    config=node_dict["config"],
           ~~~~~~~~~^^^^^^^^^^
KeyError: 'config'
[2026-09-08T01:06:26.340+0000] {processor.py:842} WARNING - No viable dags retrieved from /opt/airflow/dags/financial_pipeline_dag.py
[2026-09-08T01:06:26.362+0000] {processor.py:183} INFO - Processing /opt/airflow/dags/financial_pipeline_dag.py took 0.253 seconds
[2026-09-08T01:06:40.626+0000] {processor.py:161} INFO - Started process (PID=180) to work on /opt/airflow/dags/financial_pipeline_dag.py
[2026-09-08T01:06:40.627+0000] {processor.py:830} INFO - Processing file /opt/airflow/dags/financial_pipeline_dag.py for tasks to queue
[2026-09-08T01:06:40.629+0000] {logging_mixin.py:188} INFO - [2026-09-08T01:06:40.628+0000] {dagbag.py:545} INFO - Filling up the DagBag from /opt/airflow/dags/financial_pipeline_dag.py
[2026-09-08T01:06:40.762+0000] {logging_mixin.py:188} INFO - [2026-09-08T01:06:40.762+0000] {graph.py:719} INFO - Trying to parse the dbt project `transformations` using a dbt manifest...
[2026-09-08T01:06:40.782+0000] {logging_mixin.py:188} INFO - [2026-09-08T01:06:40.778+0000] {dagbag.py:355} ERROR - Failed to import: /opt/airflow/dags/financial_pipeline_dag.py
Traceback (most recent call last):
  File "/home/airflow/.local/lib/python3.11/site-packages/airflow/models/dagbag.py", line 351, in parse
    loader.exec_module(new_module)
  File "<frozen importlib._bootstrap_external>", line 940, in exec_module
  File "<frozen importlib._bootstrap>", line 241, in _call_with_frames_removed
  File "/opt/airflow/dags/financial_pipeline_dag.py", line 115, in <module>
    dbt_stg_overview = make_dbt_group("dbt_stg_overview", "stg_overview")
                       ^^^^^^^^^^^^^^^^^^^^^^^^^^^^^^^^^^^^^^^^^^^^^^^^^^
  File "/opt/airflow/dags/financial_pipeline_dag.py", line 102, in make_dbt_group
    return DbtTaskGroup(
           ^^^^^^^^^^^^^
  File "/home/airflow/.local/lib/python3.11/site-packages/cosmos/airflow/task_group.py", line 28, in __init__
    DbtToAirflowConverter.__init__(self, *args, **specific_kwargs(**kwargs))
  File "/home/airflow/.local/lib/python3.11/site-packages/cosmos/converter.py", line 261, in __init__
    self.dbt_graph.load(method=render_config.load_method, execution_mode=execution_config.execution_mode)
  File "/home/airflow/.local/lib/python3.11/site-packages/cosmos/dbt/graph.py", line 440, in load
    load_method[method]()
  File "/home/airflow/.local/lib/python3.11/site-packages/cosmos/dbt/graph.py", line 748, in load_from_dbt_manifest
    config=node_dict["config"],
           ~~~~~~~~~^^^^^^^^^^
KeyError: 'config'
[2026-09-08T01:06:40.784+0000] {processor.py:842} WARNING - No viable dags retrieved from /opt/airflow/dags/financial_pipeline_dag.py
[2026-09-08T01:06:40.804+0000] {processor.py:183} INFO - Processing /opt/airflow/dags/financial_pipeline_dag.py took 0.187 seconds
[2026-09-08T01:06:55.153+0000] {processor.py:161} INFO - Started process (PID=180) to work on /opt/airflow/dags/financial_pipeline_dag.py
[2026-09-08T01:06:55.155+0000] {processor.py:830} INFO - Processing file /opt/airflow/dags/financial_pipeline_dag.py for tasks to queue
[2026-09-08T01:06:55.157+0000] {logging_mixin.py:188} INFO - [2026-09-08T01:06:55.157+0000] {dagbag.py:545} INFO - Filling up the DagBag from /opt/airflow/dags/financial_pipeline_dag.py
[2026-09-08T01:06:55.314+0000] {logging_mixin.py:188} INFO - [2026-09-08T01:06:55.314+0000] {graph.py:719} INFO - Trying to parse the dbt project `transformations` using a dbt manifest...
[2026-09-08T01:06:55.337+0000] {logging_mixin.py:188} INFO - [2026-09-08T01:06:55.332+0000] {dagbag.py:355} ERROR - Failed to import: /opt/airflow/dags/financial_pipeline_dag.py
Traceback (most recent call last):
  File "/home/airflow/.local/lib/python3.11/site-packages/airflow/models/dagbag.py", line 351, in parse
    loader.exec_module(new_module)
  File "<frozen importlib._bootstrap_external>", line 940, in exec_module
  File "<frozen importlib._bootstrap>", line 241, in _call_with_frames_removed
  File "/opt/airflow/dags/financial_pipeline_dag.py", line 115, in <module>
    dbt_stg_overview = make_dbt_group("dbt_stg_overview", "stg_overview")
                       ^^^^^^^^^^^^^^^^^^^^^^^^^^^^^^^^^^^^^^^^^^^^^^^^^^
  File "/opt/airflow/dags/financial_pipeline_dag.py", line 102, in make_dbt_group
    return DbtTaskGroup(
           ^^^^^^^^^^^^^
  File "/home/airflow/.local/lib/python3.11/site-packages/cosmos/airflow/task_group.py", line 28, in __init__
    DbtToAirflowConverter.__init__(self, *args, **specific_kwargs(**kwargs))
  File "/home/airflow/.local/lib/python3.11/site-packages/cosmos/converter.py", line 261, in __init__
    self.dbt_graph.load(method=render_config.load_method, execution_mode=execution_config.execution_mode)
  File "/home/airflow/.local/lib/python3.11/site-packages/cosmos/dbt/graph.py", line 440, in load
    load_method[method]()
  File "/home/airflow/.local/lib/python3.11/site-packages/cosmos/dbt/graph.py", line 748, in load_from_dbt_manifest
    config=node_dict["config"],
           ~~~~~~~~~^^^^^^^^^^
KeyError: 'config'
[2026-09-08T01:06:55.338+0000] {processor.py:842} WARNING - No viable dags retrieved from /opt/airflow/dags/financial_pipeline_dag.py
[2026-09-08T01:06:55.356+0000] {processor.py:183} INFO - Processing /opt/airflow/dags/financial_pipeline_dag.py took 0.216 seconds
[2026-09-08T01:07:10.002+0000] {processor.py:161} INFO - Started process (PID=180) to work on /opt/airflow/dags/financial_pipeline_dag.py
[2026-09-08T01:07:10.003+0000] {processor.py:830} INFO - Processing file /opt/airflow/dags/financial_pipeline_dag.py for tasks to queue
[2026-09-08T01:07:10.005+0000] {logging_mixin.py:188} INFO - [2026-09-08T01:07:10.005+0000] {dagbag.py:545} INFO - Filling up the DagBag from /opt/airflow/dags/financial_pipeline_dag.py
[2026-09-08T01:07:10.175+0000] {logging_mixin.py:188} INFO - [2026-09-08T01:07:10.175+0000] {graph.py:719} INFO - Trying to parse the dbt project `transformations` using a dbt manifest...
[2026-09-08T01:07:10.203+0000] {logging_mixin.py:188} INFO - [2026-09-08T01:07:10.196+0000] {dagbag.py:355} ERROR - Failed to import: /opt/airflow/dags/financial_pipeline_dag.py
Traceback (most recent call last):
  File "/home/airflow/.local/lib/python3.11/site-packages/airflow/models/dagbag.py", line 351, in parse
    loader.exec_module(new_module)
  File "<frozen importlib._bootstrap_external>", line 940, in exec_module
  File "<frozen importlib._bootstrap>", line 241, in _call_with_frames_removed
  File "/opt/airflow/dags/financial_pipeline_dag.py", line 115, in <module>
    dbt_stg_overview = make_dbt_group("dbt_stg_overview", "stg_overview")
                       ^^^^^^^^^^^^^^^^^^^^^^^^^^^^^^^^^^^^^^^^^^^^^^^^^^
  File "/opt/airflow/dags/financial_pipeline_dag.py", line 102, in make_dbt_group
    return DbtTaskGroup(
           ^^^^^^^^^^^^^
  File "/home/airflow/.local/lib/python3.11/site-packages/cosmos/airflow/task_group.py", line 28, in __init__
    DbtToAirflowConverter.__init__(self, *args, **specific_kwargs(**kwargs))
  File "/home/airflow/.local/lib/python3.11/site-packages/cosmos/converter.py", line 261, in __init__
    self.dbt_graph.load(method=render_config.load_method, execution_mode=execution_config.execution_mode)
  File "/home/airflow/.local/lib/python3.11/site-packages/cosmos/dbt/graph.py", line 440, in load
    load_method[method]()
  File "/home/airflow/.local/lib/python3.11/site-packages/cosmos/dbt/graph.py", line 748, in load_from_dbt_manifest
    config=node_dict["config"],
           ~~~~~~~~~^^^^^^^^^^
KeyError: 'config'
[2026-09-08T01:07:10.204+0000] {processor.py:842} WARNING - No viable dags retrieved from /opt/airflow/dags/financial_pipeline_dag.py
[2026-09-08T01:07:10.229+0000] {processor.py:183} INFO - Processing /opt/airflow/dags/financial_pipeline_dag.py took 0.239 seconds
[2026-09-08T01:07:25.633+0000] {processor.py:161} INFO - Started process (PID=180) to work on /opt/airflow/dags/financial_pipeline_dag.py
[2026-09-08T01:07:25.634+0000] {processor.py:830} INFO - Processing file /opt/airflow/dags/financial_pipeline_dag.py for tasks to queue
[2026-09-08T01:07:25.637+0000] {logging_mixin.py:188} INFO - [2026-09-08T01:07:25.637+0000] {dagbag.py:545} INFO - Filling up the DagBag from /opt/airflow/dags/financial_pipeline_dag.py
[2026-09-08T01:07:25.787+0000] {logging_mixin.py:188} INFO - [2026-09-08T01:07:25.787+0000] {graph.py:719} INFO - Trying to parse the dbt project `transformations` using a dbt manifest...
[2026-09-08T01:07:25.811+0000] {logging_mixin.py:188} INFO - [2026-09-08T01:07:25.806+0000] {dagbag.py:355} ERROR - Failed to import: /opt/airflow/dags/financial_pipeline_dag.py
Traceback (most recent call last):
  File "/home/airflow/.local/lib/python3.11/site-packages/airflow/models/dagbag.py", line 351, in parse
    loader.exec_module(new_module)
  File "<frozen importlib._bootstrap_external>", line 940, in exec_module
  File "<frozen importlib._bootstrap>", line 241, in _call_with_frames_removed
  File "/opt/airflow/dags/financial_pipeline_dag.py", line 115, in <module>
    dbt_stg_overview = make_dbt_group("dbt_stg_overview", "stg_overview")
                       ^^^^^^^^^^^^^^^^^^^^^^^^^^^^^^^^^^^^^^^^^^^^^^^^^^
  File "/opt/airflow/dags/financial_pipeline_dag.py", line 102, in make_dbt_group
    return DbtTaskGroup(
           ^^^^^^^^^^^^^
  File "/home/airflow/.local/lib/python3.11/site-packages/cosmos/airflow/task_group.py", line 28, in __init__
    DbtToAirflowConverter.__init__(self, *args, **specific_kwargs(**kwargs))
  File "/home/airflow/.local/lib/python3.11/site-packages/cosmos/converter.py", line 261, in __init__
    self.dbt_graph.load(method=render_config.load_method, execution_mode=execution_config.execution_mode)
  File "/home/airflow/.local/lib/python3.11/site-packages/cosmos/dbt/graph.py", line 440, in load
    load_method[method]()
  File "/home/airflow/.local/lib/python3.11/site-packages/cosmos/dbt/graph.py", line 748, in load_from_dbt_manifest
    config=node_dict["config"],
           ~~~~~~~~~^^^^^^^^^^
KeyError: 'config'
[2026-09-08T01:07:25.812+0000] {processor.py:842} WARNING - No viable dags retrieved from /opt/airflow/dags/financial_pipeline_dag.py
[2026-09-08T01:07:25.837+0000] {processor.py:183} INFO - Processing /opt/airflow/dags/financial_pipeline_dag.py took 0.213 seconds
[2026-09-08T01:07:40.393+0000] {processor.py:161} INFO - Started process (PID=180) to work on /opt/airflow/dags/financial_pipeline_dag.py
[2026-09-08T01:07:40.394+0000] {processor.py:830} INFO - Processing file /opt/airflow/dags/financial_pipeline_dag.py for tasks to queue
[2026-09-08T01:07:40.397+0000] {logging_mixin.py:188} INFO - [2026-09-08T01:07:40.396+0000] {dagbag.py:545} INFO - Filling up the DagBag from /opt/airflow/dags/financial_pipeline_dag.py
[2026-09-08T01:07:40.531+0000] {logging_mixin.py:188} INFO - [2026-09-08T01:07:40.531+0000] {graph.py:719} INFO - Trying to parse the dbt project `transformations` using a dbt manifest...
[2026-09-08T01:07:40.551+0000] {logging_mixin.py:188} INFO - [2026-09-08T01:07:40.547+0000] {dagbag.py:355} ERROR - Failed to import: /opt/airflow/dags/financial_pipeline_dag.py
Traceback (most recent call last):
  File "/home/airflow/.local/lib/python3.11/site-packages/airflow/models/dagbag.py", line 351, in parse
    loader.exec_module(new_module)
  File "<frozen importlib._bootstrap_external>", line 940, in exec_module
  File "<frozen importlib._bootstrap>", line 241, in _call_with_frames_removed
  File "/opt/airflow/dags/financial_pipeline_dag.py", line 115, in <module>
    dbt_stg_overview = make_dbt_group("dbt_stg_overview", "stg_overview")
                       ^^^^^^^^^^^^^^^^^^^^^^^^^^^^^^^^^^^^^^^^^^^^^^^^^^
  File "/opt/airflow/dags/financial_pipeline_dag.py", line 102, in make_dbt_group
    return DbtTaskGroup(
           ^^^^^^^^^^^^^
  File "/home/airflow/.local/lib/python3.11/site-packages/cosmos/airflow/task_group.py", line 28, in __init__
    DbtToAirflowConverter.__init__(self, *args, **specific_kwargs(**kwargs))
  File "/home/airflow/.local/lib/python3.11/site-packages/cosmos/converter.py", line 261, in __init__
    self.dbt_graph.load(method=render_config.load_method, execution_mode=execution_config.execution_mode)
  File "/home/airflow/.local/lib/python3.11/site-packages/cosmos/dbt/graph.py", line 440, in load
    load_method[method]()
  File "/home/airflow/.local/lib/python3.11/site-packages/cosmos/dbt/graph.py", line 748, in load_from_dbt_manifest
    config=node_dict["config"],
           ~~~~~~~~~^^^^^^^^^^
KeyError: 'config'
[2026-09-08T01:07:40.552+0000] {processor.py:842} WARNING - No viable dags retrieved from /opt/airflow/dags/financial_pipeline_dag.py
[2026-09-08T01:07:40.572+0000] {processor.py:183} INFO - Processing /opt/airflow/dags/financial_pipeline_dag.py took 0.187 seconds
[2026-09-08T01:07:55.073+0000] {processor.py:161} INFO - Started process (PID=180) to work on /opt/airflow/dags/financial_pipeline_dag.py
[2026-09-08T01:07:55.075+0000] {processor.py:830} INFO - Processing file /opt/airflow/dags/financial_pipeline_dag.py for tasks to queue
[2026-09-08T01:07:55.078+0000] {logging_mixin.py:188} INFO - [2026-09-08T01:07:55.077+0000] {dagbag.py:545} INFO - Filling up the DagBag from /opt/airflow/dags/financial_pipeline_dag.py
[2026-09-08T01:07:55.234+0000] {logging_mixin.py:188} INFO - [2026-09-08T01:07:55.234+0000] {graph.py:719} INFO - Trying to parse the dbt project `transformations` using a dbt manifest...
[2026-09-08T01:07:55.257+0000] {logging_mixin.py:188} INFO - [2026-09-08T01:07:55.253+0000] {dagbag.py:355} ERROR - Failed to import: /opt/airflow/dags/financial_pipeline_dag.py
Traceback (most recent call last):
  File "/home/airflow/.local/lib/python3.11/site-packages/airflow/models/dagbag.py", line 351, in parse
    loader.exec_module(new_module)
  File "<frozen importlib._bootstrap_external>", line 940, in exec_module
  File "<frozen importlib._bootstrap>", line 241, in _call_with_frames_removed
  File "/opt/airflow/dags/financial_pipeline_dag.py", line 115, in <module>
    dbt_stg_overview = make_dbt_group("dbt_stg_overview", "stg_overview")
                       ^^^^^^^^^^^^^^^^^^^^^^^^^^^^^^^^^^^^^^^^^^^^^^^^^^
  File "/opt/airflow/dags/financial_pipeline_dag.py", line 102, in make_dbt_group
    return DbtTaskGroup(
           ^^^^^^^^^^^^^
  File "/home/airflow/.local/lib/python3.11/site-packages/cosmos/airflow/task_group.py", line 28, in __init__
    DbtToAirflowConverter.__init__(self, *args, **specific_kwargs(**kwargs))
  File "/home/airflow/.local/lib/python3.11/site-packages/cosmos/converter.py", line 261, in __init__
    self.dbt_graph.load(method=render_config.load_method, execution_mode=execution_config.execution_mode)
  File "/home/airflow/.local/lib/python3.11/site-packages/cosmos/dbt/graph.py", line 440, in load
    load_method[method]()
  File "/home/airflow/.local/lib/python3.11/site-packages/cosmos/dbt/graph.py", line 748, in load_from_dbt_manifest
    config=node_dict["config"],
           ~~~~~~~~~^^^^^^^^^^
KeyError: 'config'
[2026-09-08T01:07:55.258+0000] {processor.py:842} WARNING - No viable dags retrieved from /opt/airflow/dags/financial_pipeline_dag.py
[2026-09-08T01:07:55.277+0000] {processor.py:183} INFO - Processing /opt/airflow/dags/financial_pipeline_dag.py took 0.210 seconds
[2026-09-08T01:08:09.906+0000] {processor.py:161} INFO - Started process (PID=180) to work on /opt/airflow/dags/financial_pipeline_dag.py
[2026-09-08T01:08:09.908+0000] {processor.py:830} INFO - Processing file /opt/airflow/dags/financial_pipeline_dag.py for tasks to queue
[2026-09-08T01:08:09.910+0000] {logging_mixin.py:188} INFO - [2026-09-08T01:08:09.909+0000] {dagbag.py:545} INFO - Filling up the DagBag from /opt/airflow/dags/financial_pipeline_dag.py
[2026-09-08T01:08:10.077+0000] {logging_mixin.py:188} INFO - [2026-09-08T01:08:10.077+0000] {graph.py:719} INFO - Trying to parse the dbt project `transformations` using a dbt manifest...
[2026-09-08T01:08:10.103+0000] {logging_mixin.py:188} INFO - [2026-09-08T01:08:10.098+0000] {dagbag.py:355} ERROR - Failed to import: /opt/airflow/dags/financial_pipeline_dag.py
Traceback (most recent call last):
  File "/home/airflow/.local/lib/python3.11/site-packages/airflow/models/dagbag.py", line 351, in parse
    loader.exec_module(new_module)
  File "<frozen importlib._bootstrap_external>", line 940, in exec_module
  File "<frozen importlib._bootstrap>", line 241, in _call_with_frames_removed
  File "/opt/airflow/dags/financial_pipeline_dag.py", line 115, in <module>
    dbt_stg_overview = make_dbt_group("dbt_stg_overview", "stg_overview")
                       ^^^^^^^^^^^^^^^^^^^^^^^^^^^^^^^^^^^^^^^^^^^^^^^^^^
  File "/opt/airflow/dags/financial_pipeline_dag.py", line 102, in make_dbt_group
    return DbtTaskGroup(
           ^^^^^^^^^^^^^
  File "/home/airflow/.local/lib/python3.11/site-packages/cosmos/airflow/task_group.py", line 28, in __init__
    DbtToAirflowConverter.__init__(self, *args, **specific_kwargs(**kwargs))
  File "/home/airflow/.local/lib/python3.11/site-packages/cosmos/converter.py", line 261, in __init__
    self.dbt_graph.load(method=render_config.load_method, execution_mode=execution_config.execution_mode)
  File "/home/airflow/.local/lib/python3.11/site-packages/cosmos/dbt/graph.py", line 440, in load
    load_method[method]()
  File "/home/airflow/.local/lib/python3.11/site-packages/cosmos/dbt/graph.py", line 748, in load_from_dbt_manifest
    config=node_dict["config"],
           ~~~~~~~~~^^^^^^^^^^
KeyError: 'config'
[2026-09-08T01:08:10.105+0000] {processor.py:842} WARNING - No viable dags retrieved from /opt/airflow/dags/financial_pipeline_dag.py
[2026-09-08T01:08:10.131+0000] {processor.py:183} INFO - Processing /opt/airflow/dags/financial_pipeline_dag.py took 0.234 seconds
[2026-09-08T01:08:25.204+0000] {processor.py:161} INFO - Started process (PID=180) to work on /opt/airflow/dags/financial_pipeline_dag.py
[2026-09-08T01:08:25.206+0000] {processor.py:830} INFO - Processing file /opt/airflow/dags/financial_pipeline_dag.py for tasks to queue
[2026-09-08T01:08:25.207+0000] {logging_mixin.py:188} INFO - [2026-09-08T01:08:25.207+0000] {dagbag.py:545} INFO - Filling up the DagBag from /opt/airflow/dags/financial_pipeline_dag.py
[2026-09-08T01:08:25.371+0000] {logging_mixin.py:188} INFO - [2026-09-08T01:08:25.370+0000] {graph.py:719} INFO - Trying to parse the dbt project `transformations` using a dbt manifest...
[2026-09-08T01:08:25.390+0000] {logging_mixin.py:188} INFO - [2026-09-08T01:08:25.386+0000] {dagbag.py:355} ERROR - Failed to import: /opt/airflow/dags/financial_pipeline_dag.py
Traceback (most recent call last):
  File "/home/airflow/.local/lib/python3.11/site-packages/airflow/models/dagbag.py", line 351, in parse
    loader.exec_module(new_module)
  File "<frozen importlib._bootstrap_external>", line 940, in exec_module
  File "<frozen importlib._bootstrap>", line 241, in _call_with_frames_removed
  File "/opt/airflow/dags/financial_pipeline_dag.py", line 115, in <module>
    dbt_stg_overview = make_dbt_group("dbt_stg_overview", "stg_overview")
                       ^^^^^^^^^^^^^^^^^^^^^^^^^^^^^^^^^^^^^^^^^^^^^^^^^^
  File "/opt/airflow/dags/financial_pipeline_dag.py", line 102, in make_dbt_group
    return DbtTaskGroup(
           ^^^^^^^^^^^^^
  File "/home/airflow/.local/lib/python3.11/site-packages/cosmos/airflow/task_group.py", line 28, in __init__
    DbtToAirflowConverter.__init__(self, *args, **specific_kwargs(**kwargs))
  File "/home/airflow/.local/lib/python3.11/site-packages/cosmos/converter.py", line 261, in __init__
    self.dbt_graph.load(method=render_config.load_method, execution_mode=execution_config.execution_mode)
  File "/home/airflow/.local/lib/python3.11/site-packages/cosmos/dbt/graph.py", line 440, in load
    load_method[method]()
  File "/home/airflow/.local/lib/python3.11/site-packages/cosmos/dbt/graph.py", line 748, in load_from_dbt_manifest
    config=node_dict["config"],
           ~~~~~~~~~^^^^^^^^^^
KeyError: 'config'
[2026-09-08T01:08:25.391+0000] {processor.py:842} WARNING - No viable dags retrieved from /opt/airflow/dags/financial_pipeline_dag.py
[2026-09-08T01:08:25.411+0000] {processor.py:183} INFO - Processing /opt/airflow/dags/financial_pipeline_dag.py took 0.218 seconds
[2026-09-08T01:08:39.756+0000] {processor.py:161} INFO - Started process (PID=180) to work on /opt/airflow/dags/financial_pipeline_dag.py
[2026-09-08T01:08:39.757+0000] {processor.py:830} INFO - Processing file /opt/airflow/dags/financial_pipeline_dag.py for tasks to queue
[2026-09-08T01:08:39.759+0000] {logging_mixin.py:188} INFO - [2026-09-08T01:08:39.759+0000] {dagbag.py:545} INFO - Filling up the DagBag from /opt/airflow/dags/financial_pipeline_dag.py
[2026-09-08T01:08:39.892+0000] {logging_mixin.py:188} INFO - [2026-09-08T01:08:39.891+0000] {graph.py:719} INFO - Trying to parse the dbt project `transformations` using a dbt manifest...
[2026-09-08T01:08:39.912+0000] {logging_mixin.py:188} INFO - [2026-09-08T01:08:39.908+0000] {dagbag.py:355} ERROR - Failed to import: /opt/airflow/dags/financial_pipeline_dag.py
Traceback (most recent call last):
  File "/home/airflow/.local/lib/python3.11/site-packages/airflow/models/dagbag.py", line 351, in parse
    loader.exec_module(new_module)
  File "<frozen importlib._bootstrap_external>", line 940, in exec_module
  File "<frozen importlib._bootstrap>", line 241, in _call_with_frames_removed
  File "/opt/airflow/dags/financial_pipeline_dag.py", line 115, in <module>
    dbt_stg_overview = make_dbt_group("dbt_stg_overview", "stg_overview")
                       ^^^^^^^^^^^^^^^^^^^^^^^^^^^^^^^^^^^^^^^^^^^^^^^^^^
  File "/opt/airflow/dags/financial_pipeline_dag.py", line 102, in make_dbt_group
    return DbtTaskGroup(
           ^^^^^^^^^^^^^
  File "/home/airflow/.local/lib/python3.11/site-packages/cosmos/airflow/task_group.py", line 28, in __init__
    DbtToAirflowConverter.__init__(self, *args, **specific_kwargs(**kwargs))
  File "/home/airflow/.local/lib/python3.11/site-packages/cosmos/converter.py", line 261, in __init__
    self.dbt_graph.load(method=render_config.load_method, execution_mode=execution_config.execution_mode)
  File "/home/airflow/.local/lib/python3.11/site-packages/cosmos/dbt/graph.py", line 440, in load
    load_method[method]()
  File "/home/airflow/.local/lib/python3.11/site-packages/cosmos/dbt/graph.py", line 748, in load_from_dbt_manifest
    config=node_dict["config"],
           ~~~~~~~~~^^^^^^^^^^
KeyError: 'config'
[2026-09-08T01:08:39.913+0000] {processor.py:842} WARNING - No viable dags retrieved from /opt/airflow/dags/financial_pipeline_dag.py
[2026-09-08T01:08:39.933+0000] {processor.py:183} INFO - Processing /opt/airflow/dags/financial_pipeline_dag.py took 0.185 seconds
[2026-09-08T01:08:54.447+0000] {processor.py:161} INFO - Started process (PID=180) to work on /opt/airflow/dags/financial_pipeline_dag.py
[2026-09-08T01:08:54.449+0000] {processor.py:830} INFO - Processing file /opt/airflow/dags/financial_pipeline_dag.py for tasks to queue
[2026-09-08T01:08:54.452+0000] {logging_mixin.py:188} INFO - [2026-09-08T01:08:54.451+0000] {dagbag.py:545} INFO - Filling up the DagBag from /opt/airflow/dags/financial_pipeline_dag.py
[2026-09-08T01:08:54.620+0000] {logging_mixin.py:188} INFO - [2026-09-08T01:08:54.619+0000] {graph.py:719} INFO - Trying to parse the dbt project `transformations` using a dbt manifest...
[2026-09-08T01:08:54.642+0000] {logging_mixin.py:188} INFO - [2026-09-08T01:08:54.638+0000] {dagbag.py:355} ERROR - Failed to import: /opt/airflow/dags/financial_pipeline_dag.py
Traceback (most recent call last):
  File "/home/airflow/.local/lib/python3.11/site-packages/airflow/models/dagbag.py", line 351, in parse
    loader.exec_module(new_module)
  File "<frozen importlib._bootstrap_external>", line 940, in exec_module
  File "<frozen importlib._bootstrap>", line 241, in _call_with_frames_removed
  File "/opt/airflow/dags/financial_pipeline_dag.py", line 115, in <module>
    dbt_stg_overview = make_dbt_group("dbt_stg_overview", "stg_overview")
                       ^^^^^^^^^^^^^^^^^^^^^^^^^^^^^^^^^^^^^^^^^^^^^^^^^^
  File "/opt/airflow/dags/financial_pipeline_dag.py", line 102, in make_dbt_group
    return DbtTaskGroup(
           ^^^^^^^^^^^^^
  File "/home/airflow/.local/lib/python3.11/site-packages/cosmos/airflow/task_group.py", line 28, in __init__
    DbtToAirflowConverter.__init__(self, *args, **specific_kwargs(**kwargs))
  File "/home/airflow/.local/lib/python3.11/site-packages/cosmos/converter.py", line 261, in __init__
    self.dbt_graph.load(method=render_config.load_method, execution_mode=execution_config.execution_mode)
  File "/home/airflow/.local/lib/python3.11/site-packages/cosmos/dbt/graph.py", line 440, in load
    load_method[method]()
  File "/home/airflow/.local/lib/python3.11/site-packages/cosmos/dbt/graph.py", line 748, in load_from_dbt_manifest
    config=node_dict["config"],
           ~~~~~~~~~^^^^^^^^^^
KeyError: 'config'
[2026-09-08T01:08:54.644+0000] {processor.py:842} WARNING - No viable dags retrieved from /opt/airflow/dags/financial_pipeline_dag.py
[2026-09-08T01:08:54.666+0000] {processor.py:183} INFO - Processing /opt/airflow/dags/financial_pipeline_dag.py took 0.230 seconds
[2026-09-08T01:09:13.100+0000] {processor.py:161} INFO - Started process (PID=181) to work on /opt/airflow/dags/financial_pipeline_dag.py
[2026-09-08T01:09:13.103+0000] {processor.py:830} INFO - Processing file /opt/airflow/dags/financial_pipeline_dag.py for tasks to queue
[2026-09-08T01:09:13.107+0000] {logging_mixin.py:188} INFO - [2026-09-08T01:09:13.106+0000] {dagbag.py:545} INFO - Filling up the DagBag from /opt/airflow/dags/financial_pipeline_dag.py
[2026-09-08T01:09:13.357+0000] {logging_mixin.py:188} INFO - [2026-09-08T01:09:13.357+0000] {graph.py:719} INFO - Trying to parse the dbt project `transformations` using a dbt manifest...
[2026-09-08T01:09:13.382+0000] {logging_mixin.py:188} INFO - [2026-09-08T01:09:13.377+0000] {dagbag.py:355} ERROR - Failed to import: /opt/airflow/dags/financial_pipeline_dag.py
Traceback (most recent call last):
  File "/home/airflow/.local/lib/python3.11/site-packages/airflow/models/dagbag.py", line 351, in parse
    loader.exec_module(new_module)
  File "<frozen importlib._bootstrap_external>", line 940, in exec_module
  File "<frozen importlib._bootstrap>", line 241, in _call_with_frames_removed
  File "/opt/airflow/dags/financial_pipeline_dag.py", line 115, in <module>
    dbt_stg_overview = make_dbt_group("dbt_stg_overview", "stg_overview")
                       ^^^^^^^^^^^^^^^^^^^^^^^^^^^^^^^^^^^^^^^^^^^^^^^^^^
  File "/opt/airflow/dags/financial_pipeline_dag.py", line 102, in make_dbt_group
    return DbtTaskGroup(
           ^^^^^^^^^^^^^
  File "/home/airflow/.local/lib/python3.11/site-packages/cosmos/airflow/task_group.py", line 28, in __init__
    DbtToAirflowConverter.__init__(self, *args, **specific_kwargs(**kwargs))
  File "/home/airflow/.local/lib/python3.11/site-packages/cosmos/converter.py", line 261, in __init__
    self.dbt_graph.load(method=render_config.load_method, execution_mode=execution_config.execution_mode)
  File "/home/airflow/.local/lib/python3.11/site-packages/cosmos/dbt/graph.py", line 440, in load
    load_method[method]()
  File "/home/airflow/.local/lib/python3.11/site-packages/cosmos/dbt/graph.py", line 748, in load_from_dbt_manifest
    config=node_dict["config"],
           ~~~~~~~~~^^^^^^^^^^
KeyError: 'config'
[2026-09-08T01:09:13.383+0000] {processor.py:842} WARNING - No viable dags retrieved from /opt/airflow/dags/financial_pipeline_dag.py
[2026-09-08T01:09:13.404+0000] {processor.py:183} INFO - Processing /opt/airflow/dags/financial_pipeline_dag.py took 0.313 seconds
[2026-09-08T01:09:28.793+0000] {processor.py:161} INFO - Started process (PID=180) to work on /opt/airflow/dags/financial_pipeline_dag.py
[2026-09-08T01:09:28.794+0000] {processor.py:830} INFO - Processing file /opt/airflow/dags/financial_pipeline_dag.py for tasks to queue
[2026-09-08T01:09:28.796+0000] {logging_mixin.py:188} INFO - [2026-09-08T01:09:28.796+0000] {dagbag.py:545} INFO - Filling up the DagBag from /opt/airflow/dags/financial_pipeline_dag.py
[2026-09-08T01:09:28.926+0000] {logging_mixin.py:188} INFO - [2026-09-08T01:09:28.926+0000] {graph.py:719} INFO - Trying to parse the dbt project `transformations` using a dbt manifest...
[2026-09-08T01:09:28.947+0000] {logging_mixin.py:188} INFO - [2026-09-08T01:09:28.942+0000] {dagbag.py:355} ERROR - Failed to import: /opt/airflow/dags/financial_pipeline_dag.py
Traceback (most recent call last):
  File "/home/airflow/.local/lib/python3.11/site-packages/airflow/models/dagbag.py", line 351, in parse
    loader.exec_module(new_module)
  File "<frozen importlib._bootstrap_external>", line 940, in exec_module
  File "<frozen importlib._bootstrap>", line 241, in _call_with_frames_removed
  File "/opt/airflow/dags/financial_pipeline_dag.py", line 115, in <module>
    dbt_stg_overview = make_dbt_group("dbt_stg_overview", "stg_overview")
                       ^^^^^^^^^^^^^^^^^^^^^^^^^^^^^^^^^^^^^^^^^^^^^^^^^^
  File "/opt/airflow/dags/financial_pipeline_dag.py", line 102, in make_dbt_group
    return DbtTaskGroup(
           ^^^^^^^^^^^^^
  File "/home/airflow/.local/lib/python3.11/site-packages/cosmos/airflow/task_group.py", line 28, in __init__
    DbtToAirflowConverter.__init__(self, *args, **specific_kwargs(**kwargs))
  File "/home/airflow/.local/lib/python3.11/site-packages/cosmos/converter.py", line 261, in __init__
    self.dbt_graph.load(method=render_config.load_method, execution_mode=execution_config.execution_mode)
  File "/home/airflow/.local/lib/python3.11/site-packages/cosmos/dbt/graph.py", line 440, in load
    load_method[method]()
  File "/home/airflow/.local/lib/python3.11/site-packages/cosmos/dbt/graph.py", line 748, in load_from_dbt_manifest
    config=node_dict["config"],
           ~~~~~~~~~^^^^^^^^^^
KeyError: 'config'
[2026-09-08T01:09:28.948+0000] {processor.py:842} WARNING - No viable dags retrieved from /opt/airflow/dags/financial_pipeline_dag.py
[2026-09-08T01:09:28.968+0000] {processor.py:183} INFO - Processing /opt/airflow/dags/financial_pipeline_dag.py took 0.183 seconds
[2026-09-08T01:09:43.624+0000] {processor.py:161} INFO - Started process (PID=180) to work on /opt/airflow/dags/financial_pipeline_dag.py
[2026-09-08T01:09:43.625+0000] {processor.py:830} INFO - Processing file /opt/airflow/dags/financial_pipeline_dag.py for tasks to queue
[2026-09-08T01:09:43.628+0000] {logging_mixin.py:188} INFO - [2026-09-08T01:09:43.627+0000] {dagbag.py:545} INFO - Filling up the DagBag from /opt/airflow/dags/financial_pipeline_dag.py
[2026-09-08T01:09:43.771+0000] {logging_mixin.py:188} INFO - [2026-09-08T01:09:43.771+0000] {graph.py:719} INFO - Trying to parse the dbt project `transformations` using a dbt manifest...
[2026-09-08T01:09:43.790+0000] {logging_mixin.py:188} INFO - [2026-09-08T01:09:43.786+0000] {dagbag.py:355} ERROR - Failed to import: /opt/airflow/dags/financial_pipeline_dag.py
Traceback (most recent call last):
  File "/home/airflow/.local/lib/python3.11/site-packages/airflow/models/dagbag.py", line 351, in parse
    loader.exec_module(new_module)
  File "<frozen importlib._bootstrap_external>", line 940, in exec_module
  File "<frozen importlib._bootstrap>", line 241, in _call_with_frames_removed
  File "/opt/airflow/dags/financial_pipeline_dag.py", line 115, in <module>
    dbt_stg_overview = make_dbt_group("dbt_stg_overview", "stg_overview")
                       ^^^^^^^^^^^^^^^^^^^^^^^^^^^^^^^^^^^^^^^^^^^^^^^^^^
  File "/opt/airflow/dags/financial_pipeline_dag.py", line 102, in make_dbt_group
    return DbtTaskGroup(
           ^^^^^^^^^^^^^
  File "/home/airflow/.local/lib/python3.11/site-packages/cosmos/airflow/task_group.py", line 28, in __init__
    DbtToAirflowConverter.__init__(self, *args, **specific_kwargs(**kwargs))
  File "/home/airflow/.local/lib/python3.11/site-packages/cosmos/converter.py", line 261, in __init__
    self.dbt_graph.load(method=render_config.load_method, execution_mode=execution_config.execution_mode)
  File "/home/airflow/.local/lib/python3.11/site-packages/cosmos/dbt/graph.py", line 440, in load
    load_method[method]()
  File "/home/airflow/.local/lib/python3.11/site-packages/cosmos/dbt/graph.py", line 748, in load_from_dbt_manifest
    config=node_dict["config"],
           ~~~~~~~~~^^^^^^^^^^
KeyError: 'config'
[2026-09-08T01:09:43.791+0000] {processor.py:842} WARNING - No viable dags retrieved from /opt/airflow/dags/financial_pipeline_dag.py
[2026-09-08T01:09:43.810+0000] {processor.py:183} INFO - Processing /opt/airflow/dags/financial_pipeline_dag.py took 0.195 seconds
[2026-09-08T01:09:58.510+0000] {processor.py:161} INFO - Started process (PID=181) to work on /opt/airflow/dags/financial_pipeline_dag.py
[2026-09-08T01:09:58.512+0000] {processor.py:830} INFO - Processing file /opt/airflow/dags/financial_pipeline_dag.py for tasks to queue
[2026-09-08T01:09:58.514+0000] {logging_mixin.py:188} INFO - [2026-09-08T01:09:58.514+0000] {dagbag.py:545} INFO - Filling up the DagBag from /opt/airflow/dags/financial_pipeline_dag.py
[2026-09-08T01:09:58.659+0000] {logging_mixin.py:188} INFO - [2026-09-08T01:09:58.659+0000] {graph.py:719} INFO - Trying to parse the dbt project `transformations` using a dbt manifest...
[2026-09-08T01:09:58.684+0000] {logging_mixin.py:188} INFO - [2026-09-08T01:09:58.678+0000] {dagbag.py:355} ERROR - Failed to import: /opt/airflow/dags/financial_pipeline_dag.py
Traceback (most recent call last):
  File "/home/airflow/.local/lib/python3.11/site-packages/airflow/models/dagbag.py", line 351, in parse
    loader.exec_module(new_module)
  File "<frozen importlib._bootstrap_external>", line 940, in exec_module
  File "<frozen importlib._bootstrap>", line 241, in _call_with_frames_removed
  File "/opt/airflow/dags/financial_pipeline_dag.py", line 115, in <module>
    dbt_stg_overview = make_dbt_group("dbt_stg_overview", "stg_overview")
                       ^^^^^^^^^^^^^^^^^^^^^^^^^^^^^^^^^^^^^^^^^^^^^^^^^^
  File "/opt/airflow/dags/financial_pipeline_dag.py", line 102, in make_dbt_group
    return DbtTaskGroup(
           ^^^^^^^^^^^^^
  File "/home/airflow/.local/lib/python3.11/site-packages/cosmos/airflow/task_group.py", line 28, in __init__
    DbtToAirflowConverter.__init__(self, *args, **specific_kwargs(**kwargs))
  File "/home/airflow/.local/lib/python3.11/site-packages/cosmos/converter.py", line 261, in __init__
    self.dbt_graph.load(method=render_config.load_method, execution_mode=execution_config.execution_mode)
  File "/home/airflow/.local/lib/python3.11/site-packages/cosmos/dbt/graph.py", line 440, in load
    load_method[method]()
  File "/home/airflow/.local/lib/python3.11/site-packages/cosmos/dbt/graph.py", line 748, in load_from_dbt_manifest
    config=node_dict["config"],
           ~~~~~~~~~^^^^^^^^^^
KeyError: 'config'
[2026-09-08T01:09:58.687+0000] {processor.py:842} WARNING - No viable dags retrieved from /opt/airflow/dags/financial_pipeline_dag.py
[2026-09-08T01:09:58.729+0000] {processor.py:183} INFO - Processing /opt/airflow/dags/financial_pipeline_dag.py took 0.228 seconds
[2026-09-08T01:10:13.097+0000] {processor.py:161} INFO - Started process (PID=180) to work on /opt/airflow/dags/financial_pipeline_dag.py
[2026-09-08T01:10:13.098+0000] {processor.py:830} INFO - Processing file /opt/airflow/dags/financial_pipeline_dag.py for tasks to queue
[2026-09-08T01:10:13.100+0000] {logging_mixin.py:188} INFO - [2026-09-08T01:10:13.100+0000] {dagbag.py:545} INFO - Filling up the DagBag from /opt/airflow/dags/financial_pipeline_dag.py
[2026-09-08T01:10:13.273+0000] {logging_mixin.py:188} INFO - [2026-09-08T01:10:13.272+0000] {graph.py:719} INFO - Trying to parse the dbt project `transformations` using a dbt manifest...
[2026-09-08T01:10:13.296+0000] {logging_mixin.py:188} INFO - [2026-09-08T01:10:13.290+0000] {dagbag.py:355} ERROR - Failed to import: /opt/airflow/dags/financial_pipeline_dag.py
Traceback (most recent call last):
  File "/home/airflow/.local/lib/python3.11/site-packages/airflow/models/dagbag.py", line 351, in parse
    loader.exec_module(new_module)
  File "<frozen importlib._bootstrap_external>", line 940, in exec_module
  File "<frozen importlib._bootstrap>", line 241, in _call_with_frames_removed
  File "/opt/airflow/dags/financial_pipeline_dag.py", line 115, in <module>
    dbt_stg_overview = make_dbt_group("dbt_stg_overview", "stg_overview")
                       ^^^^^^^^^^^^^^^^^^^^^^^^^^^^^^^^^^^^^^^^^^^^^^^^^^
  File "/opt/airflow/dags/financial_pipeline_dag.py", line 102, in make_dbt_group
    return DbtTaskGroup(
           ^^^^^^^^^^^^^
  File "/home/airflow/.local/lib/python3.11/site-packages/cosmos/airflow/task_group.py", line 28, in __init__
    DbtToAirflowConverter.__init__(self, *args, **specific_kwargs(**kwargs))
  File "/home/airflow/.local/lib/python3.11/site-packages/cosmos/converter.py", line 261, in __init__
    self.dbt_graph.load(method=render_config.load_method, execution_mode=execution_config.execution_mode)
  File "/home/airflow/.local/lib/python3.11/site-packages/cosmos/dbt/graph.py", line 440, in load
    load_method[method]()
  File "/home/airflow/.local/lib/python3.11/site-packages/cosmos/dbt/graph.py", line 748, in load_from_dbt_manifest
    config=node_dict["config"],
           ~~~~~~~~~^^^^^^^^^^
KeyError: 'config'
[2026-09-08T01:10:13.297+0000] {processor.py:842} WARNING - No viable dags retrieved from /opt/airflow/dags/financial_pipeline_dag.py
[2026-09-08T01:10:13.320+0000] {processor.py:183} INFO - Processing /opt/airflow/dags/financial_pipeline_dag.py took 0.235 seconds
[2026-09-08T01:10:27.986+0000] {processor.py:161} INFO - Started process (PID=180) to work on /opt/airflow/dags/financial_pipeline_dag.py
[2026-09-08T01:10:27.988+0000] {processor.py:830} INFO - Processing file /opt/airflow/dags/financial_pipeline_dag.py for tasks to queue
[2026-09-08T01:10:27.990+0000] {logging_mixin.py:188} INFO - [2026-09-08T01:10:27.990+0000] {dagbag.py:545} INFO - Filling up the DagBag from /opt/airflow/dags/financial_pipeline_dag.py
[2026-09-08T01:10:28.153+0000] {logging_mixin.py:188} INFO - [2026-09-08T01:10:28.153+0000] {graph.py:719} INFO - Trying to parse the dbt project `transformations` using a dbt manifest...
[2026-09-08T01:10:28.178+0000] {logging_mixin.py:188} INFO - [2026-09-08T01:10:28.172+0000] {dagbag.py:355} ERROR - Failed to import: /opt/airflow/dags/financial_pipeline_dag.py
Traceback (most recent call last):
  File "/home/airflow/.local/lib/python3.11/site-packages/airflow/models/dagbag.py", line 351, in parse
    loader.exec_module(new_module)
  File "<frozen importlib._bootstrap_external>", line 940, in exec_module
  File "<frozen importlib._bootstrap>", line 241, in _call_with_frames_removed
  File "/opt/airflow/dags/financial_pipeline_dag.py", line 115, in <module>
    dbt_stg_overview = make_dbt_group("dbt_stg_overview", "stg_overview")
                       ^^^^^^^^^^^^^^^^^^^^^^^^^^^^^^^^^^^^^^^^^^^^^^^^^^
  File "/opt/airflow/dags/financial_pipeline_dag.py", line 102, in make_dbt_group
    return DbtTaskGroup(
           ^^^^^^^^^^^^^
  File "/home/airflow/.local/lib/python3.11/site-packages/cosmos/airflow/task_group.py", line 28, in __init__
    DbtToAirflowConverter.__init__(self, *args, **specific_kwargs(**kwargs))
  File "/home/airflow/.local/lib/python3.11/site-packages/cosmos/converter.py", line 261, in __init__
    self.dbt_graph.load(method=render_config.load_method, execution_mode=execution_config.execution_mode)
  File "/home/airflow/.local/lib/python3.11/site-packages/cosmos/dbt/graph.py", line 440, in load
    load_method[method]()
  File "/home/airflow/.local/lib/python3.11/site-packages/cosmos/dbt/graph.py", line 748, in load_from_dbt_manifest
    config=node_dict["config"],
           ~~~~~~~~~^^^^^^^^^^
KeyError: 'config'
[2026-09-08T01:10:28.180+0000] {processor.py:842} WARNING - No viable dags retrieved from /opt/airflow/dags/financial_pipeline_dag.py
[2026-09-08T01:10:28.202+0000] {processor.py:183} INFO - Processing /opt/airflow/dags/financial_pipeline_dag.py took 0.226 seconds
[2026-09-08T01:10:43.496+0000] {processor.py:161} INFO - Started process (PID=180) to work on /opt/airflow/dags/financial_pipeline_dag.py
[2026-09-08T01:10:43.498+0000] {processor.py:830} INFO - Processing file /opt/airflow/dags/financial_pipeline_dag.py for tasks to queue
[2026-09-08T01:10:43.499+0000] {logging_mixin.py:188} INFO - [2026-09-08T01:10:43.499+0000] {dagbag.py:545} INFO - Filling up the DagBag from /opt/airflow/dags/financial_pipeline_dag.py
[2026-09-08T01:10:43.638+0000] {logging_mixin.py:188} INFO - [2026-09-08T01:10:43.638+0000] {graph.py:719} INFO - Trying to parse the dbt project `transformations` using a dbt manifest...
[2026-09-08T01:10:43.659+0000] {logging_mixin.py:188} INFO - [2026-09-08T01:10:43.655+0000] {dagbag.py:355} ERROR - Failed to import: /opt/airflow/dags/financial_pipeline_dag.py
Traceback (most recent call last):
  File "/home/airflow/.local/lib/python3.11/site-packages/airflow/models/dagbag.py", line 351, in parse
    loader.exec_module(new_module)
  File "<frozen importlib._bootstrap_external>", line 940, in exec_module
  File "<frozen importlib._bootstrap>", line 241, in _call_with_frames_removed
  File "/opt/airflow/dags/financial_pipeline_dag.py", line 115, in <module>
    dbt_stg_overview = make_dbt_group("dbt_stg_overview", "stg_overview")
                       ^^^^^^^^^^^^^^^^^^^^^^^^^^^^^^^^^^^^^^^^^^^^^^^^^^
  File "/opt/airflow/dags/financial_pipeline_dag.py", line 102, in make_dbt_group
    return DbtTaskGroup(
           ^^^^^^^^^^^^^
  File "/home/airflow/.local/lib/python3.11/site-packages/cosmos/airflow/task_group.py", line 28, in __init__
    DbtToAirflowConverter.__init__(self, *args, **specific_kwargs(**kwargs))
  File "/home/airflow/.local/lib/python3.11/site-packages/cosmos/converter.py", line 261, in __init__
    self.dbt_graph.load(method=render_config.load_method, execution_mode=execution_config.execution_mode)
  File "/home/airflow/.local/lib/python3.11/site-packages/cosmos/dbt/graph.py", line 440, in load
    load_method[method]()
  File "/home/airflow/.local/lib/python3.11/site-packages/cosmos/dbt/graph.py", line 748, in load_from_dbt_manifest
    config=node_dict["config"],
           ~~~~~~~~~^^^^^^^^^^
KeyError: 'config'
[2026-09-08T01:10:43.660+0000] {processor.py:842} WARNING - No viable dags retrieved from /opt/airflow/dags/financial_pipeline_dag.py
[2026-09-08T01:10:43.679+0000] {processor.py:183} INFO - Processing /opt/airflow/dags/financial_pipeline_dag.py took 0.193 seconds
[2026-09-08T01:10:58.242+0000] {processor.py:161} INFO - Started process (PID=180) to work on /opt/airflow/dags/financial_pipeline_dag.py
[2026-09-08T01:10:58.244+0000] {processor.py:830} INFO - Processing file /opt/airflow/dags/financial_pipeline_dag.py for tasks to queue
[2026-09-08T01:10:58.250+0000] {logging_mixin.py:188} INFO - [2026-09-08T01:10:58.249+0000] {dagbag.py:545} INFO - Filling up the DagBag from /opt/airflow/dags/financial_pipeline_dag.py
[2026-09-08T01:10:58.417+0000] {logging_mixin.py:188} INFO - [2026-09-08T01:10:58.417+0000] {graph.py:719} INFO - Trying to parse the dbt project `transformations` using a dbt manifest...
[2026-09-08T01:10:58.441+0000] {logging_mixin.py:188} INFO - [2026-09-08T01:10:58.435+0000] {dagbag.py:355} ERROR - Failed to import: /opt/airflow/dags/financial_pipeline_dag.py
Traceback (most recent call last):
  File "/home/airflow/.local/lib/python3.11/site-packages/airflow/models/dagbag.py", line 351, in parse
    loader.exec_module(new_module)
  File "<frozen importlib._bootstrap_external>", line 940, in exec_module
  File "<frozen importlib._bootstrap>", line 241, in _call_with_frames_removed
  File "/opt/airflow/dags/financial_pipeline_dag.py", line 115, in <module>
    dbt_stg_overview = make_dbt_group("dbt_stg_overview", "stg_overview")
                       ^^^^^^^^^^^^^^^^^^^^^^^^^^^^^^^^^^^^^^^^^^^^^^^^^^
  File "/opt/airflow/dags/financial_pipeline_dag.py", line 102, in make_dbt_group
    return DbtTaskGroup(
           ^^^^^^^^^^^^^
  File "/home/airflow/.local/lib/python3.11/site-packages/cosmos/airflow/task_group.py", line 28, in __init__
    DbtToAirflowConverter.__init__(self, *args, **specific_kwargs(**kwargs))
  File "/home/airflow/.local/lib/python3.11/site-packages/cosmos/converter.py", line 261, in __init__
    self.dbt_graph.load(method=render_config.load_method, execution_mode=execution_config.execution_mode)
  File "/home/airflow/.local/lib/python3.11/site-packages/cosmos/dbt/graph.py", line 440, in load
    load_method[method]()
  File "/home/airflow/.local/lib/python3.11/site-packages/cosmos/dbt/graph.py", line 748, in load_from_dbt_manifest
    config=node_dict["config"],
           ~~~~~~~~~^^^^^^^^^^
KeyError: 'config'
[2026-09-08T01:10:58.442+0000] {processor.py:842} WARNING - No viable dags retrieved from /opt/airflow/dags/financial_pipeline_dag.py
[2026-09-08T01:10:58.465+0000] {processor.py:183} INFO - Processing /opt/airflow/dags/financial_pipeline_dag.py took 0.233 seconds
[2026-09-08T01:11:12.762+0000] {processor.py:161} INFO - Started process (PID=180) to work on /opt/airflow/dags/financial_pipeline_dag.py
[2026-09-08T01:11:12.764+0000] {processor.py:830} INFO - Processing file /opt/airflow/dags/financial_pipeline_dag.py for tasks to queue
[2026-09-08T01:11:12.766+0000] {logging_mixin.py:188} INFO - [2026-09-08T01:11:12.765+0000] {dagbag.py:545} INFO - Filling up the DagBag from /opt/airflow/dags/financial_pipeline_dag.py
[2026-09-08T01:11:12.914+0000] {logging_mixin.py:188} INFO - [2026-09-08T01:11:12.914+0000] {graph.py:719} INFO - Trying to parse the dbt project `transformations` using a dbt manifest...
[2026-09-08T01:11:12.939+0000] {logging_mixin.py:188} INFO - [2026-09-08T01:11:12.934+0000] {dagbag.py:355} ERROR - Failed to import: /opt/airflow/dags/financial_pipeline_dag.py
Traceback (most recent call last):
  File "/home/airflow/.local/lib/python3.11/site-packages/airflow/models/dagbag.py", line 351, in parse
    loader.exec_module(new_module)
  File "<frozen importlib._bootstrap_external>", line 940, in exec_module
  File "<frozen importlib._bootstrap>", line 241, in _call_with_frames_removed
  File "/opt/airflow/dags/financial_pipeline_dag.py", line 115, in <module>
    dbt_stg_overview = make_dbt_group("dbt_stg_overview", "stg_overview")
                       ^^^^^^^^^^^^^^^^^^^^^^^^^^^^^^^^^^^^^^^^^^^^^^^^^^
  File "/opt/airflow/dags/financial_pipeline_dag.py", line 102, in make_dbt_group
    return DbtTaskGroup(
           ^^^^^^^^^^^^^
  File "/home/airflow/.local/lib/python3.11/site-packages/cosmos/airflow/task_group.py", line 28, in __init__
    DbtToAirflowConverter.__init__(self, *args, **specific_kwargs(**kwargs))
  File "/home/airflow/.local/lib/python3.11/site-packages/cosmos/converter.py", line 261, in __init__
    self.dbt_graph.load(method=render_config.load_method, execution_mode=execution_config.execution_mode)
  File "/home/airflow/.local/lib/python3.11/site-packages/cosmos/dbt/graph.py", line 440, in load
    load_method[method]()
  File "/home/airflow/.local/lib/python3.11/site-packages/cosmos/dbt/graph.py", line 748, in load_from_dbt_manifest
    config=node_dict["config"],
           ~~~~~~~~~^^^^^^^^^^
KeyError: 'config'
[2026-09-08T01:11:12.941+0000] {processor.py:842} WARNING - No viable dags retrieved from /opt/airflow/dags/financial_pipeline_dag.py
[2026-09-08T01:11:12.964+0000] {processor.py:183} INFO - Processing /opt/airflow/dags/financial_pipeline_dag.py took 0.212 seconds
[2026-09-08T01:11:27.307+0000] {processor.py:161} INFO - Started process (PID=180) to work on /opt/airflow/dags/financial_pipeline_dag.py
[2026-09-08T01:11:27.308+0000] {processor.py:830} INFO - Processing file /opt/airflow/dags/financial_pipeline_dag.py for tasks to queue
[2026-09-08T01:11:27.310+0000] {logging_mixin.py:188} INFO - [2026-09-08T01:11:27.310+0000] {dagbag.py:545} INFO - Filling up the DagBag from /opt/airflow/dags/financial_pipeline_dag.py
[2026-09-08T01:11:27.468+0000] {logging_mixin.py:188} INFO - [2026-09-08T01:11:27.468+0000] {graph.py:719} INFO - Trying to parse the dbt project `transformations` using a dbt manifest...
[2026-09-08T01:11:27.488+0000] {logging_mixin.py:188} INFO - [2026-09-08T01:11:27.485+0000] {dagbag.py:355} ERROR - Failed to import: /opt/airflow/dags/financial_pipeline_dag.py
Traceback (most recent call last):
  File "/home/airflow/.local/lib/python3.11/site-packages/airflow/models/dagbag.py", line 351, in parse
    loader.exec_module(new_module)
  File "<frozen importlib._bootstrap_external>", line 940, in exec_module
  File "<frozen importlib._bootstrap>", line 241, in _call_with_frames_removed
  File "/opt/airflow/dags/financial_pipeline_dag.py", line 115, in <module>
    dbt_stg_overview = make_dbt_group("dbt_stg_overview", "stg_overview")
                       ^^^^^^^^^^^^^^^^^^^^^^^^^^^^^^^^^^^^^^^^^^^^^^^^^^
  File "/opt/airflow/dags/financial_pipeline_dag.py", line 102, in make_dbt_group
    return DbtTaskGroup(
           ^^^^^^^^^^^^^
  File "/home/airflow/.local/lib/python3.11/site-packages/cosmos/airflow/task_group.py", line 28, in __init__
    DbtToAirflowConverter.__init__(self, *args, **specific_kwargs(**kwargs))
  File "/home/airflow/.local/lib/python3.11/site-packages/cosmos/converter.py", line 261, in __init__
    self.dbt_graph.load(method=render_config.load_method, execution_mode=execution_config.execution_mode)
  File "/home/airflow/.local/lib/python3.11/site-packages/cosmos/dbt/graph.py", line 440, in load
    load_method[method]()
  File "/home/airflow/.local/lib/python3.11/site-packages/cosmos/dbt/graph.py", line 748, in load_from_dbt_manifest
    config=node_dict["config"],
           ~~~~~~~~~^^^^^^^^^^
KeyError: 'config'
[2026-09-08T01:11:27.489+0000] {processor.py:842} WARNING - No viable dags retrieved from /opt/airflow/dags/financial_pipeline_dag.py
[2026-09-08T01:11:27.509+0000] {processor.py:183} INFO - Processing /opt/airflow/dags/financial_pipeline_dag.py took 0.209 seconds
[2026-09-08T01:11:42.545+0000] {processor.py:161} INFO - Started process (PID=180) to work on /opt/airflow/dags/financial_pipeline_dag.py
[2026-09-08T01:11:42.546+0000] {processor.py:830} INFO - Processing file /opt/airflow/dags/financial_pipeline_dag.py for tasks to queue
[2026-09-08T01:11:42.548+0000] {logging_mixin.py:188} INFO - [2026-09-08T01:11:42.548+0000] {dagbag.py:545} INFO - Filling up the DagBag from /opt/airflow/dags/financial_pipeline_dag.py
[2026-09-08T01:11:42.697+0000] {logging_mixin.py:188} INFO - [2026-09-08T01:11:42.697+0000] {graph.py:719} INFO - Trying to parse the dbt project `transformations` using a dbt manifest...
[2026-09-08T01:11:42.718+0000] {logging_mixin.py:188} INFO - [2026-09-08T01:11:42.714+0000] {dagbag.py:355} ERROR - Failed to import: /opt/airflow/dags/financial_pipeline_dag.py
Traceback (most recent call last):
  File "/home/airflow/.local/lib/python3.11/site-packages/airflow/models/dagbag.py", line 351, in parse
    loader.exec_module(new_module)
  File "<frozen importlib._bootstrap_external>", line 940, in exec_module
  File "<frozen importlib._bootstrap>", line 241, in _call_with_frames_removed
  File "/opt/airflow/dags/financial_pipeline_dag.py", line 115, in <module>
    dbt_stg_overview = make_dbt_group("dbt_stg_overview", "stg_overview")
                       ^^^^^^^^^^^^^^^^^^^^^^^^^^^^^^^^^^^^^^^^^^^^^^^^^^
  File "/opt/airflow/dags/financial_pipeline_dag.py", line 102, in make_dbt_group
    return DbtTaskGroup(
           ^^^^^^^^^^^^^
  File "/home/airflow/.local/lib/python3.11/site-packages/cosmos/airflow/task_group.py", line 28, in __init__
    DbtToAirflowConverter.__init__(self, *args, **specific_kwargs(**kwargs))
  File "/home/airflow/.local/lib/python3.11/site-packages/cosmos/converter.py", line 261, in __init__
    self.dbt_graph.load(method=render_config.load_method, execution_mode=execution_config.execution_mode)
  File "/home/airflow/.local/lib/python3.11/site-packages/cosmos/dbt/graph.py", line 440, in load
    load_method[method]()
  File "/home/airflow/.local/lib/python3.11/site-packages/cosmos/dbt/graph.py", line 748, in load_from_dbt_manifest
    config=node_dict["config"],
           ~~~~~~~~~^^^^^^^^^^
KeyError: 'config'
[2026-09-08T01:11:42.719+0000] {processor.py:842} WARNING - No viable dags retrieved from /opt/airflow/dags/financial_pipeline_dag.py
[2026-09-08T01:11:42.738+0000] {processor.py:183} INFO - Processing /opt/airflow/dags/financial_pipeline_dag.py took 0.201 seconds
[2026-09-08T01:11:57.406+0000] {processor.py:161} INFO - Started process (PID=180) to work on /opt/airflow/dags/financial_pipeline_dag.py
[2026-09-08T01:11:57.407+0000] {processor.py:830} INFO - Processing file /opt/airflow/dags/financial_pipeline_dag.py for tasks to queue
[2026-09-08T01:11:57.409+0000] {logging_mixin.py:188} INFO - [2026-09-08T01:11:57.409+0000] {dagbag.py:545} INFO - Filling up the DagBag from /opt/airflow/dags/financial_pipeline_dag.py
[2026-09-08T01:11:57.633+0000] {logging_mixin.py:188} INFO - [2026-09-08T01:11:57.632+0000] {graph.py:719} INFO - Trying to parse the dbt project `transformations` using a dbt manifest...
[2026-09-08T01:11:57.658+0000] {logging_mixin.py:188} INFO - [2026-09-08T01:11:57.654+0000] {dagbag.py:355} ERROR - Failed to import: /opt/airflow/dags/financial_pipeline_dag.py
Traceback (most recent call last):
  File "/home/airflow/.local/lib/python3.11/site-packages/airflow/models/dagbag.py", line 351, in parse
    loader.exec_module(new_module)
  File "<frozen importlib._bootstrap_external>", line 940, in exec_module
  File "<frozen importlib._bootstrap>", line 241, in _call_with_frames_removed
  File "/opt/airflow/dags/financial_pipeline_dag.py", line 115, in <module>
    dbt_stg_overview = make_dbt_group("dbt_stg_overview", "stg_overview")
                       ^^^^^^^^^^^^^^^^^^^^^^^^^^^^^^^^^^^^^^^^^^^^^^^^^^
  File "/opt/airflow/dags/financial_pipeline_dag.py", line 102, in make_dbt_group
    return DbtTaskGroup(
           ^^^^^^^^^^^^^
  File "/home/airflow/.local/lib/python3.11/site-packages/cosmos/airflow/task_group.py", line 28, in __init__
    DbtToAirflowConverter.__init__(self, *args, **specific_kwargs(**kwargs))
  File "/home/airflow/.local/lib/python3.11/site-packages/cosmos/converter.py", line 261, in __init__
    self.dbt_graph.load(method=render_config.load_method, execution_mode=execution_config.execution_mode)
  File "/home/airflow/.local/lib/python3.11/site-packages/cosmos/dbt/graph.py", line 440, in load
    load_method[method]()
  File "/home/airflow/.local/lib/python3.11/site-packages/cosmos/dbt/graph.py", line 748, in load_from_dbt_manifest
    config=node_dict["config"],
           ~~~~~~~~~^^^^^^^^^^
KeyError: 'config'
[2026-09-08T01:11:57.660+0000] {processor.py:842} WARNING - No viable dags retrieved from /opt/airflow/dags/financial_pipeline_dag.py
[2026-09-08T01:11:57.679+0000] {processor.py:183} INFO - Processing /opt/airflow/dags/financial_pipeline_dag.py took 0.281 seconds
[2026-09-08T01:12:11.878+0000] {processor.py:161} INFO - Started process (PID=180) to work on /opt/airflow/dags/financial_pipeline_dag.py
[2026-09-08T01:12:11.879+0000] {processor.py:830} INFO - Processing file /opt/airflow/dags/financial_pipeline_dag.py for tasks to queue
[2026-09-08T01:12:11.881+0000] {logging_mixin.py:188} INFO - [2026-09-08T01:12:11.880+0000] {dagbag.py:545} INFO - Filling up the DagBag from /opt/airflow/dags/financial_pipeline_dag.py
[2026-09-08T01:12:12.023+0000] {logging_mixin.py:188} INFO - [2026-09-08T01:12:12.022+0000] {graph.py:719} INFO - Trying to parse the dbt project `transformations` using a dbt manifest...
[2026-09-08T01:12:12.045+0000] {logging_mixin.py:188} INFO - [2026-09-08T01:12:12.040+0000] {dagbag.py:355} ERROR - Failed to import: /opt/airflow/dags/financial_pipeline_dag.py
Traceback (most recent call last):
  File "/home/airflow/.local/lib/python3.11/site-packages/airflow/models/dagbag.py", line 351, in parse
    loader.exec_module(new_module)
  File "<frozen importlib._bootstrap_external>", line 940, in exec_module
  File "<frozen importlib._bootstrap>", line 241, in _call_with_frames_removed
  File "/opt/airflow/dags/financial_pipeline_dag.py", line 115, in <module>
    dbt_stg_overview = make_dbt_group("dbt_stg_overview", "stg_overview")
                       ^^^^^^^^^^^^^^^^^^^^^^^^^^^^^^^^^^^^^^^^^^^^^^^^^^
  File "/opt/airflow/dags/financial_pipeline_dag.py", line 102, in make_dbt_group
    return DbtTaskGroup(
           ^^^^^^^^^^^^^
  File "/home/airflow/.local/lib/python3.11/site-packages/cosmos/airflow/task_group.py", line 28, in __init__
    DbtToAirflowConverter.__init__(self, *args, **specific_kwargs(**kwargs))
  File "/home/airflow/.local/lib/python3.11/site-packages/cosmos/converter.py", line 261, in __init__
    self.dbt_graph.load(method=render_config.load_method, execution_mode=execution_config.execution_mode)
  File "/home/airflow/.local/lib/python3.11/site-packages/cosmos/dbt/graph.py", line 440, in load
    load_method[method]()
  File "/home/airflow/.local/lib/python3.11/site-packages/cosmos/dbt/graph.py", line 748, in load_from_dbt_manifest
    config=node_dict["config"],
           ~~~~~~~~~^^^^^^^^^^
KeyError: 'config'
[2026-09-08T01:12:12.046+0000] {processor.py:842} WARNING - No viable dags retrieved from /opt/airflow/dags/financial_pipeline_dag.py
[2026-09-08T01:12:12.065+0000] {processor.py:183} INFO - Processing /opt/airflow/dags/financial_pipeline_dag.py took 0.196 seconds
[2026-09-08T01:12:26.530+0000] {processor.py:161} INFO - Started process (PID=180) to work on /opt/airflow/dags/financial_pipeline_dag.py
[2026-09-08T01:12:26.531+0000] {processor.py:830} INFO - Processing file /opt/airflow/dags/financial_pipeline_dag.py for tasks to queue
[2026-09-08T01:12:26.533+0000] {logging_mixin.py:188} INFO - [2026-09-08T01:12:26.533+0000] {dagbag.py:545} INFO - Filling up the DagBag from /opt/airflow/dags/financial_pipeline_dag.py
[2026-09-08T01:12:26.688+0000] {logging_mixin.py:188} INFO - [2026-09-08T01:12:26.688+0000] {graph.py:719} INFO - Trying to parse the dbt project `transformations` using a dbt manifest...
[2026-09-08T01:12:26.712+0000] {logging_mixin.py:188} INFO - [2026-09-08T01:12:26.708+0000] {dagbag.py:355} ERROR - Failed to import: /opt/airflow/dags/financial_pipeline_dag.py
Traceback (most recent call last):
  File "/home/airflow/.local/lib/python3.11/site-packages/airflow/models/dagbag.py", line 351, in parse
    loader.exec_module(new_module)
  File "<frozen importlib._bootstrap_external>", line 940, in exec_module
  File "<frozen importlib._bootstrap>", line 241, in _call_with_frames_removed
  File "/opt/airflow/dags/financial_pipeline_dag.py", line 115, in <module>
    dbt_stg_overview = make_dbt_group("dbt_stg_overview", "stg_overview")
                       ^^^^^^^^^^^^^^^^^^^^^^^^^^^^^^^^^^^^^^^^^^^^^^^^^^
  File "/opt/airflow/dags/financial_pipeline_dag.py", line 102, in make_dbt_group
    return DbtTaskGroup(
           ^^^^^^^^^^^^^
  File "/home/airflow/.local/lib/python3.11/site-packages/cosmos/airflow/task_group.py", line 28, in __init__
    DbtToAirflowConverter.__init__(self, *args, **specific_kwargs(**kwargs))
  File "/home/airflow/.local/lib/python3.11/site-packages/cosmos/converter.py", line 261, in __init__
    self.dbt_graph.load(method=render_config.load_method, execution_mode=execution_config.execution_mode)
  File "/home/airflow/.local/lib/python3.11/site-packages/cosmos/dbt/graph.py", line 440, in load
    load_method[method]()
  File "/home/airflow/.local/lib/python3.11/site-packages/cosmos/dbt/graph.py", line 748, in load_from_dbt_manifest
    config=node_dict["config"],
           ~~~~~~~~~^^^^^^^^^^
KeyError: 'config'
[2026-09-08T01:12:26.714+0000] {processor.py:842} WARNING - No viable dags retrieved from /opt/airflow/dags/financial_pipeline_dag.py
[2026-09-08T01:12:26.736+0000] {processor.py:183} INFO - Processing /opt/airflow/dags/financial_pipeline_dag.py took 0.217 seconds
[2026-09-08T01:12:41.266+0000] {processor.py:161} INFO - Started process (PID=192) to work on /opt/airflow/dags/financial_pipeline_dag.py
[2026-09-08T01:12:41.267+0000] {processor.py:830} INFO - Processing file /opt/airflow/dags/financial_pipeline_dag.py for tasks to queue
[2026-09-08T01:12:41.268+0000] {logging_mixin.py:188} INFO - [2026-09-08T01:12:41.268+0000] {dagbag.py:545} INFO - Filling up the DagBag from /opt/airflow/dags/financial_pipeline_dag.py
[2026-09-08T01:12:41.376+0000] {logging_mixin.py:188} INFO - [2026-09-08T01:12:41.376+0000] {graph.py:719} INFO - Trying to parse the dbt project `transformations` using a dbt manifest...
[2026-09-08T01:12:41.454+0000] {logging_mixin.py:188} INFO - [2026-09-08T01:12:41.395+0000] {dagbag.py:355} ERROR - Failed to import: /opt/airflow/dags/financial_pipeline_dag.py
Traceback (most recent call last):
  File "/home/airflow/.local/lib/python3.11/site-packages/airflow/models/dagbag.py", line 351, in parse
    loader.exec_module(new_module)
  File "<frozen importlib._bootstrap_external>", line 940, in exec_module
  File "<frozen importlib._bootstrap>", line 241, in _call_with_frames_removed
  File "/opt/airflow/dags/financial_pipeline_dag.py", line 115, in <module>
    dbt_stg_overview = make_dbt_group("dbt_stg_overview", "stg_overview")
                       ^^^^^^^^^^^^^^^^^^^^^^^^^^^^^^^^^^^^^^^^^^^^^^^^^^
  File "/opt/airflow/dags/financial_pipeline_dag.py", line 102, in make_dbt_group
    return DbtTaskGroup(
           ^^^^^^^^^^^^^
  File "/home/airflow/.local/lib/python3.11/site-packages/cosmos/airflow/task_group.py", line 28, in __init__
    DbtToAirflowConverter.__init__(self, *args, **specific_kwargs(**kwargs))
  File "/home/airflow/.local/lib/python3.11/site-packages/cosmos/converter.py", line 261, in __init__
    self.dbt_graph.load(method=render_config.load_method, execution_mode=execution_config.execution_mode)
  File "/home/airflow/.local/lib/python3.11/site-packages/cosmos/dbt/graph.py", line 440, in load
    load_method[method]()
  File "/home/airflow/.local/lib/python3.11/site-packages/cosmos/dbt/graph.py", line 748, in load_from_dbt_manifest
    config=node_dict["config"],
           ~~~~~~~~~^^^^^^^^^^
KeyError: 'config'
[2026-09-08T01:12:41.456+0000] {processor.py:842} WARNING - No viable dags retrieved from /opt/airflow/dags/financial_pipeline_dag.py
[2026-09-08T01:12:41.483+0000] {processor.py:183} INFO - Processing /opt/airflow/dags/financial_pipeline_dag.py took 0.222 seconds
[2026-09-08T01:12:56.569+0000] {processor.py:161} INFO - Started process (PID=180) to work on /opt/airflow/dags/financial_pipeline_dag.py
[2026-09-08T01:12:56.569+0000] {processor.py:830} INFO - Processing file /opt/airflow/dags/financial_pipeline_dag.py for tasks to queue
[2026-09-08T01:12:56.572+0000] {logging_mixin.py:188} INFO - [2026-09-08T01:12:56.571+0000] {dagbag.py:545} INFO - Filling up the DagBag from /opt/airflow/dags/financial_pipeline_dag.py
[2026-09-08T01:12:56.707+0000] {logging_mixin.py:188} INFO - [2026-09-08T01:12:56.707+0000] {graph.py:719} INFO - Trying to parse the dbt project `transformations` using a dbt manifest...
[2026-09-08T01:12:56.726+0000] {logging_mixin.py:188} INFO - [2026-09-08T01:12:56.723+0000] {dagbag.py:355} ERROR - Failed to import: /opt/airflow/dags/financial_pipeline_dag.py
Traceback (most recent call last):
  File "/home/airflow/.local/lib/python3.11/site-packages/airflow/models/dagbag.py", line 351, in parse
    loader.exec_module(new_module)
  File "<frozen importlib._bootstrap_external>", line 940, in exec_module
  File "<frozen importlib._bootstrap>", line 241, in _call_with_frames_removed
  File "/opt/airflow/dags/financial_pipeline_dag.py", line 115, in <module>
    dbt_stg_overview = make_dbt_group("dbt_stg_overview", "stg_overview")
                       ^^^^^^^^^^^^^^^^^^^^^^^^^^^^^^^^^^^^^^^^^^^^^^^^^^
  File "/opt/airflow/dags/financial_pipeline_dag.py", line 102, in make_dbt_group
    return DbtTaskGroup(
           ^^^^^^^^^^^^^
  File "/home/airflow/.local/lib/python3.11/site-packages/cosmos/airflow/task_group.py", line 28, in __init__
    DbtToAirflowConverter.__init__(self, *args, **specific_kwargs(**kwargs))
  File "/home/airflow/.local/lib/python3.11/site-packages/cosmos/converter.py", line 261, in __init__
    self.dbt_graph.load(method=render_config.load_method, execution_mode=execution_config.execution_mode)
  File "/home/airflow/.local/lib/python3.11/site-packages/cosmos/dbt/graph.py", line 440, in load
    load_method[method]()
  File "/home/airflow/.local/lib/python3.11/site-packages/cosmos/dbt/graph.py", line 748, in load_from_dbt_manifest
    config=node_dict["config"],
           ~~~~~~~~~^^^^^^^^^^
KeyError: 'config'
[2026-09-08T01:12:56.728+0000] {processor.py:842} WARNING - No viable dags retrieved from /opt/airflow/dags/financial_pipeline_dag.py
[2026-09-08T01:12:56.751+0000] {processor.py:183} INFO - Processing /opt/airflow/dags/financial_pipeline_dag.py took 0.191 seconds
[2026-09-08T01:13:11.043+0000] {processor.py:161} INFO - Started process (PID=180) to work on /opt/airflow/dags/financial_pipeline_dag.py
[2026-09-08T01:13:11.044+0000] {processor.py:830} INFO - Processing file /opt/airflow/dags/financial_pipeline_dag.py for tasks to queue
[2026-09-08T01:13:11.047+0000] {logging_mixin.py:188} INFO - [2026-09-08T01:13:11.046+0000] {dagbag.py:545} INFO - Filling up the DagBag from /opt/airflow/dags/financial_pipeline_dag.py
[2026-09-08T01:13:11.184+0000] {logging_mixin.py:188} INFO - [2026-09-08T01:13:11.183+0000] {graph.py:719} INFO - Trying to parse the dbt project `transformations` using a dbt manifest...
[2026-09-08T01:13:11.206+0000] {logging_mixin.py:188} INFO - [2026-09-08T01:13:11.201+0000] {dagbag.py:355} ERROR - Failed to import: /opt/airflow/dags/financial_pipeline_dag.py
Traceback (most recent call last):
  File "/home/airflow/.local/lib/python3.11/site-packages/airflow/models/dagbag.py", line 351, in parse
    loader.exec_module(new_module)
  File "<frozen importlib._bootstrap_external>", line 940, in exec_module
  File "<frozen importlib._bootstrap>", line 241, in _call_with_frames_removed
  File "/opt/airflow/dags/financial_pipeline_dag.py", line 115, in <module>
    dbt_stg_overview = make_dbt_group("dbt_stg_overview", "stg_overview")
                       ^^^^^^^^^^^^^^^^^^^^^^^^^^^^^^^^^^^^^^^^^^^^^^^^^^
  File "/opt/airflow/dags/financial_pipeline_dag.py", line 102, in make_dbt_group
    return DbtTaskGroup(
           ^^^^^^^^^^^^^
  File "/home/airflow/.local/lib/python3.11/site-packages/cosmos/airflow/task_group.py", line 28, in __init__
    DbtToAirflowConverter.__init__(self, *args, **specific_kwargs(**kwargs))
  File "/home/airflow/.local/lib/python3.11/site-packages/cosmos/converter.py", line 261, in __init__
    self.dbt_graph.load(method=render_config.load_method, execution_mode=execution_config.execution_mode)
  File "/home/airflow/.local/lib/python3.11/site-packages/cosmos/dbt/graph.py", line 440, in load
    load_method[method]()
  File "/home/airflow/.local/lib/python3.11/site-packages/cosmos/dbt/graph.py", line 748, in load_from_dbt_manifest
    config=node_dict["config"],
           ~~~~~~~~~^^^^^^^^^^
KeyError: 'config'
[2026-09-08T01:13:11.208+0000] {processor.py:842} WARNING - No viable dags retrieved from /opt/airflow/dags/financial_pipeline_dag.py
[2026-09-08T01:13:11.229+0000] {processor.py:183} INFO - Processing /opt/airflow/dags/financial_pipeline_dag.py took 0.195 seconds
[2026-09-08T01:13:25.403+0000] {processor.py:161} INFO - Started process (PID=180) to work on /opt/airflow/dags/financial_pipeline_dag.py
[2026-09-08T01:13:25.404+0000] {processor.py:830} INFO - Processing file /opt/airflow/dags/financial_pipeline_dag.py for tasks to queue
[2026-09-08T01:13:25.406+0000] {logging_mixin.py:188} INFO - [2026-09-08T01:13:25.406+0000] {dagbag.py:545} INFO - Filling up the DagBag from /opt/airflow/dags/financial_pipeline_dag.py
[2026-09-08T01:13:25.549+0000] {logging_mixin.py:188} INFO - [2026-09-08T01:13:25.549+0000] {graph.py:719} INFO - Trying to parse the dbt project `transformations` using a dbt manifest...
[2026-09-08T01:13:25.571+0000] {logging_mixin.py:188} INFO - [2026-09-08T01:13:25.567+0000] {dagbag.py:355} ERROR - Failed to import: /opt/airflow/dags/financial_pipeline_dag.py
Traceback (most recent call last):
  File "/home/airflow/.local/lib/python3.11/site-packages/airflow/models/dagbag.py", line 351, in parse
    loader.exec_module(new_module)
  File "<frozen importlib._bootstrap_external>", line 940, in exec_module
  File "<frozen importlib._bootstrap>", line 241, in _call_with_frames_removed
  File "/opt/airflow/dags/financial_pipeline_dag.py", line 115, in <module>
    dbt_stg_overview = make_dbt_group("dbt_stg_overview", "stg_overview")
                       ^^^^^^^^^^^^^^^^^^^^^^^^^^^^^^^^^^^^^^^^^^^^^^^^^^
  File "/opt/airflow/dags/financial_pipeline_dag.py", line 102, in make_dbt_group
    return DbtTaskGroup(
           ^^^^^^^^^^^^^
  File "/home/airflow/.local/lib/python3.11/site-packages/cosmos/airflow/task_group.py", line 28, in __init__
    DbtToAirflowConverter.__init__(self, *args, **specific_kwargs(**kwargs))
  File "/home/airflow/.local/lib/python3.11/site-packages/cosmos/converter.py", line 261, in __init__
    self.dbt_graph.load(method=render_config.load_method, execution_mode=execution_config.execution_mode)
  File "/home/airflow/.local/lib/python3.11/site-packages/cosmos/dbt/graph.py", line 440, in load
    load_method[method]()
  File "/home/airflow/.local/lib/python3.11/site-packages/cosmos/dbt/graph.py", line 748, in load_from_dbt_manifest
    config=node_dict["config"],
           ~~~~~~~~~^^^^^^^^^^
KeyError: 'config'
[2026-09-08T01:13:25.572+0000] {processor.py:842} WARNING - No viable dags retrieved from /opt/airflow/dags/financial_pipeline_dag.py
[2026-09-08T01:13:25.593+0000] {processor.py:183} INFO - Processing /opt/airflow/dags/financial_pipeline_dag.py took 0.198 seconds
[2026-09-08T01:13:39.867+0000] {processor.py:161} INFO - Started process (PID=181) to work on /opt/airflow/dags/financial_pipeline_dag.py
[2026-09-08T01:13:39.872+0000] {processor.py:830} INFO - Processing file /opt/airflow/dags/financial_pipeline_dag.py for tasks to queue
[2026-09-08T01:13:39.875+0000] {logging_mixin.py:188} INFO - [2026-09-08T01:13:39.874+0000] {dagbag.py:545} INFO - Filling up the DagBag from /opt/airflow/dags/financial_pipeline_dag.py
[2026-09-08T01:13:40.018+0000] {logging_mixin.py:188} INFO - [2026-09-08T01:13:40.018+0000] {graph.py:719} INFO - Trying to parse the dbt project `transformations` using a dbt manifest...
[2026-09-08T01:13:40.041+0000] {logging_mixin.py:188} INFO - [2026-09-08T01:13:40.035+0000] {dagbag.py:355} ERROR - Failed to import: /opt/airflow/dags/financial_pipeline_dag.py
Traceback (most recent call last):
  File "/home/airflow/.local/lib/python3.11/site-packages/airflow/models/dagbag.py", line 351, in parse
    loader.exec_module(new_module)
  File "<frozen importlib._bootstrap_external>", line 940, in exec_module
  File "<frozen importlib._bootstrap>", line 241, in _call_with_frames_removed
  File "/opt/airflow/dags/financial_pipeline_dag.py", line 115, in <module>
    dbt_stg_overview = make_dbt_group("dbt_stg_overview", "stg_overview")
                       ^^^^^^^^^^^^^^^^^^^^^^^^^^^^^^^^^^^^^^^^^^^^^^^^^^
  File "/opt/airflow/dags/financial_pipeline_dag.py", line 102, in make_dbt_group
    return DbtTaskGroup(
           ^^^^^^^^^^^^^
  File "/home/airflow/.local/lib/python3.11/site-packages/cosmos/airflow/task_group.py", line 28, in __init__
    DbtToAirflowConverter.__init__(self, *args, **specific_kwargs(**kwargs))
  File "/home/airflow/.local/lib/python3.11/site-packages/cosmos/converter.py", line 261, in __init__
    self.dbt_graph.load(method=render_config.load_method, execution_mode=execution_config.execution_mode)
  File "/home/airflow/.local/lib/python3.11/site-packages/cosmos/dbt/graph.py", line 440, in load
    load_method[method]()
  File "/home/airflow/.local/lib/python3.11/site-packages/cosmos/dbt/graph.py", line 748, in load_from_dbt_manifest
    config=node_dict["config"],
           ~~~~~~~~~^^^^^^^^^^
KeyError: 'config'
[2026-09-08T01:13:40.042+0000] {processor.py:842} WARNING - No viable dags retrieved from /opt/airflow/dags/financial_pipeline_dag.py
[2026-09-08T01:13:40.063+0000] {processor.py:183} INFO - Processing /opt/airflow/dags/financial_pipeline_dag.py took 0.206 seconds
[2026-09-08T01:13:54.483+0000] {processor.py:161} INFO - Started process (PID=180) to work on /opt/airflow/dags/financial_pipeline_dag.py
[2026-09-08T01:13:54.485+0000] {processor.py:830} INFO - Processing file /opt/airflow/dags/financial_pipeline_dag.py for tasks to queue
[2026-09-08T01:13:54.487+0000] {logging_mixin.py:188} INFO - [2026-09-08T01:13:54.486+0000] {dagbag.py:545} INFO - Filling up the DagBag from /opt/airflow/dags/financial_pipeline_dag.py
[2026-09-08T01:13:54.620+0000] {logging_mixin.py:188} INFO - [2026-09-08T01:13:54.620+0000] {graph.py:719} INFO - Trying to parse the dbt project `transformations` using a dbt manifest...
[2026-09-08T01:13:54.641+0000] {logging_mixin.py:188} INFO - [2026-09-08T01:13:54.637+0000] {dagbag.py:355} ERROR - Failed to import: /opt/airflow/dags/financial_pipeline_dag.py
Traceback (most recent call last):
  File "/home/airflow/.local/lib/python3.11/site-packages/airflow/models/dagbag.py", line 351, in parse
    loader.exec_module(new_module)
  File "<frozen importlib._bootstrap_external>", line 940, in exec_module
  File "<frozen importlib._bootstrap>", line 241, in _call_with_frames_removed
  File "/opt/airflow/dags/financial_pipeline_dag.py", line 115, in <module>
    dbt_stg_overview = make_dbt_group("dbt_stg_overview", "stg_overview")
                       ^^^^^^^^^^^^^^^^^^^^^^^^^^^^^^^^^^^^^^^^^^^^^^^^^^
  File "/opt/airflow/dags/financial_pipeline_dag.py", line 102, in make_dbt_group
    return DbtTaskGroup(
           ^^^^^^^^^^^^^
  File "/home/airflow/.local/lib/python3.11/site-packages/cosmos/airflow/task_group.py", line 28, in __init__
    DbtToAirflowConverter.__init__(self, *args, **specific_kwargs(**kwargs))
  File "/home/airflow/.local/lib/python3.11/site-packages/cosmos/converter.py", line 261, in __init__
    self.dbt_graph.load(method=render_config.load_method, execution_mode=execution_config.execution_mode)
  File "/home/airflow/.local/lib/python3.11/site-packages/cosmos/dbt/graph.py", line 440, in load
    load_method[method]()
  File "/home/airflow/.local/lib/python3.11/site-packages/cosmos/dbt/graph.py", line 748, in load_from_dbt_manifest
    config=node_dict["config"],
           ~~~~~~~~~^^^^^^^^^^
KeyError: 'config'
[2026-09-08T01:13:54.642+0000] {processor.py:842} WARNING - No viable dags retrieved from /opt/airflow/dags/financial_pipeline_dag.py
[2026-09-08T01:13:54.665+0000] {processor.py:183} INFO - Processing /opt/airflow/dags/financial_pipeline_dag.py took 0.191 seconds
[2026-09-08T01:14:09.084+0000] {processor.py:161} INFO - Started process (PID=180) to work on /opt/airflow/dags/financial_pipeline_dag.py
[2026-09-08T01:14:09.085+0000] {processor.py:830} INFO - Processing file /opt/airflow/dags/financial_pipeline_dag.py for tasks to queue
[2026-09-08T01:14:09.091+0000] {logging_mixin.py:188} INFO - [2026-09-08T01:14:09.091+0000] {dagbag.py:545} INFO - Filling up the DagBag from /opt/airflow/dags/financial_pipeline_dag.py
[2026-09-08T01:14:09.226+0000] {logging_mixin.py:188} INFO - [2026-09-08T01:14:09.225+0000] {graph.py:719} INFO - Trying to parse the dbt project `transformations` using a dbt manifest...
[2026-09-08T01:14:09.248+0000] {logging_mixin.py:188} INFO - [2026-09-08T01:14:09.244+0000] {dagbag.py:355} ERROR - Failed to import: /opt/airflow/dags/financial_pipeline_dag.py
Traceback (most recent call last):
  File "/home/airflow/.local/lib/python3.11/site-packages/airflow/models/dagbag.py", line 351, in parse
    loader.exec_module(new_module)
  File "<frozen importlib._bootstrap_external>", line 940, in exec_module
  File "<frozen importlib._bootstrap>", line 241, in _call_with_frames_removed
  File "/opt/airflow/dags/financial_pipeline_dag.py", line 115, in <module>
    dbt_stg_overview = make_dbt_group("dbt_stg_overview", "stg_overview")
                       ^^^^^^^^^^^^^^^^^^^^^^^^^^^^^^^^^^^^^^^^^^^^^^^^^^
  File "/opt/airflow/dags/financial_pipeline_dag.py", line 102, in make_dbt_group
    return DbtTaskGroup(
           ^^^^^^^^^^^^^
  File "/home/airflow/.local/lib/python3.11/site-packages/cosmos/airflow/task_group.py", line 28, in __init__
    DbtToAirflowConverter.__init__(self, *args, **specific_kwargs(**kwargs))
  File "/home/airflow/.local/lib/python3.11/site-packages/cosmos/converter.py", line 261, in __init__
    self.dbt_graph.load(method=render_config.load_method, execution_mode=execution_config.execution_mode)
  File "/home/airflow/.local/lib/python3.11/site-packages/cosmos/dbt/graph.py", line 440, in load
    load_method[method]()
  File "/home/airflow/.local/lib/python3.11/site-packages/cosmos/dbt/graph.py", line 748, in load_from_dbt_manifest
    config=node_dict["config"],
           ~~~~~~~~~^^^^^^^^^^
KeyError: 'config'
[2026-09-08T01:14:09.249+0000] {processor.py:842} WARNING - No viable dags retrieved from /opt/airflow/dags/financial_pipeline_dag.py
[2026-09-08T01:14:09.269+0000] {processor.py:183} INFO - Processing /opt/airflow/dags/financial_pipeline_dag.py took 0.196 seconds
[2026-09-08T01:14:23.464+0000] {processor.py:161} INFO - Started process (PID=180) to work on /opt/airflow/dags/financial_pipeline_dag.py
[2026-09-08T01:14:23.465+0000] {processor.py:830} INFO - Processing file /opt/airflow/dags/financial_pipeline_dag.py for tasks to queue
[2026-09-08T01:14:23.467+0000] {logging_mixin.py:188} INFO - [2026-09-08T01:14:23.466+0000] {dagbag.py:545} INFO - Filling up the DagBag from /opt/airflow/dags/financial_pipeline_dag.py
[2026-09-08T01:14:23.611+0000] {logging_mixin.py:188} INFO - [2026-09-08T01:14:23.610+0000] {graph.py:719} INFO - Trying to parse the dbt project `transformations` using a dbt manifest...
[2026-09-08T01:14:23.632+0000] {logging_mixin.py:188} INFO - [2026-09-08T01:14:23.628+0000] {dagbag.py:355} ERROR - Failed to import: /opt/airflow/dags/financial_pipeline_dag.py
Traceback (most recent call last):
  File "/home/airflow/.local/lib/python3.11/site-packages/airflow/models/dagbag.py", line 351, in parse
    loader.exec_module(new_module)
  File "<frozen importlib._bootstrap_external>", line 940, in exec_module
  File "<frozen importlib._bootstrap>", line 241, in _call_with_frames_removed
  File "/opt/airflow/dags/financial_pipeline_dag.py", line 115, in <module>
    dbt_stg_overview = make_dbt_group("dbt_stg_overview", "stg_overview")
                       ^^^^^^^^^^^^^^^^^^^^^^^^^^^^^^^^^^^^^^^^^^^^^^^^^^
  File "/opt/airflow/dags/financial_pipeline_dag.py", line 102, in make_dbt_group
    return DbtTaskGroup(
           ^^^^^^^^^^^^^
  File "/home/airflow/.local/lib/python3.11/site-packages/cosmos/airflow/task_group.py", line 28, in __init__
    DbtToAirflowConverter.__init__(self, *args, **specific_kwargs(**kwargs))
  File "/home/airflow/.local/lib/python3.11/site-packages/cosmos/converter.py", line 261, in __init__
    self.dbt_graph.load(method=render_config.load_method, execution_mode=execution_config.execution_mode)
  File "/home/airflow/.local/lib/python3.11/site-packages/cosmos/dbt/graph.py", line 440, in load
    load_method[method]()
  File "/home/airflow/.local/lib/python3.11/site-packages/cosmos/dbt/graph.py", line 748, in load_from_dbt_manifest
    config=node_dict["config"],
           ~~~~~~~~~^^^^^^^^^^
KeyError: 'config'
[2026-09-08T01:14:23.633+0000] {processor.py:842} WARNING - No viable dags retrieved from /opt/airflow/dags/financial_pipeline_dag.py
[2026-09-08T01:14:23.653+0000] {processor.py:183} INFO - Processing /opt/airflow/dags/financial_pipeline_dag.py took 0.199 seconds
[2026-09-08T01:14:37.609+0000] {processor.py:161} INFO - Started process (PID=181) to work on /opt/airflow/dags/financial_pipeline_dag.py
[2026-09-08T01:14:37.610+0000] {processor.py:830} INFO - Processing file /opt/airflow/dags/financial_pipeline_dag.py for tasks to queue
[2026-09-08T01:14:37.612+0000] {logging_mixin.py:188} INFO - [2026-09-08T01:14:37.612+0000] {dagbag.py:545} INFO - Filling up the DagBag from /opt/airflow/dags/financial_pipeline_dag.py
[2026-09-08T01:14:37.764+0000] {logging_mixin.py:188} INFO - [2026-09-08T01:14:37.763+0000] {graph.py:719} INFO - Trying to parse the dbt project `transformations` using a dbt manifest...
[2026-09-08T01:14:37.785+0000] {logging_mixin.py:188} INFO - [2026-09-08T01:14:37.781+0000] {dagbag.py:355} ERROR - Failed to import: /opt/airflow/dags/financial_pipeline_dag.py
Traceback (most recent call last):
  File "/home/airflow/.local/lib/python3.11/site-packages/airflow/models/dagbag.py", line 351, in parse
    loader.exec_module(new_module)
  File "<frozen importlib._bootstrap_external>", line 940, in exec_module
  File "<frozen importlib._bootstrap>", line 241, in _call_with_frames_removed
  File "/opt/airflow/dags/financial_pipeline_dag.py", line 115, in <module>
    dbt_stg_overview = make_dbt_group("dbt_stg_overview", "stg_overview")
                       ^^^^^^^^^^^^^^^^^^^^^^^^^^^^^^^^^^^^^^^^^^^^^^^^^^
  File "/opt/airflow/dags/financial_pipeline_dag.py", line 102, in make_dbt_group
    return DbtTaskGroup(
           ^^^^^^^^^^^^^
  File "/home/airflow/.local/lib/python3.11/site-packages/cosmos/airflow/task_group.py", line 28, in __init__
    DbtToAirflowConverter.__init__(self, *args, **specific_kwargs(**kwargs))
  File "/home/airflow/.local/lib/python3.11/site-packages/cosmos/converter.py", line 261, in __init__
    self.dbt_graph.load(method=render_config.load_method, execution_mode=execution_config.execution_mode)
  File "/home/airflow/.local/lib/python3.11/site-packages/cosmos/dbt/graph.py", line 440, in load
    load_method[method]()
  File "/home/airflow/.local/lib/python3.11/site-packages/cosmos/dbt/graph.py", line 748, in load_from_dbt_manifest
    config=node_dict["config"],
           ~~~~~~~~~^^^^^^^^^^
KeyError: 'config'
[2026-09-08T01:14:37.786+0000] {processor.py:842} WARNING - No viable dags retrieved from /opt/airflow/dags/financial_pipeline_dag.py
[2026-09-08T01:14:37.807+0000] {processor.py:183} INFO - Processing /opt/airflow/dags/financial_pipeline_dag.py took 0.208 seconds
[2026-09-08T01:14:53.229+0000] {processor.py:161} INFO - Started process (PID=180) to work on /opt/airflow/dags/financial_pipeline_dag.py
[2026-09-08T01:14:53.230+0000] {processor.py:830} INFO - Processing file /opt/airflow/dags/financial_pipeline_dag.py for tasks to queue
[2026-09-08T01:14:53.233+0000] {logging_mixin.py:188} INFO - [2026-09-08T01:14:53.232+0000] {dagbag.py:545} INFO - Filling up the DagBag from /opt/airflow/dags/financial_pipeline_dag.py
[2026-09-08T01:14:53.443+0000] {logging_mixin.py:188} INFO - [2026-09-08T01:14:53.443+0000] {graph.py:719} INFO - Trying to parse the dbt project `transformations` using a dbt manifest...
[2026-09-08T01:14:53.464+0000] {logging_mixin.py:188} INFO - [2026-09-08T01:14:53.461+0000] {dagbag.py:355} ERROR - Failed to import: /opt/airflow/dags/financial_pipeline_dag.py
Traceback (most recent call last):
  File "/home/airflow/.local/lib/python3.11/site-packages/airflow/models/dagbag.py", line 351, in parse
    loader.exec_module(new_module)
  File "<frozen importlib._bootstrap_external>", line 940, in exec_module
  File "<frozen importlib._bootstrap>", line 241, in _call_with_frames_removed
  File "/opt/airflow/dags/financial_pipeline_dag.py", line 115, in <module>
    dbt_stg_overview = make_dbt_group("dbt_stg_overview", "stg_overview")
                       ^^^^^^^^^^^^^^^^^^^^^^^^^^^^^^^^^^^^^^^^^^^^^^^^^^
  File "/opt/airflow/dags/financial_pipeline_dag.py", line 102, in make_dbt_group
    return DbtTaskGroup(
           ^^^^^^^^^^^^^
  File "/home/airflow/.local/lib/python3.11/site-packages/cosmos/airflow/task_group.py", line 28, in __init__
    DbtToAirflowConverter.__init__(self, *args, **specific_kwargs(**kwargs))
  File "/home/airflow/.local/lib/python3.11/site-packages/cosmos/converter.py", line 261, in __init__
    self.dbt_graph.load(method=render_config.load_method, execution_mode=execution_config.execution_mode)
  File "/home/airflow/.local/lib/python3.11/site-packages/cosmos/dbt/graph.py", line 440, in load
    load_method[method]()
  File "/home/airflow/.local/lib/python3.11/site-packages/cosmos/dbt/graph.py", line 748, in load_from_dbt_manifest
    config=node_dict["config"],
           ~~~~~~~~~^^^^^^^^^^
KeyError: 'config'
[2026-09-08T01:14:53.465+0000] {processor.py:842} WARNING - No viable dags retrieved from /opt/airflow/dags/financial_pipeline_dag.py
[2026-09-08T01:14:53.484+0000] {processor.py:183} INFO - Processing /opt/airflow/dags/financial_pipeline_dag.py took 0.272 seconds
[2026-09-08T01:15:07.792+0000] {processor.py:161} INFO - Started process (PID=180) to work on /opt/airflow/dags/financial_pipeline_dag.py
[2026-09-08T01:15:07.793+0000] {processor.py:830} INFO - Processing file /opt/airflow/dags/financial_pipeline_dag.py for tasks to queue
[2026-09-08T01:15:07.795+0000] {logging_mixin.py:188} INFO - [2026-09-08T01:15:07.794+0000] {dagbag.py:545} INFO - Filling up the DagBag from /opt/airflow/dags/financial_pipeline_dag.py
[2026-09-08T01:15:07.937+0000] {logging_mixin.py:188} INFO - [2026-09-08T01:15:07.936+0000] {graph.py:719} INFO - Trying to parse the dbt project `transformations` using a dbt manifest...
[2026-09-08T01:15:07.957+0000] {logging_mixin.py:188} INFO - [2026-09-08T01:15:07.953+0000] {dagbag.py:355} ERROR - Failed to import: /opt/airflow/dags/financial_pipeline_dag.py
Traceback (most recent call last):
  File "/home/airflow/.local/lib/python3.11/site-packages/airflow/models/dagbag.py", line 351, in parse
    loader.exec_module(new_module)
  File "<frozen importlib._bootstrap_external>", line 940, in exec_module
  File "<frozen importlib._bootstrap>", line 241, in _call_with_frames_removed
  File "/opt/airflow/dags/financial_pipeline_dag.py", line 115, in <module>
    dbt_stg_overview = make_dbt_group("dbt_stg_overview", "stg_overview")
                       ^^^^^^^^^^^^^^^^^^^^^^^^^^^^^^^^^^^^^^^^^^^^^^^^^^
  File "/opt/airflow/dags/financial_pipeline_dag.py", line 102, in make_dbt_group
    return DbtTaskGroup(
           ^^^^^^^^^^^^^
  File "/home/airflow/.local/lib/python3.11/site-packages/cosmos/airflow/task_group.py", line 28, in __init__
    DbtToAirflowConverter.__init__(self, *args, **specific_kwargs(**kwargs))
  File "/home/airflow/.local/lib/python3.11/site-packages/cosmos/converter.py", line 261, in __init__
    self.dbt_graph.load(method=render_config.load_method, execution_mode=execution_config.execution_mode)
  File "/home/airflow/.local/lib/python3.11/site-packages/cosmos/dbt/graph.py", line 440, in load
    load_method[method]()
  File "/home/airflow/.local/lib/python3.11/site-packages/cosmos/dbt/graph.py", line 748, in load_from_dbt_manifest
    config=node_dict["config"],
           ~~~~~~~~~^^^^^^^^^^
KeyError: 'config'
[2026-09-08T01:15:07.958+0000] {processor.py:842} WARNING - No viable dags retrieved from /opt/airflow/dags/financial_pipeline_dag.py
[2026-09-08T01:15:07.978+0000] {processor.py:183} INFO - Processing /opt/airflow/dags/financial_pipeline_dag.py took 0.192 seconds
[2026-09-08T01:15:21.946+0000] {processor.py:161} INFO - Started process (PID=180) to work on /opt/airflow/dags/financial_pipeline_dag.py
[2026-09-08T01:15:21.947+0000] {processor.py:830} INFO - Processing file /opt/airflow/dags/financial_pipeline_dag.py for tasks to queue
[2026-09-08T01:15:21.949+0000] {logging_mixin.py:188} INFO - [2026-09-08T01:15:21.949+0000] {dagbag.py:545} INFO - Filling up the DagBag from /opt/airflow/dags/financial_pipeline_dag.py
[2026-09-08T01:15:22.092+0000] {logging_mixin.py:188} INFO - [2026-09-08T01:15:22.092+0000] {graph.py:719} INFO - Trying to parse the dbt project `transformations` using a dbt manifest...
[2026-09-08T01:15:22.114+0000] {logging_mixin.py:188} INFO - [2026-09-08T01:15:22.109+0000] {dagbag.py:355} ERROR - Failed to import: /opt/airflow/dags/financial_pipeline_dag.py
Traceback (most recent call last):
  File "/home/airflow/.local/lib/python3.11/site-packages/airflow/models/dagbag.py", line 351, in parse
    loader.exec_module(new_module)
  File "<frozen importlib._bootstrap_external>", line 940, in exec_module
  File "<frozen importlib._bootstrap>", line 241, in _call_with_frames_removed
  File "/opt/airflow/dags/financial_pipeline_dag.py", line 115, in <module>
    dbt_stg_overview = make_dbt_group("dbt_stg_overview", "stg_overview")
                       ^^^^^^^^^^^^^^^^^^^^^^^^^^^^^^^^^^^^^^^^^^^^^^^^^^
  File "/opt/airflow/dags/financial_pipeline_dag.py", line 102, in make_dbt_group
    return DbtTaskGroup(
           ^^^^^^^^^^^^^
  File "/home/airflow/.local/lib/python3.11/site-packages/cosmos/airflow/task_group.py", line 28, in __init__
    DbtToAirflowConverter.__init__(self, *args, **specific_kwargs(**kwargs))
  File "/home/airflow/.local/lib/python3.11/site-packages/cosmos/converter.py", line 261, in __init__
    self.dbt_graph.load(method=render_config.load_method, execution_mode=execution_config.execution_mode)
  File "/home/airflow/.local/lib/python3.11/site-packages/cosmos/dbt/graph.py", line 440, in load
    load_method[method]()
  File "/home/airflow/.local/lib/python3.11/site-packages/cosmos/dbt/graph.py", line 748, in load_from_dbt_manifest
    config=node_dict["config"],
           ~~~~~~~~~^^^^^^^^^^
KeyError: 'config'
[2026-09-08T01:15:22.115+0000] {processor.py:842} WARNING - No viable dags retrieved from /opt/airflow/dags/financial_pipeline_dag.py
[2026-09-08T01:15:22.138+0000] {processor.py:183} INFO - Processing /opt/airflow/dags/financial_pipeline_dag.py took 0.200 seconds
[2026-09-08T01:15:35.852+0000] {processor.py:161} INFO - Started process (PID=180) to work on /opt/airflow/dags/financial_pipeline_dag.py
[2026-09-08T01:15:35.854+0000] {processor.py:830} INFO - Processing file /opt/airflow/dags/financial_pipeline_dag.py for tasks to queue
[2026-09-08T01:15:35.857+0000] {logging_mixin.py:188} INFO - [2026-09-08T01:15:35.856+0000] {dagbag.py:545} INFO - Filling up the DagBag from /opt/airflow/dags/financial_pipeline_dag.py
[2026-09-08T01:15:35.995+0000] {logging_mixin.py:188} INFO - [2026-09-08T01:15:35.994+0000] {graph.py:719} INFO - Trying to parse the dbt project `transformations` using a dbt manifest...
[2026-09-08T01:15:36.015+0000] {logging_mixin.py:188} INFO - [2026-09-08T01:15:36.011+0000] {dagbag.py:355} ERROR - Failed to import: /opt/airflow/dags/financial_pipeline_dag.py
Traceback (most recent call last):
  File "/home/airflow/.local/lib/python3.11/site-packages/airflow/models/dagbag.py", line 351, in parse
    loader.exec_module(new_module)
  File "<frozen importlib._bootstrap_external>", line 940, in exec_module
  File "<frozen importlib._bootstrap>", line 241, in _call_with_frames_removed
  File "/opt/airflow/dags/financial_pipeline_dag.py", line 115, in <module>
    dbt_stg_overview = make_dbt_group("dbt_stg_overview", "stg_overview")
                       ^^^^^^^^^^^^^^^^^^^^^^^^^^^^^^^^^^^^^^^^^^^^^^^^^^
  File "/opt/airflow/dags/financial_pipeline_dag.py", line 102, in make_dbt_group
    return DbtTaskGroup(
           ^^^^^^^^^^^^^
  File "/home/airflow/.local/lib/python3.11/site-packages/cosmos/airflow/task_group.py", line 28, in __init__
    DbtToAirflowConverter.__init__(self, *args, **specific_kwargs(**kwargs))
  File "/home/airflow/.local/lib/python3.11/site-packages/cosmos/converter.py", line 261, in __init__
    self.dbt_graph.load(method=render_config.load_method, execution_mode=execution_config.execution_mode)
  File "/home/airflow/.local/lib/python3.11/site-packages/cosmos/dbt/graph.py", line 440, in load
    load_method[method]()
  File "/home/airflow/.local/lib/python3.11/site-packages/cosmos/dbt/graph.py", line 748, in load_from_dbt_manifest
    config=node_dict["config"],
           ~~~~~~~~~^^^^^^^^^^
KeyError: 'config'
[2026-09-08T01:15:36.016+0000] {processor.py:842} WARNING - No viable dags retrieved from /opt/airflow/dags/financial_pipeline_dag.py
[2026-09-08T01:15:36.035+0000] {processor.py:183} INFO - Processing /opt/airflow/dags/financial_pipeline_dag.py took 0.193 seconds
[2026-09-08T01:15:50.346+0000] {processor.py:161} INFO - Started process (PID=180) to work on /opt/airflow/dags/financial_pipeline_dag.py
[2026-09-08T01:15:50.346+0000] {processor.py:830} INFO - Processing file /opt/airflow/dags/financial_pipeline_dag.py for tasks to queue
[2026-09-08T01:15:50.348+0000] {logging_mixin.py:188} INFO - [2026-09-08T01:15:50.348+0000] {dagbag.py:545} INFO - Filling up the DagBag from /opt/airflow/dags/financial_pipeline_dag.py
[2026-09-08T01:15:50.477+0000] {logging_mixin.py:188} INFO - [2026-09-08T01:15:50.476+0000] {graph.py:719} INFO - Trying to parse the dbt project `transformations` using a dbt manifest...
[2026-09-08T01:15:50.496+0000] {logging_mixin.py:188} INFO - [2026-09-08T01:15:50.493+0000] {dagbag.py:355} ERROR - Failed to import: /opt/airflow/dags/financial_pipeline_dag.py
Traceback (most recent call last):
  File "/home/airflow/.local/lib/python3.11/site-packages/airflow/models/dagbag.py", line 351, in parse
    loader.exec_module(new_module)
  File "<frozen importlib._bootstrap_external>", line 940, in exec_module
  File "<frozen importlib._bootstrap>", line 241, in _call_with_frames_removed
  File "/opt/airflow/dags/financial_pipeline_dag.py", line 115, in <module>
    dbt_stg_overview = make_dbt_group("dbt_stg_overview", "stg_overview")
                       ^^^^^^^^^^^^^^^^^^^^^^^^^^^^^^^^^^^^^^^^^^^^^^^^^^
  File "/opt/airflow/dags/financial_pipeline_dag.py", line 102, in make_dbt_group
    return DbtTaskGroup(
           ^^^^^^^^^^^^^
  File "/home/airflow/.local/lib/python3.11/site-packages/cosmos/airflow/task_group.py", line 28, in __init__
    DbtToAirflowConverter.__init__(self, *args, **specific_kwargs(**kwargs))
  File "/home/airflow/.local/lib/python3.11/site-packages/cosmos/converter.py", line 261, in __init__
    self.dbt_graph.load(method=render_config.load_method, execution_mode=execution_config.execution_mode)
  File "/home/airflow/.local/lib/python3.11/site-packages/cosmos/dbt/graph.py", line 440, in load
    load_method[method]()
  File "/home/airflow/.local/lib/python3.11/site-packages/cosmos/dbt/graph.py", line 748, in load_from_dbt_manifest
    config=node_dict["config"],
           ~~~~~~~~~^^^^^^^^^^
KeyError: 'config'
[2026-09-08T01:15:50.497+0000] {processor.py:842} WARNING - No viable dags retrieved from /opt/airflow/dags/financial_pipeline_dag.py
[2026-09-08T01:15:50.517+0000] {processor.py:183} INFO - Processing /opt/airflow/dags/financial_pipeline_dag.py took 0.179 seconds
[2026-09-08T01:16:05.436+0000] {processor.py:161} INFO - Started process (PID=182) to work on /opt/airflow/dags/financial_pipeline_dag.py
[2026-09-08T01:16:05.440+0000] {processor.py:830} INFO - Processing file /opt/airflow/dags/financial_pipeline_dag.py for tasks to queue
[2026-09-08T01:16:05.442+0000] {logging_mixin.py:188} INFO - [2026-09-08T01:16:05.441+0000] {dagbag.py:545} INFO - Filling up the DagBag from /opt/airflow/dags/financial_pipeline_dag.py
[2026-09-08T01:16:05.582+0000] {logging_mixin.py:188} INFO - [2026-09-08T01:16:05.582+0000] {graph.py:719} INFO - Trying to parse the dbt project `transformations` using a dbt manifest...
[2026-09-08T01:16:05.605+0000] {logging_mixin.py:188} INFO - [2026-09-08T01:16:05.599+0000] {dagbag.py:355} ERROR - Failed to import: /opt/airflow/dags/financial_pipeline_dag.py
Traceback (most recent call last):
  File "/home/airflow/.local/lib/python3.11/site-packages/airflow/models/dagbag.py", line 351, in parse
    loader.exec_module(new_module)
  File "<frozen importlib._bootstrap_external>", line 940, in exec_module
  File "<frozen importlib._bootstrap>", line 241, in _call_with_frames_removed
  File "/opt/airflow/dags/financial_pipeline_dag.py", line 115, in <module>
    dbt_stg_overview = make_dbt_group("dbt_stg_overview", "stg_overview")
                       ^^^^^^^^^^^^^^^^^^^^^^^^^^^^^^^^^^^^^^^^^^^^^^^^^^
  File "/opt/airflow/dags/financial_pipeline_dag.py", line 102, in make_dbt_group
    return DbtTaskGroup(
           ^^^^^^^^^^^^^
  File "/home/airflow/.local/lib/python3.11/site-packages/cosmos/airflow/task_group.py", line 28, in __init__
    DbtToAirflowConverter.__init__(self, *args, **specific_kwargs(**kwargs))
  File "/home/airflow/.local/lib/python3.11/site-packages/cosmos/converter.py", line 261, in __init__
    self.dbt_graph.load(method=render_config.load_method, execution_mode=execution_config.execution_mode)
  File "/home/airflow/.local/lib/python3.11/site-packages/cosmos/dbt/graph.py", line 440, in load
    load_method[method]()
  File "/home/airflow/.local/lib/python3.11/site-packages/cosmos/dbt/graph.py", line 748, in load_from_dbt_manifest
    config=node_dict["config"],
           ~~~~~~~~~^^^^^^^^^^
KeyError: 'config'
[2026-09-08T01:16:05.606+0000] {processor.py:842} WARNING - No viable dags retrieved from /opt/airflow/dags/financial_pipeline_dag.py
[2026-09-08T01:16:05.628+0000] {processor.py:183} INFO - Processing /opt/airflow/dags/financial_pipeline_dag.py took 0.199 seconds
[2026-09-08T01:16:20.674+0000] {processor.py:161} INFO - Started process (PID=180) to work on /opt/airflow/dags/financial_pipeline_dag.py
[2026-09-08T01:16:20.675+0000] {processor.py:830} INFO - Processing file /opt/airflow/dags/financial_pipeline_dag.py for tasks to queue
[2026-09-08T01:16:20.677+0000] {logging_mixin.py:188} INFO - [2026-09-08T01:16:20.676+0000] {dagbag.py:545} INFO - Filling up the DagBag from /opt/airflow/dags/financial_pipeline_dag.py
[2026-09-08T01:16:20.820+0000] {logging_mixin.py:188} INFO - [2026-09-08T01:16:20.820+0000] {graph.py:719} INFO - Trying to parse the dbt project `transformations` using a dbt manifest...
[2026-09-08T01:16:20.840+0000] {logging_mixin.py:188} INFO - [2026-09-08T01:16:20.836+0000] {dagbag.py:355} ERROR - Failed to import: /opt/airflow/dags/financial_pipeline_dag.py
Traceback (most recent call last):
  File "/home/airflow/.local/lib/python3.11/site-packages/airflow/models/dagbag.py", line 351, in parse
    loader.exec_module(new_module)
  File "<frozen importlib._bootstrap_external>", line 940, in exec_module
  File "<frozen importlib._bootstrap>", line 241, in _call_with_frames_removed
  File "/opt/airflow/dags/financial_pipeline_dag.py", line 115, in <module>
    dbt_stg_overview = make_dbt_group("dbt_stg_overview", "stg_overview")
                       ^^^^^^^^^^^^^^^^^^^^^^^^^^^^^^^^^^^^^^^^^^^^^^^^^^
  File "/opt/airflow/dags/financial_pipeline_dag.py", line 102, in make_dbt_group
    return DbtTaskGroup(
           ^^^^^^^^^^^^^
  File "/home/airflow/.local/lib/python3.11/site-packages/cosmos/airflow/task_group.py", line 28, in __init__
    DbtToAirflowConverter.__init__(self, *args, **specific_kwargs(**kwargs))
  File "/home/airflow/.local/lib/python3.11/site-packages/cosmos/converter.py", line 261, in __init__
    self.dbt_graph.load(method=render_config.load_method, execution_mode=execution_config.execution_mode)
  File "/home/airflow/.local/lib/python3.11/site-packages/cosmos/dbt/graph.py", line 440, in load
    load_method[method]()
  File "/home/airflow/.local/lib/python3.11/site-packages/cosmos/dbt/graph.py", line 748, in load_from_dbt_manifest
    config=node_dict["config"],
           ~~~~~~~~~^^^^^^^^^^
KeyError: 'config'
[2026-09-08T01:16:20.841+0000] {processor.py:842} WARNING - No viable dags retrieved from /opt/airflow/dags/financial_pipeline_dag.py
[2026-09-08T01:16:20.860+0000] {processor.py:183} INFO - Processing /opt/airflow/dags/financial_pipeline_dag.py took 0.194 seconds
[2026-09-08T01:16:35.294+0000] {processor.py:161} INFO - Started process (PID=180) to work on /opt/airflow/dags/financial_pipeline_dag.py
[2026-09-08T01:16:35.296+0000] {processor.py:830} INFO - Processing file /opt/airflow/dags/financial_pipeline_dag.py for tasks to queue
[2026-09-08T01:16:35.298+0000] {logging_mixin.py:188} INFO - [2026-09-08T01:16:35.297+0000] {dagbag.py:545} INFO - Filling up the DagBag from /opt/airflow/dags/financial_pipeline_dag.py
[2026-09-08T01:16:35.450+0000] {logging_mixin.py:188} INFO - [2026-09-08T01:16:35.450+0000] {graph.py:719} INFO - Trying to parse the dbt project `transformations` using a dbt manifest...
[2026-09-08T01:16:35.474+0000] {logging_mixin.py:188} INFO - [2026-09-08T01:16:35.468+0000] {dagbag.py:355} ERROR - Failed to import: /opt/airflow/dags/financial_pipeline_dag.py
Traceback (most recent call last):
  File "/home/airflow/.local/lib/python3.11/site-packages/airflow/models/dagbag.py", line 351, in parse
    loader.exec_module(new_module)
  File "<frozen importlib._bootstrap_external>", line 940, in exec_module
  File "<frozen importlib._bootstrap>", line 241, in _call_with_frames_removed
  File "/opt/airflow/dags/financial_pipeline_dag.py", line 115, in <module>
    dbt_stg_overview = make_dbt_group("dbt_stg_overview", "stg_overview")
                       ^^^^^^^^^^^^^^^^^^^^^^^^^^^^^^^^^^^^^^^^^^^^^^^^^^
  File "/opt/airflow/dags/financial_pipeline_dag.py", line 102, in make_dbt_group
    return DbtTaskGroup(
           ^^^^^^^^^^^^^
  File "/home/airflow/.local/lib/python3.11/site-packages/cosmos/airflow/task_group.py", line 28, in __init__
    DbtToAirflowConverter.__init__(self, *args, **specific_kwargs(**kwargs))
  File "/home/airflow/.local/lib/python3.11/site-packages/cosmos/converter.py", line 261, in __init__
    self.dbt_graph.load(method=render_config.load_method, execution_mode=execution_config.execution_mode)
  File "/home/airflow/.local/lib/python3.11/site-packages/cosmos/dbt/graph.py", line 440, in load
    load_method[method]()
  File "/home/airflow/.local/lib/python3.11/site-packages/cosmos/dbt/graph.py", line 748, in load_from_dbt_manifest
    config=node_dict["config"],
           ~~~~~~~~~^^^^^^^^^^
KeyError: 'config'
[2026-09-08T01:16:35.475+0000] {processor.py:842} WARNING - No viable dags retrieved from /opt/airflow/dags/financial_pipeline_dag.py
[2026-09-08T01:16:35.495+0000] {processor.py:183} INFO - Processing /opt/airflow/dags/financial_pipeline_dag.py took 0.213 seconds
[2026-09-08T01:16:50.192+0000] {processor.py:161} INFO - Started process (PID=180) to work on /opt/airflow/dags/financial_pipeline_dag.py
[2026-09-08T01:16:50.192+0000] {processor.py:830} INFO - Processing file /opt/airflow/dags/financial_pipeline_dag.py for tasks to queue
[2026-09-08T01:16:50.195+0000] {logging_mixin.py:188} INFO - [2026-09-08T01:16:50.194+0000] {dagbag.py:545} INFO - Filling up the DagBag from /opt/airflow/dags/financial_pipeline_dag.py
[2026-09-08T01:16:50.357+0000] {logging_mixin.py:188} INFO - [2026-09-08T01:16:50.357+0000] {graph.py:719} INFO - Trying to parse the dbt project `transformations` using a dbt manifest...
[2026-09-08T01:16:50.379+0000] {logging_mixin.py:188} INFO - [2026-09-08T01:16:50.375+0000] {dagbag.py:355} ERROR - Failed to import: /opt/airflow/dags/financial_pipeline_dag.py
Traceback (most recent call last):
  File "/home/airflow/.local/lib/python3.11/site-packages/airflow/models/dagbag.py", line 351, in parse
    loader.exec_module(new_module)
  File "<frozen importlib._bootstrap_external>", line 940, in exec_module
  File "<frozen importlib._bootstrap>", line 241, in _call_with_frames_removed
  File "/opt/airflow/dags/financial_pipeline_dag.py", line 115, in <module>
    dbt_stg_overview = make_dbt_group("dbt_stg_overview", "stg_overview")
                       ^^^^^^^^^^^^^^^^^^^^^^^^^^^^^^^^^^^^^^^^^^^^^^^^^^
  File "/opt/airflow/dags/financial_pipeline_dag.py", line 102, in make_dbt_group
    return DbtTaskGroup(
           ^^^^^^^^^^^^^
  File "/home/airflow/.local/lib/python3.11/site-packages/cosmos/airflow/task_group.py", line 28, in __init__
    DbtToAirflowConverter.__init__(self, *args, **specific_kwargs(**kwargs))
  File "/home/airflow/.local/lib/python3.11/site-packages/cosmos/converter.py", line 261, in __init__
    self.dbt_graph.load(method=render_config.load_method, execution_mode=execution_config.execution_mode)
  File "/home/airflow/.local/lib/python3.11/site-packages/cosmos/dbt/graph.py", line 440, in load
    load_method[method]()
  File "/home/airflow/.local/lib/python3.11/site-packages/cosmos/dbt/graph.py", line 748, in load_from_dbt_manifest
    config=node_dict["config"],
           ~~~~~~~~~^^^^^^^^^^
KeyError: 'config'
[2026-09-08T01:16:50.380+0000] {processor.py:842} WARNING - No viable dags retrieved from /opt/airflow/dags/financial_pipeline_dag.py
[2026-09-08T01:16:50.401+0000] {processor.py:183} INFO - Processing /opt/airflow/dags/financial_pipeline_dag.py took 0.224 seconds
[2026-09-08T01:17:05.024+0000] {processor.py:161} INFO - Started process (PID=181) to work on /opt/airflow/dags/financial_pipeline_dag.py
[2026-09-08T01:17:05.026+0000] {processor.py:830} INFO - Processing file /opt/airflow/dags/financial_pipeline_dag.py for tasks to queue
[2026-09-08T01:17:05.028+0000] {logging_mixin.py:188} INFO - [2026-09-08T01:17:05.027+0000] {dagbag.py:545} INFO - Filling up the DagBag from /opt/airflow/dags/financial_pipeline_dag.py
[2026-09-08T01:17:05.210+0000] {logging_mixin.py:188} INFO - [2026-09-08T01:17:05.210+0000] {graph.py:719} INFO - Trying to parse the dbt project `transformations` using a dbt manifest...
[2026-09-08T01:17:05.239+0000] {logging_mixin.py:188} INFO - [2026-09-08T01:17:05.232+0000] {dagbag.py:355} ERROR - Failed to import: /opt/airflow/dags/financial_pipeline_dag.py
Traceback (most recent call last):
  File "/home/airflow/.local/lib/python3.11/site-packages/airflow/models/dagbag.py", line 351, in parse
    loader.exec_module(new_module)
  File "<frozen importlib._bootstrap_external>", line 940, in exec_module
  File "<frozen importlib._bootstrap>", line 241, in _call_with_frames_removed
  File "/opt/airflow/dags/financial_pipeline_dag.py", line 115, in <module>
    dbt_stg_overview = make_dbt_group("dbt_stg_overview", "stg_overview")
                       ^^^^^^^^^^^^^^^^^^^^^^^^^^^^^^^^^^^^^^^^^^^^^^^^^^
  File "/opt/airflow/dags/financial_pipeline_dag.py", line 102, in make_dbt_group
    return DbtTaskGroup(
           ^^^^^^^^^^^^^
  File "/home/airflow/.local/lib/python3.11/site-packages/cosmos/airflow/task_group.py", line 28, in __init__
    DbtToAirflowConverter.__init__(self, *args, **specific_kwargs(**kwargs))
  File "/home/airflow/.local/lib/python3.11/site-packages/cosmos/converter.py", line 261, in __init__
    self.dbt_graph.load(method=render_config.load_method, execution_mode=execution_config.execution_mode)
  File "/home/airflow/.local/lib/python3.11/site-packages/cosmos/dbt/graph.py", line 440, in load
    load_method[method]()
  File "/home/airflow/.local/lib/python3.11/site-packages/cosmos/dbt/graph.py", line 748, in load_from_dbt_manifest
    config=node_dict["config"],
           ~~~~~~~~~^^^^^^^^^^
KeyError: 'config'
[2026-09-08T01:17:05.241+0000] {processor.py:842} WARNING - No viable dags retrieved from /opt/airflow/dags/financial_pipeline_dag.py
[2026-09-08T01:17:05.262+0000] {processor.py:183} INFO - Processing /opt/airflow/dags/financial_pipeline_dag.py took 0.248 seconds
[2026-09-08T01:17:20.435+0000] {processor.py:161} INFO - Started process (PID=180) to work on /opt/airflow/dags/financial_pipeline_dag.py
[2026-09-08T01:17:20.436+0000] {processor.py:830} INFO - Processing file /opt/airflow/dags/financial_pipeline_dag.py for tasks to queue
[2026-09-08T01:17:20.438+0000] {logging_mixin.py:188} INFO - [2026-09-08T01:17:20.438+0000] {dagbag.py:545} INFO - Filling up the DagBag from /opt/airflow/dags/financial_pipeline_dag.py
[2026-09-08T01:17:20.587+0000] {logging_mixin.py:188} INFO - [2026-09-08T01:17:20.587+0000] {graph.py:719} INFO - Trying to parse the dbt project `transformations` using a dbt manifest...
[2026-09-08T01:17:20.607+0000] {logging_mixin.py:188} INFO - [2026-09-08T01:17:20.604+0000] {dagbag.py:355} ERROR - Failed to import: /opt/airflow/dags/financial_pipeline_dag.py
Traceback (most recent call last):
  File "/home/airflow/.local/lib/python3.11/site-packages/airflow/models/dagbag.py", line 351, in parse
    loader.exec_module(new_module)
  File "<frozen importlib._bootstrap_external>", line 940, in exec_module
  File "<frozen importlib._bootstrap>", line 241, in _call_with_frames_removed
  File "/opt/airflow/dags/financial_pipeline_dag.py", line 115, in <module>
    dbt_stg_overview = make_dbt_group("dbt_stg_overview", "stg_overview")
                       ^^^^^^^^^^^^^^^^^^^^^^^^^^^^^^^^^^^^^^^^^^^^^^^^^^
  File "/opt/airflow/dags/financial_pipeline_dag.py", line 102, in make_dbt_group
    return DbtTaskGroup(
           ^^^^^^^^^^^^^
  File "/home/airflow/.local/lib/python3.11/site-packages/cosmos/airflow/task_group.py", line 28, in __init__
    DbtToAirflowConverter.__init__(self, *args, **specific_kwargs(**kwargs))
  File "/home/airflow/.local/lib/python3.11/site-packages/cosmos/converter.py", line 261, in __init__
    self.dbt_graph.load(method=render_config.load_method, execution_mode=execution_config.execution_mode)
  File "/home/airflow/.local/lib/python3.11/site-packages/cosmos/dbt/graph.py", line 440, in load
    load_method[method]()
  File "/home/airflow/.local/lib/python3.11/site-packages/cosmos/dbt/graph.py", line 748, in load_from_dbt_manifest
    config=node_dict["config"],
           ~~~~~~~~~^^^^^^^^^^
KeyError: 'config'
[2026-09-08T01:17:20.608+0000] {processor.py:842} WARNING - No viable dags retrieved from /opt/airflow/dags/financial_pipeline_dag.py
[2026-09-08T01:17:20.628+0000] {processor.py:183} INFO - Processing /opt/airflow/dags/financial_pipeline_dag.py took 0.203 seconds
[2026-09-08T01:17:34.931+0000] {processor.py:161} INFO - Started process (PID=180) to work on /opt/airflow/dags/financial_pipeline_dag.py
[2026-09-08T01:17:34.932+0000] {processor.py:830} INFO - Processing file /opt/airflow/dags/financial_pipeline_dag.py for tasks to queue
[2026-09-08T01:17:34.935+0000] {logging_mixin.py:188} INFO - [2026-09-08T01:17:34.934+0000] {dagbag.py:545} INFO - Filling up the DagBag from /opt/airflow/dags/financial_pipeline_dag.py
[2026-09-08T01:17:35.079+0000] {logging_mixin.py:188} INFO - [2026-09-08T01:17:35.078+0000] {graph.py:719} INFO - Trying to parse the dbt project `transformations` using a dbt manifest...
[2026-09-08T01:17:35.102+0000] {logging_mixin.py:188} INFO - [2026-09-08T01:17:35.097+0000] {dagbag.py:355} ERROR - Failed to import: /opt/airflow/dags/financial_pipeline_dag.py
Traceback (most recent call last):
  File "/home/airflow/.local/lib/python3.11/site-packages/airflow/models/dagbag.py", line 351, in parse
    loader.exec_module(new_module)
  File "<frozen importlib._bootstrap_external>", line 940, in exec_module
  File "<frozen importlib._bootstrap>", line 241, in _call_with_frames_removed
  File "/opt/airflow/dags/financial_pipeline_dag.py", line 115, in <module>
    dbt_stg_overview = make_dbt_group("dbt_stg_overview", "stg_overview")
                       ^^^^^^^^^^^^^^^^^^^^^^^^^^^^^^^^^^^^^^^^^^^^^^^^^^
  File "/opt/airflow/dags/financial_pipeline_dag.py", line 102, in make_dbt_group
    return DbtTaskGroup(
           ^^^^^^^^^^^^^
  File "/home/airflow/.local/lib/python3.11/site-packages/cosmos/airflow/task_group.py", line 28, in __init__
    DbtToAirflowConverter.__init__(self, *args, **specific_kwargs(**kwargs))
  File "/home/airflow/.local/lib/python3.11/site-packages/cosmos/converter.py", line 261, in __init__
    self.dbt_graph.load(method=render_config.load_method, execution_mode=execution_config.execution_mode)
  File "/home/airflow/.local/lib/python3.11/site-packages/cosmos/dbt/graph.py", line 440, in load
    load_method[method]()
  File "/home/airflow/.local/lib/python3.11/site-packages/cosmos/dbt/graph.py", line 748, in load_from_dbt_manifest
    config=node_dict["config"],
           ~~~~~~~~~^^^^^^^^^^
KeyError: 'config'
[2026-09-08T01:17:35.103+0000] {processor.py:842} WARNING - No viable dags retrieved from /opt/airflow/dags/financial_pipeline_dag.py
[2026-09-08T01:17:35.126+0000] {processor.py:183} INFO - Processing /opt/airflow/dags/financial_pipeline_dag.py took 0.204 seconds
[2026-09-08T01:17:49.644+0000] {processor.py:161} INFO - Started process (PID=180) to work on /opt/airflow/dags/financial_pipeline_dag.py
[2026-09-08T01:17:49.645+0000] {processor.py:830} INFO - Processing file /opt/airflow/dags/financial_pipeline_dag.py for tasks to queue
[2026-09-08T01:17:49.653+0000] {logging_mixin.py:188} INFO - [2026-09-08T01:17:49.652+0000] {dagbag.py:545} INFO - Filling up the DagBag from /opt/airflow/dags/financial_pipeline_dag.py
[2026-09-08T01:17:49.802+0000] {logging_mixin.py:188} INFO - [2026-09-08T01:17:49.801+0000] {graph.py:719} INFO - Trying to parse the dbt project `transformations` using a dbt manifest...
[2026-09-08T01:17:49.824+0000] {logging_mixin.py:188} INFO - [2026-09-08T01:17:49.820+0000] {dagbag.py:355} ERROR - Failed to import: /opt/airflow/dags/financial_pipeline_dag.py
Traceback (most recent call last):
  File "/home/airflow/.local/lib/python3.11/site-packages/airflow/models/dagbag.py", line 351, in parse
    loader.exec_module(new_module)
  File "<frozen importlib._bootstrap_external>", line 940, in exec_module
  File "<frozen importlib._bootstrap>", line 241, in _call_with_frames_removed
  File "/opt/airflow/dags/financial_pipeline_dag.py", line 115, in <module>
    dbt_stg_overview = make_dbt_group("dbt_stg_overview", "stg_overview")
                       ^^^^^^^^^^^^^^^^^^^^^^^^^^^^^^^^^^^^^^^^^^^^^^^^^^
  File "/opt/airflow/dags/financial_pipeline_dag.py", line 102, in make_dbt_group
    return DbtTaskGroup(
           ^^^^^^^^^^^^^
  File "/home/airflow/.local/lib/python3.11/site-packages/cosmos/airflow/task_group.py", line 28, in __init__
    DbtToAirflowConverter.__init__(self, *args, **specific_kwargs(**kwargs))
  File "/home/airflow/.local/lib/python3.11/site-packages/cosmos/converter.py", line 261, in __init__
    self.dbt_graph.load(method=render_config.load_method, execution_mode=execution_config.execution_mode)
  File "/home/airflow/.local/lib/python3.11/site-packages/cosmos/dbt/graph.py", line 440, in load
    load_method[method]()
  File "/home/airflow/.local/lib/python3.11/site-packages/cosmos/dbt/graph.py", line 748, in load_from_dbt_manifest
    config=node_dict["config"],
           ~~~~~~~~~^^^^^^^^^^
KeyError: 'config'
[2026-09-08T01:17:49.825+0000] {processor.py:842} WARNING - No viable dags retrieved from /opt/airflow/dags/financial_pipeline_dag.py
[2026-09-08T01:17:49.845+0000] {processor.py:183} INFO - Processing /opt/airflow/dags/financial_pipeline_dag.py took 0.211 seconds
[2026-09-08T01:18:04.824+0000] {processor.py:161} INFO - Started process (PID=180) to work on /opt/airflow/dags/financial_pipeline_dag.py
[2026-09-08T01:18:04.825+0000] {processor.py:830} INFO - Processing file /opt/airflow/dags/financial_pipeline_dag.py for tasks to queue
[2026-09-08T01:18:04.827+0000] {logging_mixin.py:188} INFO - [2026-09-08T01:18:04.826+0000] {dagbag.py:545} INFO - Filling up the DagBag from /opt/airflow/dags/financial_pipeline_dag.py
[2026-09-08T01:18:04.966+0000] {logging_mixin.py:188} INFO - [2026-09-08T01:18:04.965+0000] {graph.py:719} INFO - Trying to parse the dbt project `transformations` using a dbt manifest...
[2026-09-08T01:18:04.988+0000] {logging_mixin.py:188} INFO - [2026-09-08T01:18:04.983+0000] {dagbag.py:355} ERROR - Failed to import: /opt/airflow/dags/financial_pipeline_dag.py
Traceback (most recent call last):
  File "/home/airflow/.local/lib/python3.11/site-packages/airflow/models/dagbag.py", line 351, in parse
    loader.exec_module(new_module)
  File "<frozen importlib._bootstrap_external>", line 940, in exec_module
  File "<frozen importlib._bootstrap>", line 241, in _call_with_frames_removed
  File "/opt/airflow/dags/financial_pipeline_dag.py", line 115, in <module>
    dbt_stg_overview = make_dbt_group("dbt_stg_overview", "stg_overview")
                       ^^^^^^^^^^^^^^^^^^^^^^^^^^^^^^^^^^^^^^^^^^^^^^^^^^
  File "/opt/airflow/dags/financial_pipeline_dag.py", line 102, in make_dbt_group
    return DbtTaskGroup(
           ^^^^^^^^^^^^^
  File "/home/airflow/.local/lib/python3.11/site-packages/cosmos/airflow/task_group.py", line 28, in __init__
    DbtToAirflowConverter.__init__(self, *args, **specific_kwargs(**kwargs))
  File "/home/airflow/.local/lib/python3.11/site-packages/cosmos/converter.py", line 261, in __init__
    self.dbt_graph.load(method=render_config.load_method, execution_mode=execution_config.execution_mode)
  File "/home/airflow/.local/lib/python3.11/site-packages/cosmos/dbt/graph.py", line 440, in load
    load_method[method]()
  File "/home/airflow/.local/lib/python3.11/site-packages/cosmos/dbt/graph.py", line 748, in load_from_dbt_manifest
    config=node_dict["config"],
           ~~~~~~~~~^^^^^^^^^^
KeyError: 'config'
[2026-09-08T01:18:04.989+0000] {processor.py:842} WARNING - No viable dags retrieved from /opt/airflow/dags/financial_pipeline_dag.py
[2026-09-08T01:18:05.008+0000] {processor.py:183} INFO - Processing /opt/airflow/dags/financial_pipeline_dag.py took 0.195 seconds
[2026-09-08T01:18:20.450+0000] {processor.py:161} INFO - Started process (PID=180) to work on /opt/airflow/dags/financial_pipeline_dag.py
[2026-09-08T01:18:20.453+0000] {processor.py:830} INFO - Processing file /opt/airflow/dags/financial_pipeline_dag.py for tasks to queue
[2026-09-08T01:18:20.455+0000] {logging_mixin.py:188} INFO - [2026-09-08T01:18:20.455+0000] {dagbag.py:545} INFO - Filling up the DagBag from /opt/airflow/dags/financial_pipeline_dag.py
[2026-09-08T01:18:20.627+0000] {logging_mixin.py:188} INFO - [2026-09-08T01:18:20.627+0000] {graph.py:719} INFO - Trying to parse the dbt project `transformations` using a dbt manifest...
[2026-09-08T01:18:20.652+0000] {logging_mixin.py:188} INFO - [2026-09-08T01:18:20.647+0000] {dagbag.py:355} ERROR - Failed to import: /opt/airflow/dags/financial_pipeline_dag.py
Traceback (most recent call last):
  File "/home/airflow/.local/lib/python3.11/site-packages/airflow/models/dagbag.py", line 351, in parse
    loader.exec_module(new_module)
  File "<frozen importlib._bootstrap_external>", line 940, in exec_module
  File "<frozen importlib._bootstrap>", line 241, in _call_with_frames_removed
  File "/opt/airflow/dags/financial_pipeline_dag.py", line 115, in <module>
    dbt_stg_overview = make_dbt_group("dbt_stg_overview", "stg_overview")
                       ^^^^^^^^^^^^^^^^^^^^^^^^^^^^^^^^^^^^^^^^^^^^^^^^^^
  File "/opt/airflow/dags/financial_pipeline_dag.py", line 102, in make_dbt_group
    return DbtTaskGroup(
           ^^^^^^^^^^^^^
  File "/home/airflow/.local/lib/python3.11/site-packages/cosmos/airflow/task_group.py", line 28, in __init__
    DbtToAirflowConverter.__init__(self, *args, **specific_kwargs(**kwargs))
  File "/home/airflow/.local/lib/python3.11/site-packages/cosmos/converter.py", line 261, in __init__
    self.dbt_graph.load(method=render_config.load_method, execution_mode=execution_config.execution_mode)
  File "/home/airflow/.local/lib/python3.11/site-packages/cosmos/dbt/graph.py", line 440, in load
    load_method[method]()
  File "/home/airflow/.local/lib/python3.11/site-packages/cosmos/dbt/graph.py", line 748, in load_from_dbt_manifest
    config=node_dict["config"],
           ~~~~~~~~~^^^^^^^^^^
KeyError: 'config'
[2026-09-08T01:18:20.654+0000] {processor.py:842} WARNING - No viable dags retrieved from /opt/airflow/dags/financial_pipeline_dag.py
[2026-09-08T01:18:20.677+0000] {processor.py:183} INFO - Processing /opt/airflow/dags/financial_pipeline_dag.py took 0.236 seconds
[2026-09-08T01:18:34.547+0000] {processor.py:161} INFO - Started process (PID=180) to work on /opt/airflow/dags/financial_pipeline_dag.py
[2026-09-08T01:18:34.548+0000] {processor.py:830} INFO - Processing file /opt/airflow/dags/financial_pipeline_dag.py for tasks to queue
[2026-09-08T01:18:34.550+0000] {logging_mixin.py:188} INFO - [2026-09-08T01:18:34.550+0000] {dagbag.py:545} INFO - Filling up the DagBag from /opt/airflow/dags/financial_pipeline_dag.py
[2026-09-08T01:18:34.683+0000] {logging_mixin.py:188} INFO - [2026-09-08T01:18:34.683+0000] {graph.py:719} INFO - Trying to parse the dbt project `transformations` using a dbt manifest...
[2026-09-08T01:18:34.707+0000] {logging_mixin.py:188} INFO - [2026-09-08T01:18:34.702+0000] {dagbag.py:355} ERROR - Failed to import: /opt/airflow/dags/financial_pipeline_dag.py
Traceback (most recent call last):
  File "/home/airflow/.local/lib/python3.11/site-packages/airflow/models/dagbag.py", line 351, in parse
    loader.exec_module(new_module)
  File "<frozen importlib._bootstrap_external>", line 940, in exec_module
  File "<frozen importlib._bootstrap>", line 241, in _call_with_frames_removed
  File "/opt/airflow/dags/financial_pipeline_dag.py", line 115, in <module>
    dbt_stg_overview = make_dbt_group("dbt_stg_overview", "stg_overview")
                       ^^^^^^^^^^^^^^^^^^^^^^^^^^^^^^^^^^^^^^^^^^^^^^^^^^
  File "/opt/airflow/dags/financial_pipeline_dag.py", line 102, in make_dbt_group
    return DbtTaskGroup(
           ^^^^^^^^^^^^^
  File "/home/airflow/.local/lib/python3.11/site-packages/cosmos/airflow/task_group.py", line 28, in __init__
    DbtToAirflowConverter.__init__(self, *args, **specific_kwargs(**kwargs))
  File "/home/airflow/.local/lib/python3.11/site-packages/cosmos/converter.py", line 261, in __init__
    self.dbt_graph.load(method=render_config.load_method, execution_mode=execution_config.execution_mode)
  File "/home/airflow/.local/lib/python3.11/site-packages/cosmos/dbt/graph.py", line 440, in load
    load_method[method]()
  File "/home/airflow/.local/lib/python3.11/site-packages/cosmos/dbt/graph.py", line 748, in load_from_dbt_manifest
    config=node_dict["config"],
           ~~~~~~~~~^^^^^^^^^^
KeyError: 'config'
[2026-09-08T01:18:34.708+0000] {processor.py:842} WARNING - No viable dags retrieved from /opt/airflow/dags/financial_pipeline_dag.py
[2026-09-08T01:18:34.729+0000] {processor.py:183} INFO - Processing /opt/airflow/dags/financial_pipeline_dag.py took 0.191 seconds
[2026-09-08T01:18:48.062+0000] {processor.py:161} INFO - Started process (PID=180) to work on /opt/airflow/dags/financial_pipeline_dag.py
[2026-09-08T01:18:48.065+0000] {processor.py:830} INFO - Processing file /opt/airflow/dags/financial_pipeline_dag.py for tasks to queue
[2026-09-08T01:18:48.067+0000] {logging_mixin.py:188} INFO - [2026-09-08T01:18:48.066+0000] {dagbag.py:545} INFO - Filling up the DagBag from /opt/airflow/dags/financial_pipeline_dag.py
[2026-09-08T01:18:48.232+0000] {logging_mixin.py:188} INFO - [2026-09-08T01:18:48.231+0000] {graph.py:719} INFO - Trying to parse the dbt project `transformations` using a dbt manifest...
[2026-09-08T01:18:48.254+0000] {logging_mixin.py:188} INFO - [2026-09-08T01:18:48.249+0000] {dagbag.py:355} ERROR - Failed to import: /opt/airflow/dags/financial_pipeline_dag.py
Traceback (most recent call last):
  File "/home/airflow/.local/lib/python3.11/site-packages/airflow/models/dagbag.py", line 351, in parse
    loader.exec_module(new_module)
  File "<frozen importlib._bootstrap_external>", line 940, in exec_module
  File "<frozen importlib._bootstrap>", line 241, in _call_with_frames_removed
  File "/opt/airflow/dags/financial_pipeline_dag.py", line 115, in <module>
    dbt_stg_overview = make_dbt_group("dbt_stg_overview", "stg_overview")
                       ^^^^^^^^^^^^^^^^^^^^^^^^^^^^^^^^^^^^^^^^^^^^^^^^^^
  File "/opt/airflow/dags/financial_pipeline_dag.py", line 102, in make_dbt_group
    return DbtTaskGroup(
           ^^^^^^^^^^^^^
  File "/home/airflow/.local/lib/python3.11/site-packages/cosmos/airflow/task_group.py", line 28, in __init__
    DbtToAirflowConverter.__init__(self, *args, **specific_kwargs(**kwargs))
  File "/home/airflow/.local/lib/python3.11/site-packages/cosmos/converter.py", line 261, in __init__
    self.dbt_graph.load(method=render_config.load_method, execution_mode=execution_config.execution_mode)
  File "/home/airflow/.local/lib/python3.11/site-packages/cosmos/dbt/graph.py", line 440, in load
    load_method[method]()
  File "/home/airflow/.local/lib/python3.11/site-packages/cosmos/dbt/graph.py", line 748, in load_from_dbt_manifest
    config=node_dict["config"],
           ~~~~~~~~~^^^^^^^^^^
KeyError: 'config'
[2026-09-08T01:18:48.255+0000] {processor.py:842} WARNING - No viable dags retrieved from /opt/airflow/dags/financial_pipeline_dag.py
[2026-09-08T01:18:48.277+0000] {processor.py:183} INFO - Processing /opt/airflow/dags/financial_pipeline_dag.py took 0.223 seconds
[2026-09-08T01:19:02.127+0000] {processor.py:161} INFO - Started process (PID=180) to work on /opt/airflow/dags/financial_pipeline_dag.py
[2026-09-08T01:19:02.129+0000] {processor.py:830} INFO - Processing file /opt/airflow/dags/financial_pipeline_dag.py for tasks to queue
[2026-09-08T01:19:02.131+0000] {logging_mixin.py:188} INFO - [2026-09-08T01:19:02.130+0000] {dagbag.py:545} INFO - Filling up the DagBag from /opt/airflow/dags/financial_pipeline_dag.py
[2026-09-08T01:19:02.274+0000] {logging_mixin.py:188} INFO - [2026-09-08T01:19:02.273+0000] {graph.py:719} INFO - Trying to parse the dbt project `transformations` using a dbt manifest...
[2026-09-08T01:19:02.294+0000] {logging_mixin.py:188} INFO - [2026-09-08T01:19:02.290+0000] {dagbag.py:355} ERROR - Failed to import: /opt/airflow/dags/financial_pipeline_dag.py
Traceback (most recent call last):
  File "/home/airflow/.local/lib/python3.11/site-packages/airflow/models/dagbag.py", line 351, in parse
    loader.exec_module(new_module)
  File "<frozen importlib._bootstrap_external>", line 940, in exec_module
  File "<frozen importlib._bootstrap>", line 241, in _call_with_frames_removed
  File "/opt/airflow/dags/financial_pipeline_dag.py", line 115, in <module>
    dbt_stg_overview = make_dbt_group("dbt_stg_overview", "stg_overview")
                       ^^^^^^^^^^^^^^^^^^^^^^^^^^^^^^^^^^^^^^^^^^^^^^^^^^
  File "/opt/airflow/dags/financial_pipeline_dag.py", line 102, in make_dbt_group
    return DbtTaskGroup(
           ^^^^^^^^^^^^^
  File "/home/airflow/.local/lib/python3.11/site-packages/cosmos/airflow/task_group.py", line 28, in __init__
    DbtToAirflowConverter.__init__(self, *args, **specific_kwargs(**kwargs))
  File "/home/airflow/.local/lib/python3.11/site-packages/cosmos/converter.py", line 261, in __init__
    self.dbt_graph.load(method=render_config.load_method, execution_mode=execution_config.execution_mode)
  File "/home/airflow/.local/lib/python3.11/site-packages/cosmos/dbt/graph.py", line 440, in load
    load_method[method]()
  File "/home/airflow/.local/lib/python3.11/site-packages/cosmos/dbt/graph.py", line 748, in load_from_dbt_manifest
    config=node_dict["config"],
           ~~~~~~~~~^^^^^^^^^^
KeyError: 'config'
[2026-09-08T01:19:02.295+0000] {processor.py:842} WARNING - No viable dags retrieved from /opt/airflow/dags/financial_pipeline_dag.py
[2026-09-08T01:19:02.313+0000] {processor.py:183} INFO - Processing /opt/airflow/dags/financial_pipeline_dag.py took 0.197 seconds
[2026-09-08T01:19:15.531+0000] {processor.py:161} INFO - Started process (PID=180) to work on /opt/airflow/dags/financial_pipeline_dag.py
[2026-09-08T01:19:15.533+0000] {processor.py:830} INFO - Processing file /opt/airflow/dags/financial_pipeline_dag.py for tasks to queue
[2026-09-08T01:19:15.536+0000] {logging_mixin.py:188} INFO - [2026-09-08T01:19:15.535+0000] {dagbag.py:545} INFO - Filling up the DagBag from /opt/airflow/dags/financial_pipeline_dag.py
[2026-09-08T01:19:15.671+0000] {logging_mixin.py:188} INFO - [2026-09-08T01:19:15.671+0000] {graph.py:719} INFO - Trying to parse the dbt project `transformations` using a dbt manifest...
[2026-09-08T01:19:15.690+0000] {logging_mixin.py:188} INFO - [2026-09-08T01:19:15.687+0000] {dagbag.py:355} ERROR - Failed to import: /opt/airflow/dags/financial_pipeline_dag.py
Traceback (most recent call last):
  File "/home/airflow/.local/lib/python3.11/site-packages/airflow/models/dagbag.py", line 351, in parse
    loader.exec_module(new_module)
  File "<frozen importlib._bootstrap_external>", line 940, in exec_module
  File "<frozen importlib._bootstrap>", line 241, in _call_with_frames_removed
  File "/opt/airflow/dags/financial_pipeline_dag.py", line 115, in <module>
    dbt_stg_overview = make_dbt_group("dbt_stg_overview", "stg_overview")
                       ^^^^^^^^^^^^^^^^^^^^^^^^^^^^^^^^^^^^^^^^^^^^^^^^^^
  File "/opt/airflow/dags/financial_pipeline_dag.py", line 102, in make_dbt_group
    return DbtTaskGroup(
           ^^^^^^^^^^^^^
  File "/home/airflow/.local/lib/python3.11/site-packages/cosmos/airflow/task_group.py", line 28, in __init__
    DbtToAirflowConverter.__init__(self, *args, **specific_kwargs(**kwargs))
  File "/home/airflow/.local/lib/python3.11/site-packages/cosmos/converter.py", line 261, in __init__
    self.dbt_graph.load(method=render_config.load_method, execution_mode=execution_config.execution_mode)
  File "/home/airflow/.local/lib/python3.11/site-packages/cosmos/dbt/graph.py", line 440, in load
    load_method[method]()
  File "/home/airflow/.local/lib/python3.11/site-packages/cosmos/dbt/graph.py", line 748, in load_from_dbt_manifest
    config=node_dict["config"],
           ~~~~~~~~~^^^^^^^^^^
KeyError: 'config'
[2026-09-08T01:19:15.691+0000] {processor.py:842} WARNING - No viable dags retrieved from /opt/airflow/dags/financial_pipeline_dag.py
[2026-09-08T01:19:15.711+0000] {processor.py:183} INFO - Processing /opt/airflow/dags/financial_pipeline_dag.py took 0.188 seconds
[2026-09-08T01:19:29.741+0000] {processor.py:161} INFO - Started process (PID=180) to work on /opt/airflow/dags/financial_pipeline_dag.py
[2026-09-08T01:19:29.742+0000] {processor.py:830} INFO - Processing file /opt/airflow/dags/financial_pipeline_dag.py for tasks to queue
[2026-09-08T01:19:29.745+0000] {logging_mixin.py:188} INFO - [2026-09-08T01:19:29.744+0000] {dagbag.py:545} INFO - Filling up the DagBag from /opt/airflow/dags/financial_pipeline_dag.py
[2026-09-08T01:19:29.890+0000] {logging_mixin.py:188} INFO - [2026-09-08T01:19:29.890+0000] {graph.py:719} INFO - Trying to parse the dbt project `transformations` using a dbt manifest...
[2026-09-08T01:19:29.910+0000] {logging_mixin.py:188} INFO - [2026-09-08T01:19:29.906+0000] {dagbag.py:355} ERROR - Failed to import: /opt/airflow/dags/financial_pipeline_dag.py
Traceback (most recent call last):
  File "/home/airflow/.local/lib/python3.11/site-packages/airflow/models/dagbag.py", line 351, in parse
    loader.exec_module(new_module)
  File "<frozen importlib._bootstrap_external>", line 940, in exec_module
  File "<frozen importlib._bootstrap>", line 241, in _call_with_frames_removed
  File "/opt/airflow/dags/financial_pipeline_dag.py", line 115, in <module>
    dbt_stg_overview = make_dbt_group("dbt_stg_overview", "stg_overview")
                       ^^^^^^^^^^^^^^^^^^^^^^^^^^^^^^^^^^^^^^^^^^^^^^^^^^
  File "/opt/airflow/dags/financial_pipeline_dag.py", line 102, in make_dbt_group
    return DbtTaskGroup(
           ^^^^^^^^^^^^^
  File "/home/airflow/.local/lib/python3.11/site-packages/cosmos/airflow/task_group.py", line 28, in __init__
    DbtToAirflowConverter.__init__(self, *args, **specific_kwargs(**kwargs))
  File "/home/airflow/.local/lib/python3.11/site-packages/cosmos/converter.py", line 261, in __init__
    self.dbt_graph.load(method=render_config.load_method, execution_mode=execution_config.execution_mode)
  File "/home/airflow/.local/lib/python3.11/site-packages/cosmos/dbt/graph.py", line 440, in load
    load_method[method]()
  File "/home/airflow/.local/lib/python3.11/site-packages/cosmos/dbt/graph.py", line 748, in load_from_dbt_manifest
    config=node_dict["config"],
           ~~~~~~~~~^^^^^^^^^^
KeyError: 'config'
[2026-09-08T01:19:29.912+0000] {processor.py:842} WARNING - No viable dags retrieved from /opt/airflow/dags/financial_pipeline_dag.py
[2026-09-08T01:19:29.933+0000] {processor.py:183} INFO - Processing /opt/airflow/dags/financial_pipeline_dag.py took 0.198 seconds
[2026-09-08T01:19:43.208+0000] {processor.py:161} INFO - Started process (PID=180) to work on /opt/airflow/dags/financial_pipeline_dag.py
[2026-09-08T01:19:43.210+0000] {processor.py:830} INFO - Processing file /opt/airflow/dags/financial_pipeline_dag.py for tasks to queue
[2026-09-08T01:19:43.212+0000] {logging_mixin.py:188} INFO - [2026-09-08T01:19:43.212+0000] {dagbag.py:545} INFO - Filling up the DagBag from /opt/airflow/dags/financial_pipeline_dag.py
[2026-09-08T01:19:43.343+0000] {logging_mixin.py:188} INFO - [2026-09-08T01:19:43.342+0000] {graph.py:719} INFO - Trying to parse the dbt project `transformations` using a dbt manifest...
[2026-09-08T01:19:43.363+0000] {logging_mixin.py:188} INFO - [2026-09-08T01:19:43.359+0000] {dagbag.py:355} ERROR - Failed to import: /opt/airflow/dags/financial_pipeline_dag.py
Traceback (most recent call last):
  File "/home/airflow/.local/lib/python3.11/site-packages/airflow/models/dagbag.py", line 351, in parse
    loader.exec_module(new_module)
  File "<frozen importlib._bootstrap_external>", line 940, in exec_module
  File "<frozen importlib._bootstrap>", line 241, in _call_with_frames_removed
  File "/opt/airflow/dags/financial_pipeline_dag.py", line 115, in <module>
    dbt_stg_overview = make_dbt_group("dbt_stg_overview", "stg_overview")
                       ^^^^^^^^^^^^^^^^^^^^^^^^^^^^^^^^^^^^^^^^^^^^^^^^^^
  File "/opt/airflow/dags/financial_pipeline_dag.py", line 102, in make_dbt_group
    return DbtTaskGroup(
           ^^^^^^^^^^^^^
  File "/home/airflow/.local/lib/python3.11/site-packages/cosmos/airflow/task_group.py", line 28, in __init__
    DbtToAirflowConverter.__init__(self, *args, **specific_kwargs(**kwargs))
  File "/home/airflow/.local/lib/python3.11/site-packages/cosmos/converter.py", line 261, in __init__
    self.dbt_graph.load(method=render_config.load_method, execution_mode=execution_config.execution_mode)
  File "/home/airflow/.local/lib/python3.11/site-packages/cosmos/dbt/graph.py", line 440, in load
    load_method[method]()
  File "/home/airflow/.local/lib/python3.11/site-packages/cosmos/dbt/graph.py", line 748, in load_from_dbt_manifest
    config=node_dict["config"],
           ~~~~~~~~~^^^^^^^^^^
KeyError: 'config'
[2026-09-08T01:19:43.365+0000] {processor.py:842} WARNING - No viable dags retrieved from /opt/airflow/dags/financial_pipeline_dag.py
[2026-09-08T01:19:43.384+0000] {processor.py:183} INFO - Processing /opt/airflow/dags/financial_pipeline_dag.py took 0.185 seconds
[2026-09-08T01:19:57.014+0000] {processor.py:161} INFO - Started process (PID=180) to work on /opt/airflow/dags/financial_pipeline_dag.py
[2026-09-08T01:19:57.016+0000] {processor.py:830} INFO - Processing file /opt/airflow/dags/financial_pipeline_dag.py for tasks to queue
[2026-09-08T01:19:57.019+0000] {logging_mixin.py:188} INFO - [2026-09-08T01:19:57.019+0000] {dagbag.py:545} INFO - Filling up the DagBag from /opt/airflow/dags/financial_pipeline_dag.py
[2026-09-08T01:19:57.165+0000] {logging_mixin.py:188} INFO - [2026-09-08T01:19:57.164+0000] {graph.py:719} INFO - Trying to parse the dbt project `transformations` using a dbt manifest...
[2026-09-08T01:19:57.185+0000] {logging_mixin.py:188} INFO - [2026-09-08T01:19:57.181+0000] {dagbag.py:355} ERROR - Failed to import: /opt/airflow/dags/financial_pipeline_dag.py
Traceback (most recent call last):
  File "/home/airflow/.local/lib/python3.11/site-packages/airflow/models/dagbag.py", line 351, in parse
    loader.exec_module(new_module)
  File "<frozen importlib._bootstrap_external>", line 940, in exec_module
  File "<frozen importlib._bootstrap>", line 241, in _call_with_frames_removed
  File "/opt/airflow/dags/financial_pipeline_dag.py", line 115, in <module>
    dbt_stg_overview = make_dbt_group("dbt_stg_overview", "stg_overview")
                       ^^^^^^^^^^^^^^^^^^^^^^^^^^^^^^^^^^^^^^^^^^^^^^^^^^
  File "/opt/airflow/dags/financial_pipeline_dag.py", line 102, in make_dbt_group
    return DbtTaskGroup(
           ^^^^^^^^^^^^^
  File "/home/airflow/.local/lib/python3.11/site-packages/cosmos/airflow/task_group.py", line 28, in __init__
    DbtToAirflowConverter.__init__(self, *args, **specific_kwargs(**kwargs))
  File "/home/airflow/.local/lib/python3.11/site-packages/cosmos/converter.py", line 261, in __init__
    self.dbt_graph.load(method=render_config.load_method, execution_mode=execution_config.execution_mode)
  File "/home/airflow/.local/lib/python3.11/site-packages/cosmos/dbt/graph.py", line 440, in load
    load_method[method]()
  File "/home/airflow/.local/lib/python3.11/site-packages/cosmos/dbt/graph.py", line 748, in load_from_dbt_manifest
    config=node_dict["config"],
           ~~~~~~~~~^^^^^^^^^^
KeyError: 'config'
[2026-09-08T01:19:57.186+0000] {processor.py:842} WARNING - No viable dags retrieved from /opt/airflow/dags/financial_pipeline_dag.py
[2026-09-08T01:19:57.207+0000] {processor.py:183} INFO - Processing /opt/airflow/dags/financial_pipeline_dag.py took 0.202 seconds
[2026-09-08T01:20:10.397+0000] {processor.py:161} INFO - Started process (PID=180) to work on /opt/airflow/dags/financial_pipeline_dag.py
[2026-09-08T01:20:10.400+0000] {processor.py:830} INFO - Processing file /opt/airflow/dags/financial_pipeline_dag.py for tasks to queue
[2026-09-08T01:20:10.402+0000] {logging_mixin.py:188} INFO - [2026-09-08T01:20:10.401+0000] {dagbag.py:545} INFO - Filling up the DagBag from /opt/airflow/dags/financial_pipeline_dag.py
[2026-09-08T01:20:10.547+0000] {logging_mixin.py:188} INFO - [2026-09-08T01:20:10.546+0000] {graph.py:719} INFO - Trying to parse the dbt project `transformations` using a dbt manifest...
[2026-09-08T01:20:10.568+0000] {logging_mixin.py:188} INFO - [2026-09-08T01:20:10.564+0000] {dagbag.py:355} ERROR - Failed to import: /opt/airflow/dags/financial_pipeline_dag.py
Traceback (most recent call last):
  File "/home/airflow/.local/lib/python3.11/site-packages/airflow/models/dagbag.py", line 351, in parse
    loader.exec_module(new_module)
  File "<frozen importlib._bootstrap_external>", line 940, in exec_module
  File "<frozen importlib._bootstrap>", line 241, in _call_with_frames_removed
  File "/opt/airflow/dags/financial_pipeline_dag.py", line 115, in <module>
    dbt_stg_overview = make_dbt_group("dbt_stg_overview", "stg_overview")
                       ^^^^^^^^^^^^^^^^^^^^^^^^^^^^^^^^^^^^^^^^^^^^^^^^^^
  File "/opt/airflow/dags/financial_pipeline_dag.py", line 102, in make_dbt_group
    return DbtTaskGroup(
           ^^^^^^^^^^^^^
  File "/home/airflow/.local/lib/python3.11/site-packages/cosmos/airflow/task_group.py", line 28, in __init__
    DbtToAirflowConverter.__init__(self, *args, **specific_kwargs(**kwargs))
  File "/home/airflow/.local/lib/python3.11/site-packages/cosmos/converter.py", line 261, in __init__
    self.dbt_graph.load(method=render_config.load_method, execution_mode=execution_config.execution_mode)
  File "/home/airflow/.local/lib/python3.11/site-packages/cosmos/dbt/graph.py", line 440, in load
    load_method[method]()
  File "/home/airflow/.local/lib/python3.11/site-packages/cosmos/dbt/graph.py", line 748, in load_from_dbt_manifest
    config=node_dict["config"],
           ~~~~~~~~~^^^^^^^^^^
KeyError: 'config'
[2026-09-08T01:20:10.569+0000] {processor.py:842} WARNING - No viable dags retrieved from /opt/airflow/dags/financial_pipeline_dag.py
[2026-09-08T01:20:10.589+0000] {processor.py:183} INFO - Processing /opt/airflow/dags/financial_pipeline_dag.py took 0.201 seconds
[2026-09-08T01:20:23.929+0000] {processor.py:161} INFO - Started process (PID=180) to work on /opt/airflow/dags/financial_pipeline_dag.py
[2026-09-08T01:20:23.931+0000] {processor.py:830} INFO - Processing file /opt/airflow/dags/financial_pipeline_dag.py for tasks to queue
[2026-09-08T01:20:23.934+0000] {logging_mixin.py:188} INFO - [2026-09-08T01:20:23.933+0000] {dagbag.py:545} INFO - Filling up the DagBag from /opt/airflow/dags/financial_pipeline_dag.py
[2026-09-08T01:20:24.123+0000] {logging_mixin.py:188} INFO - [2026-09-08T01:20:24.122+0000] {graph.py:719} INFO - Trying to parse the dbt project `transformations` using a dbt manifest...
[2026-09-08T01:20:24.142+0000] {logging_mixin.py:188} INFO - [2026-09-08T01:20:24.139+0000] {dagbag.py:355} ERROR - Failed to import: /opt/airflow/dags/financial_pipeline_dag.py
Traceback (most recent call last):
  File "/home/airflow/.local/lib/python3.11/site-packages/airflow/models/dagbag.py", line 351, in parse
    loader.exec_module(new_module)
  File "<frozen importlib._bootstrap_external>", line 940, in exec_module
  File "<frozen importlib._bootstrap>", line 241, in _call_with_frames_removed
  File "/opt/airflow/dags/financial_pipeline_dag.py", line 115, in <module>
    dbt_stg_overview = make_dbt_group("dbt_stg_overview", "stg_overview")
                       ^^^^^^^^^^^^^^^^^^^^^^^^^^^^^^^^^^^^^^^^^^^^^^^^^^
  File "/opt/airflow/dags/financial_pipeline_dag.py", line 102, in make_dbt_group
    return DbtTaskGroup(
           ^^^^^^^^^^^^^
  File "/home/airflow/.local/lib/python3.11/site-packages/cosmos/airflow/task_group.py", line 28, in __init__
    DbtToAirflowConverter.__init__(self, *args, **specific_kwargs(**kwargs))
  File "/home/airflow/.local/lib/python3.11/site-packages/cosmos/converter.py", line 261, in __init__
    self.dbt_graph.load(method=render_config.load_method, execution_mode=execution_config.execution_mode)
  File "/home/airflow/.local/lib/python3.11/site-packages/cosmos/dbt/graph.py", line 440, in load
    load_method[method]()
  File "/home/airflow/.local/lib/python3.11/site-packages/cosmos/dbt/graph.py", line 748, in load_from_dbt_manifest
    config=node_dict["config"],
           ~~~~~~~~~^^^^^^^^^^
KeyError: 'config'
[2026-09-08T01:20:24.144+0000] {processor.py:842} WARNING - No viable dags retrieved from /opt/airflow/dags/financial_pipeline_dag.py
[2026-09-08T01:20:24.161+0000] {processor.py:183} INFO - Processing /opt/airflow/dags/financial_pipeline_dag.py took 0.244 seconds
[2026-09-08T01:20:37.682+0000] {processor.py:161} INFO - Started process (PID=180) to work on /opt/airflow/dags/financial_pipeline_dag.py
[2026-09-08T01:20:37.684+0000] {processor.py:830} INFO - Processing file /opt/airflow/dags/financial_pipeline_dag.py for tasks to queue
[2026-09-08T01:20:37.688+0000] {logging_mixin.py:188} INFO - [2026-09-08T01:20:37.687+0000] {dagbag.py:545} INFO - Filling up the DagBag from /opt/airflow/dags/financial_pipeline_dag.py
[2026-09-08T01:20:37.815+0000] {logging_mixin.py:188} INFO - [2026-09-08T01:20:37.814+0000] {graph.py:719} INFO - Trying to parse the dbt project `transformations` using a dbt manifest...
[2026-09-08T01:20:37.835+0000] {logging_mixin.py:188} INFO - [2026-09-08T01:20:37.831+0000] {dagbag.py:355} ERROR - Failed to import: /opt/airflow/dags/financial_pipeline_dag.py
Traceback (most recent call last):
  File "/home/airflow/.local/lib/python3.11/site-packages/airflow/models/dagbag.py", line 351, in parse
    loader.exec_module(new_module)
  File "<frozen importlib._bootstrap_external>", line 940, in exec_module
  File "<frozen importlib._bootstrap>", line 241, in _call_with_frames_removed
  File "/opt/airflow/dags/financial_pipeline_dag.py", line 115, in <module>
    dbt_stg_overview = make_dbt_group("dbt_stg_overview", "stg_overview")
                       ^^^^^^^^^^^^^^^^^^^^^^^^^^^^^^^^^^^^^^^^^^^^^^^^^^
  File "/opt/airflow/dags/financial_pipeline_dag.py", line 102, in make_dbt_group
    return DbtTaskGroup(
           ^^^^^^^^^^^^^
  File "/home/airflow/.local/lib/python3.11/site-packages/cosmos/airflow/task_group.py", line 28, in __init__
    DbtToAirflowConverter.__init__(self, *args, **specific_kwargs(**kwargs))
  File "/home/airflow/.local/lib/python3.11/site-packages/cosmos/converter.py", line 261, in __init__
    self.dbt_graph.load(method=render_config.load_method, execution_mode=execution_config.execution_mode)
  File "/home/airflow/.local/lib/python3.11/site-packages/cosmos/dbt/graph.py", line 440, in load
    load_method[method]()
  File "/home/airflow/.local/lib/python3.11/site-packages/cosmos/dbt/graph.py", line 748, in load_from_dbt_manifest
    config=node_dict["config"],
           ~~~~~~~~~^^^^^^^^^^
KeyError: 'config'
[2026-09-08T01:20:37.836+0000] {processor.py:842} WARNING - No viable dags retrieved from /opt/airflow/dags/financial_pipeline_dag.py
[2026-09-08T01:20:37.854+0000] {processor.py:183} INFO - Processing /opt/airflow/dags/financial_pipeline_dag.py took 0.179 seconds
[2026-09-08T01:20:51.177+0000] {processor.py:161} INFO - Started process (PID=180) to work on /opt/airflow/dags/financial_pipeline_dag.py
[2026-09-08T01:20:51.179+0000] {processor.py:830} INFO - Processing file /opt/airflow/dags/financial_pipeline_dag.py for tasks to queue
[2026-09-08T01:20:51.181+0000] {logging_mixin.py:188} INFO - [2026-09-08T01:20:51.180+0000] {dagbag.py:545} INFO - Filling up the DagBag from /opt/airflow/dags/financial_pipeline_dag.py
[2026-09-08T01:20:51.314+0000] {logging_mixin.py:188} INFO - [2026-09-08T01:20:51.313+0000] {graph.py:719} INFO - Trying to parse the dbt project `transformations` using a dbt manifest...
[2026-09-08T01:20:51.335+0000] {logging_mixin.py:188} INFO - [2026-09-08T01:20:51.330+0000] {dagbag.py:355} ERROR - Failed to import: /opt/airflow/dags/financial_pipeline_dag.py
Traceback (most recent call last):
  File "/home/airflow/.local/lib/python3.11/site-packages/airflow/models/dagbag.py", line 351, in parse
    loader.exec_module(new_module)
  File "<frozen importlib._bootstrap_external>", line 940, in exec_module
  File "<frozen importlib._bootstrap>", line 241, in _call_with_frames_removed
  File "/opt/airflow/dags/financial_pipeline_dag.py", line 115, in <module>
    dbt_stg_overview = make_dbt_group("dbt_stg_overview", "stg_overview")
                       ^^^^^^^^^^^^^^^^^^^^^^^^^^^^^^^^^^^^^^^^^^^^^^^^^^
  File "/opt/airflow/dags/financial_pipeline_dag.py", line 102, in make_dbt_group
    return DbtTaskGroup(
           ^^^^^^^^^^^^^
  File "/home/airflow/.local/lib/python3.11/site-packages/cosmos/airflow/task_group.py", line 28, in __init__
    DbtToAirflowConverter.__init__(self, *args, **specific_kwargs(**kwargs))
  File "/home/airflow/.local/lib/python3.11/site-packages/cosmos/converter.py", line 261, in __init__
    self.dbt_graph.load(method=render_config.load_method, execution_mode=execution_config.execution_mode)
  File "/home/airflow/.local/lib/python3.11/site-packages/cosmos/dbt/graph.py", line 440, in load
    load_method[method]()
  File "/home/airflow/.local/lib/python3.11/site-packages/cosmos/dbt/graph.py", line 748, in load_from_dbt_manifest
    config=node_dict["config"],
           ~~~~~~~~~^^^^^^^^^^
KeyError: 'config'
[2026-09-08T01:20:51.336+0000] {processor.py:842} WARNING - No viable dags retrieved from /opt/airflow/dags/financial_pipeline_dag.py
[2026-09-08T01:20:51.356+0000] {processor.py:183} INFO - Processing /opt/airflow/dags/financial_pipeline_dag.py took 0.186 seconds
[2026-09-08T01:21:04.840+0000] {processor.py:161} INFO - Started process (PID=180) to work on /opt/airflow/dags/financial_pipeline_dag.py
[2026-09-08T01:21:04.842+0000] {processor.py:830} INFO - Processing file /opt/airflow/dags/financial_pipeline_dag.py for tasks to queue
[2026-09-08T01:21:04.846+0000] {logging_mixin.py:188} INFO - [2026-09-08T01:21:04.846+0000] {dagbag.py:545} INFO - Filling up the DagBag from /opt/airflow/dags/financial_pipeline_dag.py
[2026-09-08T01:21:04.981+0000] {logging_mixin.py:188} INFO - [2026-09-08T01:21:04.981+0000] {graph.py:719} INFO - Trying to parse the dbt project `transformations` using a dbt manifest...
[2026-09-08T01:21:05.001+0000] {logging_mixin.py:188} INFO - [2026-09-08T01:21:04.997+0000] {dagbag.py:355} ERROR - Failed to import: /opt/airflow/dags/financial_pipeline_dag.py
Traceback (most recent call last):
  File "/home/airflow/.local/lib/python3.11/site-packages/airflow/models/dagbag.py", line 351, in parse
    loader.exec_module(new_module)
  File "<frozen importlib._bootstrap_external>", line 940, in exec_module
  File "<frozen importlib._bootstrap>", line 241, in _call_with_frames_removed
  File "/opt/airflow/dags/financial_pipeline_dag.py", line 115, in <module>
    dbt_stg_overview = make_dbt_group("dbt_stg_overview", "stg_overview")
                       ^^^^^^^^^^^^^^^^^^^^^^^^^^^^^^^^^^^^^^^^^^^^^^^^^^
  File "/opt/airflow/dags/financial_pipeline_dag.py", line 102, in make_dbt_group
    return DbtTaskGroup(
           ^^^^^^^^^^^^^
  File "/home/airflow/.local/lib/python3.11/site-packages/cosmos/airflow/task_group.py", line 28, in __init__
    DbtToAirflowConverter.__init__(self, *args, **specific_kwargs(**kwargs))
  File "/home/airflow/.local/lib/python3.11/site-packages/cosmos/converter.py", line 261, in __init__
    self.dbt_graph.load(method=render_config.load_method, execution_mode=execution_config.execution_mode)
  File "/home/airflow/.local/lib/python3.11/site-packages/cosmos/dbt/graph.py", line 440, in load
    load_method[method]()
  File "/home/airflow/.local/lib/python3.11/site-packages/cosmos/dbt/graph.py", line 748, in load_from_dbt_manifest
    config=node_dict["config"],
           ~~~~~~~~~^^^^^^^^^^
KeyError: 'config'
[2026-09-08T01:21:05.002+0000] {processor.py:842} WARNING - No viable dags retrieved from /opt/airflow/dags/financial_pipeline_dag.py
[2026-09-08T01:21:05.021+0000] {processor.py:183} INFO - Processing /opt/airflow/dags/financial_pipeline_dag.py took 0.189 seconds
[2026-09-08T01:21:18.175+0000] {processor.py:161} INFO - Started process (PID=180) to work on /opt/airflow/dags/financial_pipeline_dag.py
[2026-09-08T01:21:18.176+0000] {processor.py:830} INFO - Processing file /opt/airflow/dags/financial_pipeline_dag.py for tasks to queue
[2026-09-08T01:21:18.178+0000] {logging_mixin.py:188} INFO - [2026-09-08T01:21:18.177+0000] {dagbag.py:545} INFO - Filling up the DagBag from /opt/airflow/dags/financial_pipeline_dag.py
[2026-09-08T01:21:18.305+0000] {logging_mixin.py:188} INFO - [2026-09-08T01:21:18.305+0000] {graph.py:719} INFO - Trying to parse the dbt project `transformations` using a dbt manifest...
[2026-09-08T01:21:18.326+0000] {logging_mixin.py:188} INFO - [2026-09-08T01:21:18.321+0000] {dagbag.py:355} ERROR - Failed to import: /opt/airflow/dags/financial_pipeline_dag.py
Traceback (most recent call last):
  File "/home/airflow/.local/lib/python3.11/site-packages/airflow/models/dagbag.py", line 351, in parse
    loader.exec_module(new_module)
  File "<frozen importlib._bootstrap_external>", line 940, in exec_module
  File "<frozen importlib._bootstrap>", line 241, in _call_with_frames_removed
  File "/opt/airflow/dags/financial_pipeline_dag.py", line 115, in <module>
    dbt_stg_overview = make_dbt_group("dbt_stg_overview", "stg_overview")
                       ^^^^^^^^^^^^^^^^^^^^^^^^^^^^^^^^^^^^^^^^^^^^^^^^^^
  File "/opt/airflow/dags/financial_pipeline_dag.py", line 102, in make_dbt_group
    return DbtTaskGroup(
           ^^^^^^^^^^^^^
  File "/home/airflow/.local/lib/python3.11/site-packages/cosmos/airflow/task_group.py", line 28, in __init__
    DbtToAirflowConverter.__init__(self, *args, **specific_kwargs(**kwargs))
  File "/home/airflow/.local/lib/python3.11/site-packages/cosmos/converter.py", line 261, in __init__
    self.dbt_graph.load(method=render_config.load_method, execution_mode=execution_config.execution_mode)
  File "/home/airflow/.local/lib/python3.11/site-packages/cosmos/dbt/graph.py", line 440, in load
    load_method[method]()
  File "/home/airflow/.local/lib/python3.11/site-packages/cosmos/dbt/graph.py", line 748, in load_from_dbt_manifest
    config=node_dict["config"],
           ~~~~~~~~~^^^^^^^^^^
KeyError: 'config'
[2026-09-08T01:21:18.327+0000] {processor.py:842} WARNING - No viable dags retrieved from /opt/airflow/dags/financial_pipeline_dag.py
[2026-09-08T01:21:18.345+0000] {processor.py:183} INFO - Processing /opt/airflow/dags/financial_pipeline_dag.py took 0.179 seconds
[2026-09-08T01:21:32.164+0000] {processor.py:161} INFO - Started process (PID=180) to work on /opt/airflow/dags/financial_pipeline_dag.py
[2026-09-08T01:21:32.166+0000] {processor.py:830} INFO - Processing file /opt/airflow/dags/financial_pipeline_dag.py for tasks to queue
[2026-09-08T01:21:32.167+0000] {logging_mixin.py:188} INFO - [2026-09-08T01:21:32.167+0000] {dagbag.py:545} INFO - Filling up the DagBag from /opt/airflow/dags/financial_pipeline_dag.py
[2026-09-08T01:21:32.308+0000] {logging_mixin.py:188} INFO - [2026-09-08T01:21:32.308+0000] {graph.py:719} INFO - Trying to parse the dbt project `transformations` using a dbt manifest...
[2026-09-08T01:21:32.328+0000] {logging_mixin.py:188} INFO - [2026-09-08T01:21:32.324+0000] {dagbag.py:355} ERROR - Failed to import: /opt/airflow/dags/financial_pipeline_dag.py
Traceback (most recent call last):
  File "/home/airflow/.local/lib/python3.11/site-packages/airflow/models/dagbag.py", line 351, in parse
    loader.exec_module(new_module)
  File "<frozen importlib._bootstrap_external>", line 940, in exec_module
  File "<frozen importlib._bootstrap>", line 241, in _call_with_frames_removed
  File "/opt/airflow/dags/financial_pipeline_dag.py", line 115, in <module>
    dbt_stg_overview = make_dbt_group("dbt_stg_overview", "stg_overview")
                       ^^^^^^^^^^^^^^^^^^^^^^^^^^^^^^^^^^^^^^^^^^^^^^^^^^
  File "/opt/airflow/dags/financial_pipeline_dag.py", line 102, in make_dbt_group
    return DbtTaskGroup(
           ^^^^^^^^^^^^^
  File "/home/airflow/.local/lib/python3.11/site-packages/cosmos/airflow/task_group.py", line 28, in __init__
    DbtToAirflowConverter.__init__(self, *args, **specific_kwargs(**kwargs))
  File "/home/airflow/.local/lib/python3.11/site-packages/cosmos/converter.py", line 261, in __init__
    self.dbt_graph.load(method=render_config.load_method, execution_mode=execution_config.execution_mode)
  File "/home/airflow/.local/lib/python3.11/site-packages/cosmos/dbt/graph.py", line 440, in load
    load_method[method]()
  File "/home/airflow/.local/lib/python3.11/site-packages/cosmos/dbt/graph.py", line 748, in load_from_dbt_manifest
    config=node_dict["config"],
           ~~~~~~~~~^^^^^^^^^^
KeyError: 'config'
[2026-09-08T01:21:32.330+0000] {processor.py:842} WARNING - No viable dags retrieved from /opt/airflow/dags/financial_pipeline_dag.py
[2026-09-08T01:21:32.350+0000] {processor.py:183} INFO - Processing /opt/airflow/dags/financial_pipeline_dag.py took 0.193 seconds
[2026-09-08T01:21:45.919+0000] {processor.py:161} INFO - Started process (PID=180) to work on /opt/airflow/dags/financial_pipeline_dag.py
[2026-09-08T01:21:45.920+0000] {processor.py:830} INFO - Processing file /opt/airflow/dags/financial_pipeline_dag.py for tasks to queue
[2026-09-08T01:21:45.922+0000] {logging_mixin.py:188} INFO - [2026-09-08T01:21:45.922+0000] {dagbag.py:545} INFO - Filling up the DagBag from /opt/airflow/dags/financial_pipeline_dag.py
[2026-09-08T01:21:46.065+0000] {logging_mixin.py:188} INFO - [2026-09-08T01:21:46.065+0000] {graph.py:719} INFO - Trying to parse the dbt project `transformations` using a dbt manifest...
[2026-09-08T01:21:46.085+0000] {logging_mixin.py:188} INFO - [2026-09-08T01:21:46.081+0000] {dagbag.py:355} ERROR - Failed to import: /opt/airflow/dags/financial_pipeline_dag.py
Traceback (most recent call last):
  File "/home/airflow/.local/lib/python3.11/site-packages/airflow/models/dagbag.py", line 351, in parse
    loader.exec_module(new_module)
  File "<frozen importlib._bootstrap_external>", line 940, in exec_module
  File "<frozen importlib._bootstrap>", line 241, in _call_with_frames_removed
  File "/opt/airflow/dags/financial_pipeline_dag.py", line 115, in <module>
    dbt_stg_overview = make_dbt_group("dbt_stg_overview", "stg_overview")
                       ^^^^^^^^^^^^^^^^^^^^^^^^^^^^^^^^^^^^^^^^^^^^^^^^^^
  File "/opt/airflow/dags/financial_pipeline_dag.py", line 102, in make_dbt_group
    return DbtTaskGroup(
           ^^^^^^^^^^^^^
  File "/home/airflow/.local/lib/python3.11/site-packages/cosmos/airflow/task_group.py", line 28, in __init__
    DbtToAirflowConverter.__init__(self, *args, **specific_kwargs(**kwargs))
  File "/home/airflow/.local/lib/python3.11/site-packages/cosmos/converter.py", line 261, in __init__
    self.dbt_graph.load(method=render_config.load_method, execution_mode=execution_config.execution_mode)
  File "/home/airflow/.local/lib/python3.11/site-packages/cosmos/dbt/graph.py", line 440, in load
    load_method[method]()
  File "/home/airflow/.local/lib/python3.11/site-packages/cosmos/dbt/graph.py", line 748, in load_from_dbt_manifest
    config=node_dict["config"],
           ~~~~~~~~~^^^^^^^^^^
KeyError: 'config'
[2026-09-08T01:21:46.086+0000] {processor.py:842} WARNING - No viable dags retrieved from /opt/airflow/dags/financial_pipeline_dag.py
[2026-09-08T01:21:46.105+0000] {processor.py:183} INFO - Processing /opt/airflow/dags/financial_pipeline_dag.py took 0.196 seconds
[2026-09-08T01:21:59.329+0000] {processor.py:161} INFO - Started process (PID=180) to work on /opt/airflow/dags/financial_pipeline_dag.py
[2026-09-08T01:21:59.336+0000] {processor.py:830} INFO - Processing file /opt/airflow/dags/financial_pipeline_dag.py for tasks to queue
[2026-09-08T01:21:59.340+0000] {logging_mixin.py:188} INFO - [2026-09-08T01:21:59.339+0000] {dagbag.py:545} INFO - Filling up the DagBag from /opt/airflow/dags/financial_pipeline_dag.py
[2026-09-08T01:21:59.482+0000] {logging_mixin.py:188} INFO - [2026-09-08T01:21:59.482+0000] {graph.py:719} INFO - Trying to parse the dbt project `transformations` using a dbt manifest...
[2026-09-08T01:21:59.501+0000] {logging_mixin.py:188} INFO - [2026-09-08T01:21:59.498+0000] {dagbag.py:355} ERROR - Failed to import: /opt/airflow/dags/financial_pipeline_dag.py
Traceback (most recent call last):
  File "/home/airflow/.local/lib/python3.11/site-packages/airflow/models/dagbag.py", line 351, in parse
    loader.exec_module(new_module)
  File "<frozen importlib._bootstrap_external>", line 940, in exec_module
  File "<frozen importlib._bootstrap>", line 241, in _call_with_frames_removed
  File "/opt/airflow/dags/financial_pipeline_dag.py", line 115, in <module>
    dbt_stg_overview = make_dbt_group("dbt_stg_overview", "stg_overview")
                       ^^^^^^^^^^^^^^^^^^^^^^^^^^^^^^^^^^^^^^^^^^^^^^^^^^
  File "/opt/airflow/dags/financial_pipeline_dag.py", line 102, in make_dbt_group
    return DbtTaskGroup(
           ^^^^^^^^^^^^^
  File "/home/airflow/.local/lib/python3.11/site-packages/cosmos/airflow/task_group.py", line 28, in __init__
    DbtToAirflowConverter.__init__(self, *args, **specific_kwargs(**kwargs))
  File "/home/airflow/.local/lib/python3.11/site-packages/cosmos/converter.py", line 261, in __init__
    self.dbt_graph.load(method=render_config.load_method, execution_mode=execution_config.execution_mode)
  File "/home/airflow/.local/lib/python3.11/site-packages/cosmos/dbt/graph.py", line 440, in load
    load_method[method]()
  File "/home/airflow/.local/lib/python3.11/site-packages/cosmos/dbt/graph.py", line 748, in load_from_dbt_manifest
    config=node_dict["config"],
           ~~~~~~~~~^^^^^^^^^^
KeyError: 'config'
[2026-09-08T01:21:59.503+0000] {processor.py:842} WARNING - No viable dags retrieved from /opt/airflow/dags/financial_pipeline_dag.py
[2026-09-08T01:21:59.524+0000] {processor.py:183} INFO - Processing /opt/airflow/dags/financial_pipeline_dag.py took 0.204 seconds
[2026-09-08T01:22:12.946+0000] {processor.py:161} INFO - Started process (PID=180) to work on /opt/airflow/dags/financial_pipeline_dag.py
[2026-09-08T01:22:12.948+0000] {processor.py:830} INFO - Processing file /opt/airflow/dags/financial_pipeline_dag.py for tasks to queue
[2026-09-08T01:22:12.950+0000] {logging_mixin.py:188} INFO - [2026-09-08T01:22:12.949+0000] {dagbag.py:545} INFO - Filling up the DagBag from /opt/airflow/dags/financial_pipeline_dag.py
[2026-09-08T01:22:13.077+0000] {logging_mixin.py:188} INFO - [2026-09-08T01:22:13.077+0000] {graph.py:719} INFO - Trying to parse the dbt project `transformations` using a dbt manifest...
[2026-09-08T01:22:13.099+0000] {logging_mixin.py:188} INFO - [2026-09-08T01:22:13.094+0000] {dagbag.py:355} ERROR - Failed to import: /opt/airflow/dags/financial_pipeline_dag.py
Traceback (most recent call last):
  File "/home/airflow/.local/lib/python3.11/site-packages/airflow/models/dagbag.py", line 351, in parse
    loader.exec_module(new_module)
  File "<frozen importlib._bootstrap_external>", line 940, in exec_module
  File "<frozen importlib._bootstrap>", line 241, in _call_with_frames_removed
  File "/opt/airflow/dags/financial_pipeline_dag.py", line 115, in <module>
    dbt_stg_overview = make_dbt_group("dbt_stg_overview", "stg_overview")
                       ^^^^^^^^^^^^^^^^^^^^^^^^^^^^^^^^^^^^^^^^^^^^^^^^^^
  File "/opt/airflow/dags/financial_pipeline_dag.py", line 102, in make_dbt_group
    return DbtTaskGroup(
           ^^^^^^^^^^^^^
  File "/home/airflow/.local/lib/python3.11/site-packages/cosmos/airflow/task_group.py", line 28, in __init__
    DbtToAirflowConverter.__init__(self, *args, **specific_kwargs(**kwargs))
  File "/home/airflow/.local/lib/python3.11/site-packages/cosmos/converter.py", line 261, in __init__
    self.dbt_graph.load(method=render_config.load_method, execution_mode=execution_config.execution_mode)
  File "/home/airflow/.local/lib/python3.11/site-packages/cosmos/dbt/graph.py", line 440, in load
    load_method[method]()
  File "/home/airflow/.local/lib/python3.11/site-packages/cosmos/dbt/graph.py", line 748, in load_from_dbt_manifest
    config=node_dict["config"],
           ~~~~~~~~~^^^^^^^^^^
KeyError: 'config'
[2026-09-08T01:22:13.100+0000] {processor.py:842} WARNING - No viable dags retrieved from /opt/airflow/dags/financial_pipeline_dag.py
[2026-09-08T01:22:13.118+0000] {processor.py:183} INFO - Processing /opt/airflow/dags/financial_pipeline_dag.py took 0.181 seconds
[2026-09-08T01:22:26.220+0000] {processor.py:161} INFO - Started process (PID=180) to work on /opt/airflow/dags/financial_pipeline_dag.py
[2026-09-08T01:22:26.222+0000] {processor.py:830} INFO - Processing file /opt/airflow/dags/financial_pipeline_dag.py for tasks to queue
[2026-09-08T01:22:26.224+0000] {logging_mixin.py:188} INFO - [2026-09-08T01:22:26.223+0000] {dagbag.py:545} INFO - Filling up the DagBag from /opt/airflow/dags/financial_pipeline_dag.py
[2026-09-08T01:22:26.368+0000] {logging_mixin.py:188} INFO - [2026-09-08T01:22:26.368+0000] {graph.py:719} INFO - Trying to parse the dbt project `transformations` using a dbt manifest...
[2026-09-08T01:22:26.388+0000] {logging_mixin.py:188} INFO - [2026-09-08T01:22:26.384+0000] {dagbag.py:355} ERROR - Failed to import: /opt/airflow/dags/financial_pipeline_dag.py
Traceback (most recent call last):
  File "/home/airflow/.local/lib/python3.11/site-packages/airflow/models/dagbag.py", line 351, in parse
    loader.exec_module(new_module)
  File "<frozen importlib._bootstrap_external>", line 940, in exec_module
  File "<frozen importlib._bootstrap>", line 241, in _call_with_frames_removed
  File "/opt/airflow/dags/financial_pipeline_dag.py", line 115, in <module>
    dbt_stg_overview = make_dbt_group("dbt_stg_overview", "stg_overview")
                       ^^^^^^^^^^^^^^^^^^^^^^^^^^^^^^^^^^^^^^^^^^^^^^^^^^
  File "/opt/airflow/dags/financial_pipeline_dag.py", line 102, in make_dbt_group
    return DbtTaskGroup(
           ^^^^^^^^^^^^^
  File "/home/airflow/.local/lib/python3.11/site-packages/cosmos/airflow/task_group.py", line 28, in __init__
    DbtToAirflowConverter.__init__(self, *args, **specific_kwargs(**kwargs))
  File "/home/airflow/.local/lib/python3.11/site-packages/cosmos/converter.py", line 261, in __init__
    self.dbt_graph.load(method=render_config.load_method, execution_mode=execution_config.execution_mode)
  File "/home/airflow/.local/lib/python3.11/site-packages/cosmos/dbt/graph.py", line 440, in load
    load_method[method]()
  File "/home/airflow/.local/lib/python3.11/site-packages/cosmos/dbt/graph.py", line 748, in load_from_dbt_manifest
    config=node_dict["config"],
           ~~~~~~~~~^^^^^^^^^^
KeyError: 'config'
[2026-09-08T01:22:26.389+0000] {processor.py:842} WARNING - No viable dags retrieved from /opt/airflow/dags/financial_pipeline_dag.py
[2026-09-08T01:22:26.408+0000] {processor.py:183} INFO - Processing /opt/airflow/dags/financial_pipeline_dag.py took 0.198 seconds
[2026-09-08T01:22:40.833+0000] {processor.py:161} INFO - Started process (PID=180) to work on /opt/airflow/dags/financial_pipeline_dag.py
[2026-09-08T01:22:40.834+0000] {processor.py:830} INFO - Processing file /opt/airflow/dags/financial_pipeline_dag.py for tasks to queue
[2026-09-08T01:22:40.836+0000] {logging_mixin.py:188} INFO - [2026-09-08T01:22:40.836+0000] {dagbag.py:545} INFO - Filling up the DagBag from /opt/airflow/dags/financial_pipeline_dag.py
[2026-09-08T01:22:40.966+0000] {logging_mixin.py:188} INFO - [2026-09-08T01:22:40.966+0000] {graph.py:719} INFO - Trying to parse the dbt project `transformations` using a dbt manifest...
[2026-09-08T01:22:40.988+0000] {logging_mixin.py:188} INFO - [2026-09-08T01:22:40.984+0000] {dagbag.py:355} ERROR - Failed to import: /opt/airflow/dags/financial_pipeline_dag.py
Traceback (most recent call last):
  File "/home/airflow/.local/lib/python3.11/site-packages/airflow/models/dagbag.py", line 351, in parse
    loader.exec_module(new_module)
  File "<frozen importlib._bootstrap_external>", line 940, in exec_module
  File "<frozen importlib._bootstrap>", line 241, in _call_with_frames_removed
  File "/opt/airflow/dags/financial_pipeline_dag.py", line 115, in <module>
    dbt_stg_overview = make_dbt_group("dbt_stg_overview", "stg_overview")
                       ^^^^^^^^^^^^^^^^^^^^^^^^^^^^^^^^^^^^^^^^^^^^^^^^^^
  File "/opt/airflow/dags/financial_pipeline_dag.py", line 102, in make_dbt_group
    return DbtTaskGroup(
           ^^^^^^^^^^^^^
  File "/home/airflow/.local/lib/python3.11/site-packages/cosmos/airflow/task_group.py", line 28, in __init__
    DbtToAirflowConverter.__init__(self, *args, **specific_kwargs(**kwargs))
  File "/home/airflow/.local/lib/python3.11/site-packages/cosmos/converter.py", line 261, in __init__
    self.dbt_graph.load(method=render_config.load_method, execution_mode=execution_config.execution_mode)
  File "/home/airflow/.local/lib/python3.11/site-packages/cosmos/dbt/graph.py", line 440, in load
    load_method[method]()
  File "/home/airflow/.local/lib/python3.11/site-packages/cosmos/dbt/graph.py", line 748, in load_from_dbt_manifest
    config=node_dict["config"],
           ~~~~~~~~~^^^^^^^^^^
KeyError: 'config'
[2026-09-08T01:22:40.989+0000] {processor.py:842} WARNING - No viable dags retrieved from /opt/airflow/dags/financial_pipeline_dag.py
[2026-09-08T01:22:41.010+0000] {processor.py:183} INFO - Processing /opt/airflow/dags/financial_pipeline_dag.py took 0.187 seconds
[2026-09-08T01:22:55.170+0000] {processor.py:161} INFO - Started process (PID=180) to work on /opt/airflow/dags/financial_pipeline_dag.py
[2026-09-08T01:22:55.171+0000] {processor.py:830} INFO - Processing file /opt/airflow/dags/financial_pipeline_dag.py for tasks to queue
[2026-09-08T01:22:55.173+0000] {logging_mixin.py:188} INFO - [2026-09-08T01:22:55.172+0000] {dagbag.py:545} INFO - Filling up the DagBag from /opt/airflow/dags/financial_pipeline_dag.py
[2026-09-08T01:22:55.321+0000] {logging_mixin.py:188} INFO - [2026-09-08T01:22:55.321+0000] {graph.py:719} INFO - Trying to parse the dbt project `transformations` using a dbt manifest...
[2026-09-08T01:22:55.342+0000] {logging_mixin.py:188} INFO - [2026-09-08T01:22:55.338+0000] {dagbag.py:355} ERROR - Failed to import: /opt/airflow/dags/financial_pipeline_dag.py
Traceback (most recent call last):
  File "/home/airflow/.local/lib/python3.11/site-packages/airflow/models/dagbag.py", line 351, in parse
    loader.exec_module(new_module)
  File "<frozen importlib._bootstrap_external>", line 940, in exec_module
  File "<frozen importlib._bootstrap>", line 241, in _call_with_frames_removed
  File "/opt/airflow/dags/financial_pipeline_dag.py", line 115, in <module>
    dbt_stg_overview = make_dbt_group("dbt_stg_overview", "stg_overview")
                       ^^^^^^^^^^^^^^^^^^^^^^^^^^^^^^^^^^^^^^^^^^^^^^^^^^
  File "/opt/airflow/dags/financial_pipeline_dag.py", line 102, in make_dbt_group
    return DbtTaskGroup(
           ^^^^^^^^^^^^^
  File "/home/airflow/.local/lib/python3.11/site-packages/cosmos/airflow/task_group.py", line 28, in __init__
    DbtToAirflowConverter.__init__(self, *args, **specific_kwargs(**kwargs))
  File "/home/airflow/.local/lib/python3.11/site-packages/cosmos/converter.py", line 261, in __init__
    self.dbt_graph.load(method=render_config.load_method, execution_mode=execution_config.execution_mode)
  File "/home/airflow/.local/lib/python3.11/site-packages/cosmos/dbt/graph.py", line 440, in load
    load_method[method]()
  File "/home/airflow/.local/lib/python3.11/site-packages/cosmos/dbt/graph.py", line 748, in load_from_dbt_manifest
    config=node_dict["config"],
           ~~~~~~~~~^^^^^^^^^^
KeyError: 'config'
[2026-09-08T01:22:55.344+0000] {processor.py:842} WARNING - No viable dags retrieved from /opt/airflow/dags/financial_pipeline_dag.py
[2026-09-08T01:22:55.364+0000] {processor.py:183} INFO - Processing /opt/airflow/dags/financial_pipeline_dag.py took 0.202 seconds
[2026-09-08T01:23:09.075+0000] {processor.py:161} INFO - Started process (PID=180) to work on /opt/airflow/dags/financial_pipeline_dag.py
[2026-09-08T01:23:09.077+0000] {processor.py:830} INFO - Processing file /opt/airflow/dags/financial_pipeline_dag.py for tasks to queue
[2026-09-08T01:23:09.079+0000] {logging_mixin.py:188} INFO - [2026-09-08T01:23:09.079+0000] {dagbag.py:545} INFO - Filling up the DagBag from /opt/airflow/dags/financial_pipeline_dag.py
[2026-09-08T01:23:09.209+0000] {logging_mixin.py:188} INFO - [2026-09-08T01:23:09.209+0000] {graph.py:719} INFO - Trying to parse the dbt project `transformations` using a dbt manifest...
[2026-09-08T01:23:09.231+0000] {logging_mixin.py:188} INFO - [2026-09-08T01:23:09.227+0000] {dagbag.py:355} ERROR - Failed to import: /opt/airflow/dags/financial_pipeline_dag.py
Traceback (most recent call last):
  File "/home/airflow/.local/lib/python3.11/site-packages/airflow/models/dagbag.py", line 351, in parse
    loader.exec_module(new_module)
  File "<frozen importlib._bootstrap_external>", line 940, in exec_module
  File "<frozen importlib._bootstrap>", line 241, in _call_with_frames_removed
  File "/opt/airflow/dags/financial_pipeline_dag.py", line 115, in <module>
    dbt_stg_overview = make_dbt_group("dbt_stg_overview", "stg_overview")
                       ^^^^^^^^^^^^^^^^^^^^^^^^^^^^^^^^^^^^^^^^^^^^^^^^^^
  File "/opt/airflow/dags/financial_pipeline_dag.py", line 102, in make_dbt_group
    return DbtTaskGroup(
           ^^^^^^^^^^^^^
  File "/home/airflow/.local/lib/python3.11/site-packages/cosmos/airflow/task_group.py", line 28, in __init__
    DbtToAirflowConverter.__init__(self, *args, **specific_kwargs(**kwargs))
  File "/home/airflow/.local/lib/python3.11/site-packages/cosmos/converter.py", line 261, in __init__
    self.dbt_graph.load(method=render_config.load_method, execution_mode=execution_config.execution_mode)
  File "/home/airflow/.local/lib/python3.11/site-packages/cosmos/dbt/graph.py", line 440, in load
    load_method[method]()
  File "/home/airflow/.local/lib/python3.11/site-packages/cosmos/dbt/graph.py", line 748, in load_from_dbt_manifest
    config=node_dict["config"],
           ~~~~~~~~~^^^^^^^^^^
KeyError: 'config'
[2026-09-08T01:23:09.233+0000] {processor.py:842} WARNING - No viable dags retrieved from /opt/airflow/dags/financial_pipeline_dag.py
[2026-09-08T01:23:09.250+0000] {processor.py:183} INFO - Processing /opt/airflow/dags/financial_pipeline_dag.py took 0.184 seconds
[2026-09-08T01:23:24.085+0000] {processor.py:161} INFO - Started process (PID=180) to work on /opt/airflow/dags/financial_pipeline_dag.py
[2026-09-08T01:23:24.086+0000] {processor.py:830} INFO - Processing file /opt/airflow/dags/financial_pipeline_dag.py for tasks to queue
[2026-09-08T01:23:24.088+0000] {logging_mixin.py:188} INFO - [2026-09-08T01:23:24.088+0000] {dagbag.py:545} INFO - Filling up the DagBag from /opt/airflow/dags/financial_pipeline_dag.py
[2026-09-08T01:23:24.236+0000] {logging_mixin.py:188} INFO - [2026-09-08T01:23:24.236+0000] {graph.py:719} INFO - Trying to parse the dbt project `transformations` using a dbt manifest...
[2026-09-08T01:23:24.256+0000] {logging_mixin.py:188} INFO - [2026-09-08T01:23:24.253+0000] {dagbag.py:355} ERROR - Failed to import: /opt/airflow/dags/financial_pipeline_dag.py
Traceback (most recent call last):
  File "/home/airflow/.local/lib/python3.11/site-packages/airflow/models/dagbag.py", line 351, in parse
    loader.exec_module(new_module)
  File "<frozen importlib._bootstrap_external>", line 940, in exec_module
  File "<frozen importlib._bootstrap>", line 241, in _call_with_frames_removed
  File "/opt/airflow/dags/financial_pipeline_dag.py", line 115, in <module>
    dbt_stg_overview = make_dbt_group("dbt_stg_overview", "stg_overview")
                       ^^^^^^^^^^^^^^^^^^^^^^^^^^^^^^^^^^^^^^^^^^^^^^^^^^
  File "/opt/airflow/dags/financial_pipeline_dag.py", line 102, in make_dbt_group
    return DbtTaskGroup(
           ^^^^^^^^^^^^^
  File "/home/airflow/.local/lib/python3.11/site-packages/cosmos/airflow/task_group.py", line 28, in __init__
    DbtToAirflowConverter.__init__(self, *args, **specific_kwargs(**kwargs))
  File "/home/airflow/.local/lib/python3.11/site-packages/cosmos/converter.py", line 261, in __init__
    self.dbt_graph.load(method=render_config.load_method, execution_mode=execution_config.execution_mode)
  File "/home/airflow/.local/lib/python3.11/site-packages/cosmos/dbt/graph.py", line 440, in load
    load_method[method]()
  File "/home/airflow/.local/lib/python3.11/site-packages/cosmos/dbt/graph.py", line 748, in load_from_dbt_manifest
    config=node_dict["config"],
           ~~~~~~~~~^^^^^^^^^^
KeyError: 'config'
[2026-09-08T01:23:24.257+0000] {processor.py:842} WARNING - No viable dags retrieved from /opt/airflow/dags/financial_pipeline_dag.py
[2026-09-08T01:23:24.277+0000] {processor.py:183} INFO - Processing /opt/airflow/dags/financial_pipeline_dag.py took 0.204 seconds
[2026-09-08T01:23:38.980+0000] {processor.py:161} INFO - Started process (PID=180) to work on /opt/airflow/dags/financial_pipeline_dag.py
[2026-09-08T01:23:38.981+0000] {processor.py:830} INFO - Processing file /opt/airflow/dags/financial_pipeline_dag.py for tasks to queue
[2026-09-08T01:23:38.983+0000] {logging_mixin.py:188} INFO - [2026-09-08T01:23:38.983+0000] {dagbag.py:545} INFO - Filling up the DagBag from /opt/airflow/dags/financial_pipeline_dag.py
[2026-09-08T01:23:39.145+0000] {logging_mixin.py:188} INFO - [2026-09-08T01:23:39.145+0000] {graph.py:719} INFO - Trying to parse the dbt project `transformations` using a dbt manifest...
[2026-09-08T01:23:39.167+0000] {logging_mixin.py:188} INFO - [2026-09-08T01:23:39.163+0000] {dagbag.py:355} ERROR - Failed to import: /opt/airflow/dags/financial_pipeline_dag.py
Traceback (most recent call last):
  File "/home/airflow/.local/lib/python3.11/site-packages/airflow/models/dagbag.py", line 351, in parse
    loader.exec_module(new_module)
  File "<frozen importlib._bootstrap_external>", line 940, in exec_module
  File "<frozen importlib._bootstrap>", line 241, in _call_with_frames_removed
  File "/opt/airflow/dags/financial_pipeline_dag.py", line 115, in <module>
    dbt_stg_overview = make_dbt_group("dbt_stg_overview", "stg_overview")
                       ^^^^^^^^^^^^^^^^^^^^^^^^^^^^^^^^^^^^^^^^^^^^^^^^^^
  File "/opt/airflow/dags/financial_pipeline_dag.py", line 102, in make_dbt_group
    return DbtTaskGroup(
           ^^^^^^^^^^^^^
  File "/home/airflow/.local/lib/python3.11/site-packages/cosmos/airflow/task_group.py", line 28, in __init__
    DbtToAirflowConverter.__init__(self, *args, **specific_kwargs(**kwargs))
  File "/home/airflow/.local/lib/python3.11/site-packages/cosmos/converter.py", line 261, in __init__
    self.dbt_graph.load(method=render_config.load_method, execution_mode=execution_config.execution_mode)
  File "/home/airflow/.local/lib/python3.11/site-packages/cosmos/dbt/graph.py", line 440, in load
    load_method[method]()
  File "/home/airflow/.local/lib/python3.11/site-packages/cosmos/dbt/graph.py", line 748, in load_from_dbt_manifest
    config=node_dict["config"],
           ~~~~~~~~~^^^^^^^^^^
KeyError: 'config'
[2026-09-08T01:23:39.168+0000] {processor.py:842} WARNING - No viable dags retrieved from /opt/airflow/dags/financial_pipeline_dag.py
[2026-09-08T01:23:39.188+0000] {processor.py:183} INFO - Processing /opt/airflow/dags/financial_pipeline_dag.py took 0.218 seconds
[2026-09-08T01:23:54.758+0000] {processor.py:161} INFO - Started process (PID=181) to work on /opt/airflow/dags/financial_pipeline_dag.py
[2026-09-08T01:23:54.759+0000] {processor.py:830} INFO - Processing file /opt/airflow/dags/financial_pipeline_dag.py for tasks to queue
[2026-09-08T01:23:54.762+0000] {logging_mixin.py:188} INFO - [2026-09-08T01:23:54.761+0000] {dagbag.py:545} INFO - Filling up the DagBag from /opt/airflow/dags/financial_pipeline_dag.py
[2026-09-08T01:23:54.944+0000] {logging_mixin.py:188} INFO - [2026-09-08T01:23:54.944+0000] {graph.py:719} INFO - Trying to parse the dbt project `transformations` using a dbt manifest...
[2026-09-08T01:23:54.967+0000] {logging_mixin.py:188} INFO - [2026-09-08T01:23:54.963+0000] {dagbag.py:355} ERROR - Failed to import: /opt/airflow/dags/financial_pipeline_dag.py
Traceback (most recent call last):
  File "/home/airflow/.local/lib/python3.11/site-packages/airflow/models/dagbag.py", line 351, in parse
    loader.exec_module(new_module)
  File "<frozen importlib._bootstrap_external>", line 940, in exec_module
  File "<frozen importlib._bootstrap>", line 241, in _call_with_frames_removed
  File "/opt/airflow/dags/financial_pipeline_dag.py", line 115, in <module>
    dbt_stg_overview = make_dbt_group("dbt_stg_overview", "stg_overview")
                       ^^^^^^^^^^^^^^^^^^^^^^^^^^^^^^^^^^^^^^^^^^^^^^^^^^
  File "/opt/airflow/dags/financial_pipeline_dag.py", line 102, in make_dbt_group
    return DbtTaskGroup(
           ^^^^^^^^^^^^^
  File "/home/airflow/.local/lib/python3.11/site-packages/cosmos/airflow/task_group.py", line 28, in __init__
    DbtToAirflowConverter.__init__(self, *args, **specific_kwargs(**kwargs))
  File "/home/airflow/.local/lib/python3.11/site-packages/cosmos/converter.py", line 261, in __init__
    self.dbt_graph.load(method=render_config.load_method, execution_mode=execution_config.execution_mode)
  File "/home/airflow/.local/lib/python3.11/site-packages/cosmos/dbt/graph.py", line 440, in load
    load_method[method]()
  File "/home/airflow/.local/lib/python3.11/site-packages/cosmos/dbt/graph.py", line 748, in load_from_dbt_manifest
    config=node_dict["config"],
           ~~~~~~~~~^^^^^^^^^^
KeyError: 'config'
[2026-09-08T01:23:54.968+0000] {processor.py:842} WARNING - No viable dags retrieved from /opt/airflow/dags/financial_pipeline_dag.py
[2026-09-08T01:23:54.989+0000] {processor.py:183} INFO - Processing /opt/airflow/dags/financial_pipeline_dag.py took 0.239 seconds
[2026-09-08T01:24:14.213+0000] {processor.py:161} INFO - Started process (PID=180) to work on /opt/airflow/dags/financial_pipeline_dag.py
[2026-09-08T01:24:14.215+0000] {processor.py:830} INFO - Processing file /opt/airflow/dags/financial_pipeline_dag.py for tasks to queue
[2026-09-08T01:24:14.217+0000] {logging_mixin.py:188} INFO - [2026-09-08T01:24:14.216+0000] {dagbag.py:545} INFO - Filling up the DagBag from /opt/airflow/dags/financial_pipeline_dag.py
[2026-09-08T01:24:14.421+0000] {logging_mixin.py:188} INFO - [2026-09-08T01:24:14.421+0000] {graph.py:719} INFO - Trying to parse the dbt project `transformations` using a dbt manifest...
[2026-09-08T01:24:14.445+0000] {logging_mixin.py:188} INFO - [2026-09-08T01:24:14.440+0000] {dagbag.py:355} ERROR - Failed to import: /opt/airflow/dags/financial_pipeline_dag.py
Traceback (most recent call last):
  File "/home/airflow/.local/lib/python3.11/site-packages/airflow/models/dagbag.py", line 351, in parse
    loader.exec_module(new_module)
  File "<frozen importlib._bootstrap_external>", line 940, in exec_module
  File "<frozen importlib._bootstrap>", line 241, in _call_with_frames_removed
  File "/opt/airflow/dags/financial_pipeline_dag.py", line 115, in <module>
    dbt_stg_overview = make_dbt_group("dbt_stg_overview", "stg_overview")
                       ^^^^^^^^^^^^^^^^^^^^^^^^^^^^^^^^^^^^^^^^^^^^^^^^^^
  File "/opt/airflow/dags/financial_pipeline_dag.py", line 102, in make_dbt_group
    return DbtTaskGroup(
           ^^^^^^^^^^^^^
  File "/home/airflow/.local/lib/python3.11/site-packages/cosmos/airflow/task_group.py", line 28, in __init__
    DbtToAirflowConverter.__init__(self, *args, **specific_kwargs(**kwargs))
  File "/home/airflow/.local/lib/python3.11/site-packages/cosmos/converter.py", line 261, in __init__
    self.dbt_graph.load(method=render_config.load_method, execution_mode=execution_config.execution_mode)
  File "/home/airflow/.local/lib/python3.11/site-packages/cosmos/dbt/graph.py", line 440, in load
    load_method[method]()
  File "/home/airflow/.local/lib/python3.11/site-packages/cosmos/dbt/graph.py", line 748, in load_from_dbt_manifest
    config=node_dict["config"],
           ~~~~~~~~~^^^^^^^^^^
KeyError: 'config'
[2026-09-08T01:24:14.447+0000] {processor.py:842} WARNING - No viable dags retrieved from /opt/airflow/dags/financial_pipeline_dag.py
[2026-09-08T01:24:14.470+0000] {processor.py:183} INFO - Processing /opt/airflow/dags/financial_pipeline_dag.py took 0.267 seconds
[2026-09-08T01:24:30.305+0000] {processor.py:161} INFO - Started process (PID=180) to work on /opt/airflow/dags/financial_pipeline_dag.py
[2026-09-08T01:24:30.306+0000] {processor.py:830} INFO - Processing file /opt/airflow/dags/financial_pipeline_dag.py for tasks to queue
[2026-09-08T01:24:30.309+0000] {logging_mixin.py:188} INFO - [2026-09-08T01:24:30.308+0000] {dagbag.py:545} INFO - Filling up the DagBag from /opt/airflow/dags/financial_pipeline_dag.py
[2026-09-08T01:24:30.487+0000] {logging_mixin.py:188} INFO - [2026-09-08T01:24:30.486+0000] {graph.py:719} INFO - Trying to parse the dbt project `transformations` using a dbt manifest...
[2026-09-08T01:24:30.513+0000] {logging_mixin.py:188} INFO - [2026-09-08T01:24:30.508+0000] {dagbag.py:355} ERROR - Failed to import: /opt/airflow/dags/financial_pipeline_dag.py
Traceback (most recent call last):
  File "/home/airflow/.local/lib/python3.11/site-packages/airflow/models/dagbag.py", line 351, in parse
    loader.exec_module(new_module)
  File "<frozen importlib._bootstrap_external>", line 940, in exec_module
  File "<frozen importlib._bootstrap>", line 241, in _call_with_frames_removed
  File "/opt/airflow/dags/financial_pipeline_dag.py", line 115, in <module>
    dbt_stg_overview = make_dbt_group("dbt_stg_overview", "stg_overview")
                       ^^^^^^^^^^^^^^^^^^^^^^^^^^^^^^^^^^^^^^^^^^^^^^^^^^
  File "/opt/airflow/dags/financial_pipeline_dag.py", line 102, in make_dbt_group
    return DbtTaskGroup(
           ^^^^^^^^^^^^^
  File "/home/airflow/.local/lib/python3.11/site-packages/cosmos/airflow/task_group.py", line 28, in __init__
    DbtToAirflowConverter.__init__(self, *args, **specific_kwargs(**kwargs))
  File "/home/airflow/.local/lib/python3.11/site-packages/cosmos/converter.py", line 261, in __init__
    self.dbt_graph.load(method=render_config.load_method, execution_mode=execution_config.execution_mode)
  File "/home/airflow/.local/lib/python3.11/site-packages/cosmos/dbt/graph.py", line 440, in load
    load_method[method]()
  File "/home/airflow/.local/lib/python3.11/site-packages/cosmos/dbt/graph.py", line 748, in load_from_dbt_manifest
    config=node_dict["config"],
           ~~~~~~~~~^^^^^^^^^^
KeyError: 'config'
[2026-09-08T01:24:30.515+0000] {processor.py:842} WARNING - No viable dags retrieved from /opt/airflow/dags/financial_pipeline_dag.py
[2026-09-08T01:24:30.539+0000] {processor.py:183} INFO - Processing /opt/airflow/dags/financial_pipeline_dag.py took 0.245 seconds
[2026-09-08T01:24:45.190+0000] {processor.py:161} INFO - Started process (PID=180) to work on /opt/airflow/dags/financial_pipeline_dag.py
[2026-09-08T01:24:45.194+0000] {processor.py:830} INFO - Processing file /opt/airflow/dags/financial_pipeline_dag.py for tasks to queue
[2026-09-08T01:24:45.202+0000] {logging_mixin.py:188} INFO - [2026-09-08T01:24:45.202+0000] {dagbag.py:545} INFO - Filling up the DagBag from /opt/airflow/dags/financial_pipeline_dag.py
[2026-09-08T01:24:45.407+0000] {logging_mixin.py:188} INFO - [2026-09-08T01:24:45.407+0000] {graph.py:719} INFO - Trying to parse the dbt project `transformations` using a dbt manifest...
[2026-09-08T01:24:45.431+0000] {logging_mixin.py:188} INFO - [2026-09-08T01:24:45.426+0000] {dagbag.py:355} ERROR - Failed to import: /opt/airflow/dags/financial_pipeline_dag.py
Traceback (most recent call last):
  File "/home/airflow/.local/lib/python3.11/site-packages/airflow/models/dagbag.py", line 351, in parse
    loader.exec_module(new_module)
  File "<frozen importlib._bootstrap_external>", line 940, in exec_module
  File "<frozen importlib._bootstrap>", line 241, in _call_with_frames_removed
  File "/opt/airflow/dags/financial_pipeline_dag.py", line 115, in <module>
    dbt_stg_overview = make_dbt_group("dbt_stg_overview", "stg_overview")
                       ^^^^^^^^^^^^^^^^^^^^^^^^^^^^^^^^^^^^^^^^^^^^^^^^^^
  File "/opt/airflow/dags/financial_pipeline_dag.py", line 102, in make_dbt_group
    return DbtTaskGroup(
           ^^^^^^^^^^^^^
  File "/home/airflow/.local/lib/python3.11/site-packages/cosmos/airflow/task_group.py", line 28, in __init__
    DbtToAirflowConverter.__init__(self, *args, **specific_kwargs(**kwargs))
  File "/home/airflow/.local/lib/python3.11/site-packages/cosmos/converter.py", line 261, in __init__
    self.dbt_graph.load(method=render_config.load_method, execution_mode=execution_config.execution_mode)
  File "/home/airflow/.local/lib/python3.11/site-packages/cosmos/dbt/graph.py", line 440, in load
    load_method[method]()
  File "/home/airflow/.local/lib/python3.11/site-packages/cosmos/dbt/graph.py", line 748, in load_from_dbt_manifest
    config=node_dict["config"],
           ~~~~~~~~~^^^^^^^^^^
KeyError: 'config'
[2026-09-08T01:24:45.432+0000] {processor.py:842} WARNING - No viable dags retrieved from /opt/airflow/dags/financial_pipeline_dag.py
[2026-09-08T01:24:45.454+0000] {processor.py:183} INFO - Processing /opt/airflow/dags/financial_pipeline_dag.py took 0.273 seconds
[2026-09-08T01:25:01.130+0000] {processor.py:161} INFO - Started process (PID=180) to work on /opt/airflow/dags/financial_pipeline_dag.py
[2026-09-08T01:25:01.132+0000] {processor.py:830} INFO - Processing file /opt/airflow/dags/financial_pipeline_dag.py for tasks to queue
[2026-09-08T01:25:01.135+0000] {logging_mixin.py:188} INFO - [2026-09-08T01:25:01.135+0000] {dagbag.py:545} INFO - Filling up the DagBag from /opt/airflow/dags/financial_pipeline_dag.py
[2026-09-08T01:25:01.298+0000] {logging_mixin.py:188} INFO - [2026-09-08T01:25:01.298+0000] {graph.py:719} INFO - Trying to parse the dbt project `transformations` using a dbt manifest...
[2026-09-08T01:25:01.319+0000] {logging_mixin.py:188} INFO - [2026-09-08T01:25:01.315+0000] {dagbag.py:355} ERROR - Failed to import: /opt/airflow/dags/financial_pipeline_dag.py
Traceback (most recent call last):
  File "/home/airflow/.local/lib/python3.11/site-packages/airflow/models/dagbag.py", line 351, in parse
    loader.exec_module(new_module)
  File "<frozen importlib._bootstrap_external>", line 940, in exec_module
  File "<frozen importlib._bootstrap>", line 241, in _call_with_frames_removed
  File "/opt/airflow/dags/financial_pipeline_dag.py", line 115, in <module>
    dbt_stg_overview = make_dbt_group("dbt_stg_overview", "stg_overview")
                       ^^^^^^^^^^^^^^^^^^^^^^^^^^^^^^^^^^^^^^^^^^^^^^^^^^
  File "/opt/airflow/dags/financial_pipeline_dag.py", line 102, in make_dbt_group
    return DbtTaskGroup(
           ^^^^^^^^^^^^^
  File "/home/airflow/.local/lib/python3.11/site-packages/cosmos/airflow/task_group.py", line 28, in __init__
    DbtToAirflowConverter.__init__(self, *args, **specific_kwargs(**kwargs))
  File "/home/airflow/.local/lib/python3.11/site-packages/cosmos/converter.py", line 261, in __init__
    self.dbt_graph.load(method=render_config.load_method, execution_mode=execution_config.execution_mode)
  File "/home/airflow/.local/lib/python3.11/site-packages/cosmos/dbt/graph.py", line 440, in load
    load_method[method]()
  File "/home/airflow/.local/lib/python3.11/site-packages/cosmos/dbt/graph.py", line 748, in load_from_dbt_manifest
    config=node_dict["config"],
           ~~~~~~~~~^^^^^^^^^^
KeyError: 'config'
[2026-09-08T01:25:01.320+0000] {processor.py:842} WARNING - No viable dags retrieved from /opt/airflow/dags/financial_pipeline_dag.py
[2026-09-08T01:25:01.339+0000] {processor.py:183} INFO - Processing /opt/airflow/dags/financial_pipeline_dag.py took 0.218 seconds
[2026-09-08T01:25:16.373+0000] {processor.py:161} INFO - Started process (PID=180) to work on /opt/airflow/dags/financial_pipeline_dag.py
[2026-09-08T01:25:16.375+0000] {processor.py:830} INFO - Processing file /opt/airflow/dags/financial_pipeline_dag.py for tasks to queue
[2026-09-08T01:25:16.378+0000] {logging_mixin.py:188} INFO - [2026-09-08T01:25:16.377+0000] {dagbag.py:545} INFO - Filling up the DagBag from /opt/airflow/dags/financial_pipeline_dag.py
[2026-09-08T01:25:16.536+0000] {logging_mixin.py:188} INFO - [2026-09-08T01:25:16.536+0000] {graph.py:719} INFO - Trying to parse the dbt project `transformations` using a dbt manifest...
[2026-09-08T01:25:16.558+0000] {logging_mixin.py:188} INFO - [2026-09-08T01:25:16.554+0000] {dagbag.py:355} ERROR - Failed to import: /opt/airflow/dags/financial_pipeline_dag.py
Traceback (most recent call last):
  File "/home/airflow/.local/lib/python3.11/site-packages/airflow/models/dagbag.py", line 351, in parse
    loader.exec_module(new_module)
  File "<frozen importlib._bootstrap_external>", line 940, in exec_module
  File "<frozen importlib._bootstrap>", line 241, in _call_with_frames_removed
  File "/opt/airflow/dags/financial_pipeline_dag.py", line 115, in <module>
    dbt_stg_overview = make_dbt_group("dbt_stg_overview", "stg_overview")
                       ^^^^^^^^^^^^^^^^^^^^^^^^^^^^^^^^^^^^^^^^^^^^^^^^^^
  File "/opt/airflow/dags/financial_pipeline_dag.py", line 102, in make_dbt_group
    return DbtTaskGroup(
           ^^^^^^^^^^^^^
  File "/home/airflow/.local/lib/python3.11/site-packages/cosmos/airflow/task_group.py", line 28, in __init__
    DbtToAirflowConverter.__init__(self, *args, **specific_kwargs(**kwargs))
  File "/home/airflow/.local/lib/python3.11/site-packages/cosmos/converter.py", line 261, in __init__
    self.dbt_graph.load(method=render_config.load_method, execution_mode=execution_config.execution_mode)
  File "/home/airflow/.local/lib/python3.11/site-packages/cosmos/dbt/graph.py", line 440, in load
    load_method[method]()
  File "/home/airflow/.local/lib/python3.11/site-packages/cosmos/dbt/graph.py", line 748, in load_from_dbt_manifest
    config=node_dict["config"],
           ~~~~~~~~~^^^^^^^^^^
KeyError: 'config'
[2026-09-08T01:25:16.560+0000] {processor.py:842} WARNING - No viable dags retrieved from /opt/airflow/dags/financial_pipeline_dag.py
[2026-09-08T01:25:16.584+0000] {processor.py:183} INFO - Processing /opt/airflow/dags/financial_pipeline_dag.py took 0.222 seconds
[2026-09-08T01:25:31.594+0000] {processor.py:161} INFO - Started process (PID=180) to work on /opt/airflow/dags/financial_pipeline_dag.py
[2026-09-08T01:25:31.598+0000] {processor.py:830} INFO - Processing file /opt/airflow/dags/financial_pipeline_dag.py for tasks to queue
[2026-09-08T01:25:31.600+0000] {logging_mixin.py:188} INFO - [2026-09-08T01:25:31.600+0000] {dagbag.py:545} INFO - Filling up the DagBag from /opt/airflow/dags/financial_pipeline_dag.py
[2026-09-08T01:25:31.745+0000] {logging_mixin.py:188} INFO - [2026-09-08T01:25:31.744+0000] {graph.py:719} INFO - Trying to parse the dbt project `transformations` using a dbt manifest...
[2026-09-08T01:25:31.766+0000] {logging_mixin.py:188} INFO - [2026-09-08T01:25:31.762+0000] {dagbag.py:355} ERROR - Failed to import: /opt/airflow/dags/financial_pipeline_dag.py
Traceback (most recent call last):
  File "/home/airflow/.local/lib/python3.11/site-packages/airflow/models/dagbag.py", line 351, in parse
    loader.exec_module(new_module)
  File "<frozen importlib._bootstrap_external>", line 940, in exec_module
  File "<frozen importlib._bootstrap>", line 241, in _call_with_frames_removed
  File "/opt/airflow/dags/financial_pipeline_dag.py", line 115, in <module>
    dbt_stg_overview = make_dbt_group("dbt_stg_overview", "stg_overview")
                       ^^^^^^^^^^^^^^^^^^^^^^^^^^^^^^^^^^^^^^^^^^^^^^^^^^
  File "/opt/airflow/dags/financial_pipeline_dag.py", line 102, in make_dbt_group
    return DbtTaskGroup(
           ^^^^^^^^^^^^^
  File "/home/airflow/.local/lib/python3.11/site-packages/cosmos/airflow/task_group.py", line 28, in __init__
    DbtToAirflowConverter.__init__(self, *args, **specific_kwargs(**kwargs))
  File "/home/airflow/.local/lib/python3.11/site-packages/cosmos/converter.py", line 261, in __init__
    self.dbt_graph.load(method=render_config.load_method, execution_mode=execution_config.execution_mode)
  File "/home/airflow/.local/lib/python3.11/site-packages/cosmos/dbt/graph.py", line 440, in load
    load_method[method]()
  File "/home/airflow/.local/lib/python3.11/site-packages/cosmos/dbt/graph.py", line 748, in load_from_dbt_manifest
    config=node_dict["config"],
           ~~~~~~~~~^^^^^^^^^^
KeyError: 'config'
[2026-09-08T01:25:31.767+0000] {processor.py:842} WARNING - No viable dags retrieved from /opt/airflow/dags/financial_pipeline_dag.py
[2026-09-08T01:25:31.787+0000] {processor.py:183} INFO - Processing /opt/airflow/dags/financial_pipeline_dag.py took 0.200 seconds
[2026-09-08T01:25:47.035+0000] {processor.py:161} INFO - Started process (PID=180) to work on /opt/airflow/dags/financial_pipeline_dag.py
[2026-09-08T01:25:47.037+0000] {processor.py:830} INFO - Processing file /opt/airflow/dags/financial_pipeline_dag.py for tasks to queue
[2026-09-08T01:25:47.040+0000] {logging_mixin.py:188} INFO - [2026-09-08T01:25:47.039+0000] {dagbag.py:545} INFO - Filling up the DagBag from /opt/airflow/dags/financial_pipeline_dag.py
[2026-09-08T01:25:47.189+0000] {logging_mixin.py:188} INFO - [2026-09-08T01:25:47.189+0000] {graph.py:719} INFO - Trying to parse the dbt project `transformations` using a dbt manifest...
[2026-09-08T01:25:47.210+0000] {logging_mixin.py:188} INFO - [2026-09-08T01:25:47.205+0000] {dagbag.py:355} ERROR - Failed to import: /opt/airflow/dags/financial_pipeline_dag.py
Traceback (most recent call last):
  File "/home/airflow/.local/lib/python3.11/site-packages/airflow/models/dagbag.py", line 351, in parse
    loader.exec_module(new_module)
  File "<frozen importlib._bootstrap_external>", line 940, in exec_module
  File "<frozen importlib._bootstrap>", line 241, in _call_with_frames_removed
  File "/opt/airflow/dags/financial_pipeline_dag.py", line 115, in <module>
    dbt_stg_overview = make_dbt_group("dbt_stg_overview", "stg_overview")
                       ^^^^^^^^^^^^^^^^^^^^^^^^^^^^^^^^^^^^^^^^^^^^^^^^^^
  File "/opt/airflow/dags/financial_pipeline_dag.py", line 102, in make_dbt_group
    return DbtTaskGroup(
           ^^^^^^^^^^^^^
  File "/home/airflow/.local/lib/python3.11/site-packages/cosmos/airflow/task_group.py", line 28, in __init__
    DbtToAirflowConverter.__init__(self, *args, **specific_kwargs(**kwargs))
  File "/home/airflow/.local/lib/python3.11/site-packages/cosmos/converter.py", line 261, in __init__
    self.dbt_graph.load(method=render_config.load_method, execution_mode=execution_config.execution_mode)
  File "/home/airflow/.local/lib/python3.11/site-packages/cosmos/dbt/graph.py", line 440, in load
    load_method[method]()
  File "/home/airflow/.local/lib/python3.11/site-packages/cosmos/dbt/graph.py", line 748, in load_from_dbt_manifest
    config=node_dict["config"],
           ~~~~~~~~~^^^^^^^^^^
KeyError: 'config'
[2026-09-08T01:25:47.211+0000] {processor.py:842} WARNING - No viable dags retrieved from /opt/airflow/dags/financial_pipeline_dag.py
[2026-09-08T01:25:47.229+0000] {processor.py:183} INFO - Processing /opt/airflow/dags/financial_pipeline_dag.py took 0.210 seconds
[2026-09-08T01:26:01.706+0000] {processor.py:161} INFO - Started process (PID=185) to work on /opt/airflow/dags/financial_pipeline_dag.py
[2026-09-08T01:26:01.707+0000] {processor.py:830} INFO - Processing file /opt/airflow/dags/financial_pipeline_dag.py for tasks to queue
[2026-09-08T01:26:01.709+0000] {logging_mixin.py:188} INFO - [2026-09-08T01:26:01.709+0000] {dagbag.py:545} INFO - Filling up the DagBag from /opt/airflow/dags/financial_pipeline_dag.py
[2026-09-08T01:26:01.853+0000] {logging_mixin.py:188} INFO - [2026-09-08T01:26:01.853+0000] {graph.py:719} INFO - Trying to parse the dbt project `transformations` using a dbt manifest...
[2026-09-08T01:26:01.878+0000] {logging_mixin.py:188} INFO - [2026-09-08T01:26:01.873+0000] {dagbag.py:355} ERROR - Failed to import: /opt/airflow/dags/financial_pipeline_dag.py
Traceback (most recent call last):
  File "/home/airflow/.local/lib/python3.11/site-packages/airflow/models/dagbag.py", line 351, in parse
    loader.exec_module(new_module)
  File "<frozen importlib._bootstrap_external>", line 940, in exec_module
  File "<frozen importlib._bootstrap>", line 241, in _call_with_frames_removed
  File "/opt/airflow/dags/financial_pipeline_dag.py", line 115, in <module>
    dbt_stg_overview = make_dbt_group("dbt_stg_overview", "stg_overview")
                       ^^^^^^^^^^^^^^^^^^^^^^^^^^^^^^^^^^^^^^^^^^^^^^^^^^
  File "/opt/airflow/dags/financial_pipeline_dag.py", line 102, in make_dbt_group
    return DbtTaskGroup(
           ^^^^^^^^^^^^^
  File "/home/airflow/.local/lib/python3.11/site-packages/cosmos/airflow/task_group.py", line 28, in __init__
    DbtToAirflowConverter.__init__(self, *args, **specific_kwargs(**kwargs))
  File "/home/airflow/.local/lib/python3.11/site-packages/cosmos/converter.py", line 261, in __init__
    self.dbt_graph.load(method=render_config.load_method, execution_mode=execution_config.execution_mode)
  File "/home/airflow/.local/lib/python3.11/site-packages/cosmos/dbt/graph.py", line 440, in load
    load_method[method]()
  File "/home/airflow/.local/lib/python3.11/site-packages/cosmos/dbt/graph.py", line 748, in load_from_dbt_manifest
    config=node_dict["config"],
           ~~~~~~~~~^^^^^^^^^^
KeyError: 'config'
[2026-09-08T01:26:01.880+0000] {processor.py:842} WARNING - No viable dags retrieved from /opt/airflow/dags/financial_pipeline_dag.py
[2026-09-08T01:26:01.905+0000] {processor.py:183} INFO - Processing /opt/airflow/dags/financial_pipeline_dag.py took 0.206 seconds
